-- phpMyAdmin SQL Dump
-- version 4.6.4
-- https://www.phpmyadmin.net/
--
-- Host: localhost:3306
-- Generation Time: Nov 05, 2016 at 02:21 AM
-- Server version: 5.6.28
-- PHP Version: 5.6.25

SET SQL_MODE = "NO_AUTO_VALUE_ON_ZERO";
SET time_zone = "+00:00";

--
-- Database: `wstmall`
--

-- --------------------------------------------------------

--
-- Table structure for table `wst_ads`
--

CREATE TABLE `wst_ads` (
  `adId` int(11) NOT NULL,
  `adPositionId` int(11) DEFAULT NULL,
  `areaId1` int(11) NOT NULL,
  `areaId2` int(11) NOT NULL,
  `adType` tinyint(4) NOT NULL DEFAULT '0',
  `adFile` varchar(150) NOT NULL,
  `adName` varchar(100) NOT NULL,
  `adURL` varchar(150) NOT NULL,
  `adStartDate` date NOT NULL,
  `adEndDate` date NOT NULL,
  `adSort` int(11) NOT NULL DEFAULT '0',
  `adClickNum` int(11) DEFAULT '0',
  `positionType` tinyint(4) DEFAULT '0',
  `areaId3` int(11) DEFAULT '0',
  `communityId` int(11) DEFAULT '0'
) ENGINE=MyISAM DEFAULT CHARSET=utf8;

--
-- Dumping data for table `wst_ads`
--

INSERT INTO `wst_ads` (`adId`, `adPositionId`, `areaId1`, `areaId2`, `adType`, `adFile`, `adName`, `adURL`, `adStartDate`, `adEndDate`, `adSort`, `adClickNum`, `positionType`, `areaId3`, `communityId`) VALUES
(11, 48, 0, 0, 0, 'Upload/adspic/2015-05/554c1350baef2.png', '2f', '', '2015-05-08', '2016-09-02', 2, 0, 0, 0, 0),
(12, 47, 0, 0, 0, 'Upload/adspic/2015-05/554c14217b5c6.png', '1f', '', '2015-05-08', '2016-11-16', 0, 0, 0, 0, 0),
(13, 49, 0, 0, 0, 'Upload/adspic/2015-05/554c145e9e8bb.png', '3f', '', '2015-05-08', '2016-10-12', 0, 0, 0, 0, 0),
(14, 50, 0, 0, 0, 'Upload/adspic/2015-05/554c14bd26cb0.png', '4f', '', '2015-05-08', '2016-09-08', 0, 0, 0, 0, 0),
(15, 51, 0, 0, 0, 'Upload/adspic/2015-05/554c1501603bb.png', '5f', '', '2015-05-08', '2016-10-31', 0, 0, 0, 0, 0),
(16, 52, 0, 0, 0, 'Upload/adspic/2015-05/554c15429d5ee.png', '6f', '', '2015-05-08', '2016-11-10', 0, 0, 0, 0, 0),
(17, -1, 0, 0, 0, 'Upload/adspic/2015-05/554c173b5c57e.jpg', '1', '', '2015-05-08', '2016-07-31', 1, 0, 0, 0, 0),
(18, -1, 0, 0, 0, 'Upload/adspic/2015-05/554c176b931e8.jpg', '2', '', '2015-05-08', '2016-07-31', 2, 0, 0, 0, 0),
(19, -1, 0, 0, 0, 'Upload/adspic/2015-05/554c1785e590c.jpg', '3', '', '2015-05-08', '2017-01-30', 3, 12, 0, 0, 0),
(20, -1, 0, 0, 0, 'Upload/adspic/2015-05/554c179b4a408.jpg', '4', '', '2015-05-08', '2017-01-04', 4, 1, 0, 0, 0),
(21, -1, 0, 0, 0, 'Upload/adspic/2016-10/5811610d344e9.jpg', 'first', '', '2016-10-27', '2018-04-05', 5, 0, 0, 0, 0),
(22, -1, 0, 0, 0, 'Upload/adspic/2016-10/58116136da8c3.jpg', 'scend', '', '2016-10-27', '2018-03-14', 6, 0, 0, 0, 0),
(23, -1, 0, 0, 0, 'Upload/adspic/2016-10/58116159b45fa.jpg', 'three', '', '2016-10-27', '2016-10-27', 7, 0, 0, 0, 0),
(24, 348, 0, 0, 0, 'Upload/adspic/2016-10/581171407e7f6.jpg', '1', '', '2016-10-27', '2017-11-09', 0, 0, 0, 0, 0),
(25, 348, 0, 0, 0, 'Upload/adspic/2016-10/581173d09bccf.jpg', '2', '', '2016-10-27', '2018-03-08', 0, 0, 0, 0, 0),
(26, 348, 0, 0, 0, 'Upload/adspic/2016-10/581173e0b14eb.jpg', '3', '', '2016-10-27', '2018-05-16', 0, 0, 0, 0, 0),
(27, 348, 0, 0, 0, 'Upload/adspic/2016-10/581173f02316f.jpg', '4', '', '2016-10-27', '2018-02-15', 0, 0, 0, 0, 0);

-- --------------------------------------------------------

--
-- Table structure for table `wst_ad_positions`
--

CREATE TABLE `wst_ad_positions` (
  `positionId` int(11) NOT NULL,
  `positionType` tinyint(4) NOT NULL DEFAULT '0',
  `positionName` varchar(100) NOT NULL,
  `positionWidth` int(11) NOT NULL DEFAULT '0',
  `positionHeight` int(11) NOT NULL DEFAULT '0',
  `positionFlag` tinyint(4) NOT NULL DEFAULT '1'
) ENGINE=MyISAM DEFAULT CHARSET=utf8;

--
-- Dumping data for table `wst_ad_positions`
--

INSERT INTO `wst_ad_positions` (`positionId`, `positionType`, `positionName`, `positionWidth`, `positionHeight`, `positionFlag`) VALUES
(1, 0, '首页主广告', 1400, 360, 1),
(2, 0, '品牌汇广告', 1210, 350, 1),
(3, 0, '店铺街广告', 1210, 350, 1),
(4, 2, '微信广告1', 218, 328, 1),
(5, 2, '微信广告2', 218, 164, 1),
(6, 2, '微信广告3', 218, 164, 1),
(7, 2, '微信广告4', 674, 164, 1);

-- --------------------------------------------------------

--
-- Table structure for table `wst_areas`
--

CREATE TABLE `wst_areas` (
  `areaId` int(11) NOT NULL,
  `parentId` int(11) NOT NULL,
  `areaName` varchar(100) NOT NULL,
  `isShow` tinyint(4) NOT NULL DEFAULT '1',
  `areaSort` int(11) NOT NULL DEFAULT '0',
  `areaKey` char(10) NOT NULL,
  `areaType` tinyint(4) NOT NULL DEFAULT '1',
  `areaFlag` tinyint(4) NOT NULL DEFAULT '1'
) ENGINE=MyISAM DEFAULT CHARSET=utf8;

--
-- Dumping data for table `wst_areas`
--

INSERT INTO `wst_areas` (`areaId`, `parentId`, `areaName`, `isShow`, `areaSort`, `areaKey`, `areaType`, `areaFlag`) VALUES
(110000, 0, '北京市', 1, 0, '', 0, 1),
(110100, 110000, '北京市', 1, 0, 'B', 1, 1),
(110101, 110100, '东城区', 1, 0, '', 2, 1),
(110102, 110100, '西城区', 1, 0, '', 2, 1),
(110105, 110100, '朝阳区', 1, 0, '', 2, 1),
(110106, 110100, '丰台区', 1, 0, '', 2, 1),
(110107, 110100, '石景山区', 1, 0, '', 2, 1),
(110108, 110100, '海淀区', 1, 0, '', 2, 1),
(110109, 110100, '门头沟区', 1, 0, '', 2, 1),
(110111, 110100, '房山区', 1, 0, '', 2, 1),
(110112, 110100, '通州区', 1, 0, '', 2, 1),
(110113, 110100, '顺义区', 1, 0, '', 2, 1),
(110114, 110100, '昌平区', 1, 0, '', 2, 1),
(110115, 110100, '大兴区', 1, 0, '', 2, 1),
(110116, 110100, '怀柔区', 1, 0, '', 2, 1),
(110117, 110100, '平谷区', 1, 0, '', 2, 1),
(110228, 110200, '密云县', 1, 0, '', 2, -1),
(110229, 110200, '延庆县', 1, 0, '', 2, -1),
(120000, 0, '天津市', 0, 0, '', 0, 1),
(120101, 120100, '和平区', 0, 0, '', 2, 1),
(120102, 120100, '河东区', 0, 0, '', 2, 1),
(120103, 120100, '河西区', 0, 0, '', 2, 1),
(120104, 120100, '南开区', 0, 0, '', 2, 1),
(120105, 120100, '河北区', 0, 0, '', 2, 1),
(120106, 120100, '红桥区', 0, 0, '', 2, 1),
(120110, 120100, '东丽区', 0, 0, '', 2, 1),
(120111, 120100, '西青区', 0, 0, '', 2, 1),
(120112, 120100, '津南区', 0, 0, '', 2, 1),
(120113, 120100, '北辰区', 0, 0, '', 2, 1),
(120114, 120100, '武清区', 0, 0, '', 2, 1),
(120115, 120100, '宝坻区', 0, 0, '', 2, 1),
(120116, 120100, '滨海新区', 0, 0, '', 2, 1),
(120221, 120200, '宁河县', 0, 0, '', 2, 1),
(120223, 120200, '静海县', 0, 0, '', 2, 1),
(120225, 120200, '蓟县', 0, 0, '', 2, 1),
(130000, 0, '河北省', 0, 0, '', 0, 1),
(130100, 130000, '石家庄市', 0, 0, 'S', 1, 1),
(130102, 130100, '长安区', 0, 0, '', 2, 1),
(130104, 130100, '桥西区', 0, 0, '', 2, 1),
(130105, 130100, '新华区', 0, 0, '', 2, 1),
(130107, 130100, '井陉矿区', 0, 0, '', 2, 1),
(130108, 130100, '裕华区', 0, 0, '', 2, 1),
(130109, 130100, '藁城区', 0, 0, '', 2, 1),
(130110, 130100, '鹿泉区', 0, 0, '', 2, 1),
(130111, 130100, '栾城区', 0, 0, '', 2, 1),
(130121, 130100, '井陉县', 0, 0, '', 2, 1),
(130123, 130100, '正定县', 0, 0, '', 2, 1),
(130125, 130100, '行唐县', 0, 0, '', 2, 1),
(130126, 130100, '灵寿县', 0, 0, '', 2, 1),
(130127, 130100, '高邑县', 0, 0, '', 2, 1),
(130128, 130100, '深泽县', 0, 0, '', 2, 1),
(130129, 130100, '赞皇县', 0, 0, '', 2, 1),
(130130, 130100, '无极县', 0, 0, '', 2, 1),
(130131, 130100, '平山县', 0, 0, '', 2, 1),
(130132, 130100, '元氏县', 0, 0, '', 2, 1),
(130133, 130100, '赵县', 0, 0, '', 2, 1),
(130181, 130100, '辛集市', 0, 0, '', 2, 1),
(130183, 130100, '晋州市', 0, 0, '', 2, 1),
(130184, 130100, '新乐市', 0, 0, '', 2, 1),
(130200, 130000, '唐山市', 0, 0, 'T', 1, 1),
(130202, 130200, '路南区', 0, 0, '', 2, 1),
(130203, 130200, '路北区', 0, 0, '', 2, 1),
(130204, 130200, '古冶区', 0, 0, '', 2, 1),
(130205, 130200, '开平区', 0, 0, '', 2, 1),
(130207, 130200, '丰南区', 0, 0, '', 2, 1),
(130208, 130200, '丰润区', 0, 0, '', 2, 1),
(130209, 130200, '曹妃甸区', 0, 0, '', 2, 1),
(130223, 130200, '滦县', 0, 0, '', 2, 1),
(130224, 130200, '滦南县', 0, 0, '', 2, 1),
(130225, 130200, '乐亭县', 0, 0, '', 2, 1),
(130227, 130200, '迁西县', 0, 0, '', 2, 1),
(130229, 130200, '玉田县', 0, 0, '', 2, 1),
(130281, 130200, '遵化市', 0, 0, '', 2, 1),
(130283, 130200, '迁安市', 0, 0, '', 2, 1),
(130300, 130000, '秦皇岛市', 0, 0, 'Q', 1, 1),
(130302, 130300, '海港区', 0, 0, '', 2, 1),
(130303, 130300, '山海关区', 0, 0, '', 2, 1),
(130304, 130300, '北戴河区', 0, 0, '', 2, 1),
(130321, 130300, '青龙满族自治县', 0, 0, '', 2, 1),
(130322, 130300, '昌黎县', 0, 0, '', 2, 1),
(130323, 130300, '抚宁县', 0, 0, '', 2, 1),
(130324, 130300, '卢龙县', 0, 0, '', 2, 1),
(130400, 130000, '邯郸市', 0, 0, 'H', 1, 1),
(130402, 130400, '邯山区', 0, 0, '', 2, 1),
(130403, 130400, '丛台区', 0, 0, '', 2, 1),
(130404, 130400, '复兴区', 0, 0, '', 2, 1),
(130406, 130400, '峰峰矿区', 0, 0, '', 2, 1),
(130421, 130400, '邯郸县', 0, 0, '', 2, 1),
(130423, 130400, '临漳县', 0, 0, '', 2, 1),
(130424, 130400, '成安县', 0, 0, '', 2, 1),
(130425, 130400, '大名县', 0, 0, '', 2, 1),
(130426, 130400, '涉县', 0, 0, '', 2, 1),
(130427, 130400, '磁县', 0, 0, '', 2, 1),
(130428, 130400, '肥乡县', 0, 0, '', 2, 1),
(130429, 130400, '永年县', 0, 0, '', 2, 1),
(130430, 130400, '邱县', 0, 0, '', 2, 1),
(130431, 130400, '鸡泽县', 0, 0, '', 2, 1),
(130432, 130400, '广平县', 0, 0, '', 2, 1),
(130433, 130400, '馆陶县', 0, 0, '', 2, 1),
(130434, 130400, '魏县', 0, 0, '', 2, 1),
(130435, 130400, '曲周县', 0, 0, '', 2, 1),
(130481, 130400, '武安市', 0, 0, '', 2, 1),
(130500, 130000, '邢台市', 0, 0, 'X', 1, 1),
(130502, 130500, '桥东区', 0, 0, '', 2, 1),
(130503, 130500, '桥西区', 0, 0, '', 2, 1),
(130521, 130500, '邢台县', 0, 0, '', 2, 1),
(130522, 130500, '临城县', 0, 0, '', 2, 1),
(130523, 130500, '内丘县', 0, 0, '', 2, 1),
(130524, 130500, '柏乡县', 0, 0, '', 2, 1),
(130525, 130500, '隆尧县', 0, 0, '', 2, 1),
(130526, 130500, '任县', 0, 0, '', 2, 1),
(130527, 130500, '南和县', 0, 0, '', 2, 1),
(130528, 130500, '宁晋县', 0, 0, '', 2, 1),
(130529, 130500, '巨鹿县', 0, 0, '', 2, 1),
(130530, 130500, '新河县', 0, 0, '', 2, 1),
(130531, 130500, '广宗县', 0, 0, '', 2, 1),
(130532, 130500, '平乡县', 0, 0, '', 2, 1),
(130533, 130500, '威县', 0, 0, '', 2, 1),
(130534, 130500, '清河县', 0, 0, '', 2, 1),
(130535, 130500, '临西县', 0, 0, '', 2, 1),
(130581, 130500, '南宫市', 0, 0, '', 2, 1),
(130582, 130500, '沙河市', 0, 0, '', 2, 1),
(130600, 130000, '保定市', 0, 0, 'B', 1, 1),
(130602, 130600, '新市区', 0, 0, '', 2, 1),
(130603, 130600, '北市区', 0, 0, '', 2, 1),
(130604, 130600, '南市区', 0, 0, '', 2, 1),
(130621, 130600, '满城县', 0, 0, '', 2, 1),
(130622, 130600, '清苑县', 0, 0, '', 2, 1),
(130623, 130600, '涞水县', 0, 0, '', 2, 1),
(130624, 130600, '阜平县', 0, 0, '', 2, 1),
(130625, 130600, '徐水县', 0, 0, '', 2, 1),
(130626, 130600, '定兴县', 0, 0, '', 2, 1),
(130627, 130600, '唐县', 0, 0, '', 2, 1),
(130628, 130600, '高阳县', 0, 0, '', 2, 1),
(130629, 130600, '容城县', 0, 0, '', 2, 1),
(130630, 130600, '涞源县', 0, 0, '', 2, 1),
(130631, 130600, '望都县', 0, 0, '', 2, 1),
(130632, 130600, '安新县', 0, 0, '', 2, 1),
(130633, 130600, '易县', 0, 0, '', 2, 1),
(130634, 130600, '曲阳县', 0, 0, '', 2, 1),
(130635, 130600, '蠡县', 0, 0, '', 2, 1),
(130636, 130600, '顺平县', 0, 0, '', 2, 1),
(130637, 130600, '博野县', 0, 0, '', 2, 1),
(130638, 130600, '雄县', 0, 0, '', 2, 1),
(130681, 130600, '涿州市', 0, 0, '', 2, 1),
(130682, 130600, '定州市', 0, 0, '', 2, 1),
(130683, 130600, '安国市', 0, 0, '', 2, 1),
(130684, 130600, '高碑店市', 0, 0, '', 2, 1),
(130700, 130000, '张家口市', 0, 0, 'Z', 1, 1),
(130702, 130700, '桥东区', 0, 0, '', 2, 1),
(130703, 130700, '桥西区', 0, 0, '', 2, 1),
(130705, 130700, '宣化区', 0, 0, '', 2, 1),
(130706, 130700, '下花园区', 0, 0, '', 2, 1),
(130721, 130700, '宣化县', 0, 0, '', 2, 1),
(130722, 130700, '张北县', 0, 0, '', 2, 1),
(130723, 130700, '康保县', 0, 0, '', 2, 1),
(130724, 130700, '沽源县', 0, 0, '', 2, 1),
(130725, 130700, '尚义县', 0, 0, '', 2, 1),
(130726, 130700, '蔚县', 0, 0, '', 2, 1),
(130727, 130700, '阳原县', 0, 0, '', 2, 1),
(130728, 130700, '怀安县', 0, 0, '', 2, 1),
(130729, 130700, '万全县', 0, 0, '', 2, 1),
(130730, 130700, '怀来县', 0, 0, '', 2, 1),
(130731, 130700, '涿鹿县', 0, 0, '', 2, 1),
(130732, 130700, '赤城县', 0, 0, '', 2, 1),
(130733, 130700, '崇礼县', 0, 0, '', 2, 1),
(130800, 130000, '承德市', 0, 0, 'C', 1, 1),
(130802, 130800, '双桥区', 0, 0, '', 2, 1),
(130803, 130800, '双滦区', 0, 0, '', 2, 1),
(130804, 130800, '鹰手营子矿区', 0, 0, '', 2, 1),
(130821, 130800, '承德县', 0, 0, '', 2, 1),
(130822, 130800, '兴隆县', 0, 0, '', 2, 1),
(130823, 130800, '平泉县', 0, 0, '', 2, 1),
(130824, 130800, '滦平县', 0, 0, '', 2, 1),
(130825, 130800, '隆化县', 0, 0, '', 2, 1),
(130826, 130800, '丰宁满族自治县', 0, 0, '', 2, 1),
(130827, 130800, '宽城满族自治县', 0, 0, '', 2, 1),
(130828, 130800, '围场满族蒙古族自治县', 0, 0, '', 2, 1),
(130900, 130000, '沧州市', 0, 0, 'C', 1, 1),
(130902, 130900, '新华区', 0, 0, '', 2, 1),
(130903, 130900, '运河区', 0, 0, '', 2, 1),
(130921, 130900, '沧县', 0, 0, '', 2, 1),
(130922, 130900, '青县', 0, 0, '', 2, 1),
(130923, 130900, '东光县', 0, 0, '', 2, 1),
(130924, 130900, '海兴县', 0, 0, '', 2, 1),
(130925, 130900, '盐山县', 0, 0, '', 2, 1),
(130926, 130900, '肃宁县', 0, 0, '', 2, 1),
(130927, 130900, '南皮县', 0, 0, '', 2, 1),
(130928, 130900, '吴桥县', 0, 0, '', 2, 1),
(130929, 130900, '献县', 0, 0, '', 2, 1),
(130930, 130900, '孟村回族自治县', 0, 0, '', 2, 1),
(130981, 130900, '泊头市', 0, 0, '', 2, 1),
(130982, 130900, '任丘市', 0, 0, '', 2, 1),
(130983, 130900, '黄骅市', 0, 0, '', 2, 1),
(130984, 130900, '河间市', 0, 0, '', 2, 1),
(131000, 130000, '廊坊市', 0, 0, 'L', 1, 1),
(131002, 131000, '安次区', 0, 0, '', 2, 1),
(131003, 131000, '广阳区', 0, 0, '', 2, 1),
(131022, 131000, '固安县', 0, 0, '', 2, 1),
(131023, 131000, '永清县', 0, 0, '', 2, 1),
(131024, 131000, '香河县', 0, 0, '', 2, 1),
(131025, 131000, '大城县', 0, 0, '', 2, 1),
(131026, 131000, '文安县', 0, 0, '', 2, 1),
(131028, 131000, '大厂回族自治县', 0, 0, '', 2, 1),
(131081, 131000, '霸州市', 0, 0, '', 2, 1),
(131082, 131000, '三河市', 0, 0, '', 2, 1),
(131100, 130000, '衡水市', 0, 0, 'H', 1, 1),
(131102, 131100, '桃城区', 0, 0, '', 2, 1),
(131121, 131100, '枣强县', 0, 0, '', 2, 1),
(131122, 131100, '武邑县', 0, 0, '', 2, 1),
(131123, 131100, '武强县', 0, 0, '', 2, 1),
(131124, 131100, '饶阳县', 0, 0, '', 2, 1),
(131125, 131100, '安平县', 0, 0, '', 2, 1),
(131126, 131100, '故城县', 0, 0, '', 2, 1),
(131127, 131100, '景县', 0, 0, '', 2, 1),
(131128, 131100, '阜城县', 0, 0, '', 2, 1),
(131181, 131100, '冀州市', 0, 0, '', 2, 1),
(131182, 131100, '深州市', 0, 0, '', 2, 1),
(140000, 0, '山西省', 0, 0, '', 0, 1),
(140100, 140000, '太原市', 0, 0, 'T', 1, 1),
(140105, 140100, '小店区', 0, 0, '', 2, 1),
(140106, 140100, '迎泽区', 0, 0, '', 2, 1),
(140107, 140100, '杏花岭区', 0, 0, '', 2, 1),
(140108, 140100, '尖草坪区', 0, 0, '', 2, 1),
(140109, 140100, '万柏林区', 0, 0, '', 2, 1),
(140110, 140100, '晋源区', 0, 0, '', 2, 1),
(140121, 140100, '清徐县', 0, 0, '', 2, 1),
(140122, 140100, '阳曲县', 0, 0, '', 2, 1),
(140123, 140100, '娄烦县', 0, 0, '', 2, 1),
(140181, 140100, '古交市', 0, 0, '', 2, 1),
(140200, 140000, '大同市', 0, 0, 'D', 1, 1),
(140202, 140200, '城区', 0, 0, '', 2, 1),
(140203, 140200, '矿区', 0, 0, '', 2, 1),
(140211, 140200, '南郊区', 0, 0, '', 2, 1),
(140212, 140200, '新荣区', 0, 0, '', 2, 1),
(140221, 140200, '阳高县', 0, 0, '', 2, 1),
(140222, 140200, '天镇县', 0, 0, '', 2, 1),
(140223, 140200, '广灵县', 0, 0, '', 2, 1),
(140224, 140200, '灵丘县', 0, 0, '', 2, 1),
(140225, 140200, '浑源县', 0, 0, '', 2, 1),
(140226, 140200, '左云县', 0, 0, '', 2, 1),
(140227, 140200, '大同县', 0, 0, '', 2, 1),
(140300, 140000, '阳泉市', 0, 0, 'Y', 1, 1),
(140302, 140300, '城区', 0, 0, '', 2, 1),
(140303, 140300, '矿区', 0, 0, '', 2, 1),
(140311, 140300, '郊区', 0, 0, '', 2, 1),
(140321, 140300, '平定县', 0, 0, '', 2, 1),
(140322, 140300, '盂县', 0, 0, '', 2, 1),
(140400, 140000, '长治市', 0, 0, 'C', 1, 1),
(140402, 140400, '城区', 0, 0, '', 2, 1),
(140411, 140400, '郊区', 0, 0, '', 2, 1),
(140421, 140400, '长治县', 0, 0, '', 2, 1),
(140423, 140400, '襄垣县', 0, 0, '', 2, 1),
(140424, 140400, '屯留县', 0, 0, '', 2, 1),
(140425, 140400, '平顺县', 0, 0, '', 2, 1),
(140426, 140400, '黎城县', 0, 0, '', 2, 1),
(140427, 140400, '壶关县', 0, 0, '', 2, 1),
(140428, 140400, '长子县', 0, 0, '', 2, 1),
(140429, 140400, '武乡县', 0, 0, '', 2, 1),
(140430, 140400, '沁县', 0, 0, '', 2, 1),
(140431, 140400, '沁源县', 0, 0, '', 2, 1),
(140481, 140400, '潞城市', 0, 0, '', 2, 1),
(140500, 140000, '晋城市', 0, 0, 'J', 1, 1),
(140502, 140500, '城区', 0, 0, '', 2, 1),
(140521, 140500, '沁水县', 0, 0, '', 2, 1),
(140522, 140500, '阳城县', 0, 0, '', 2, 1),
(140524, 140500, '陵川县', 0, 0, '', 2, 1),
(140525, 140500, '泽州县', 0, 0, '', 2, 1),
(140581, 140500, '高平市', 0, 0, '', 2, 1),
(140600, 140000, '朔州市', 0, 0, 'S', 1, 1),
(140602, 140600, '朔城区', 0, 0, '', 2, 1),
(140603, 140600, '平鲁区', 0, 0, '', 2, 1),
(140621, 140600, '山阴县', 0, 0, '', 2, 1),
(140622, 140600, '应县', 0, 0, '', 2, 1),
(140623, 140600, '右玉县', 0, 0, '', 2, 1),
(140624, 140600, '怀仁县', 0, 0, '', 2, 1),
(140700, 140000, '晋中市', 0, 0, 'J', 1, 1),
(140702, 140700, '榆次区', 0, 0, '', 2, 1),
(140721, 140700, '榆社县', 0, 0, '', 2, 1),
(140722, 140700, '左权县', 0, 0, '', 2, 1),
(140723, 140700, '和顺县', 0, 0, '', 2, 1),
(140724, 140700, '昔阳县', 0, 0, '', 2, 1),
(140725, 140700, '寿阳县', 0, 0, '', 2, 1),
(140726, 140700, '太谷县', 0, 0, '', 2, 1),
(140727, 140700, '祁县', 0, 0, '', 2, 1),
(140728, 140700, '平遥县', 0, 0, '', 2, 1),
(140729, 140700, '灵石县', 0, 0, '', 2, 1),
(140781, 140700, '介休市', 0, 0, '', 2, 1),
(140800, 140000, '运城市', 0, 0, 'Y', 1, 1),
(140802, 140800, '盐湖区', 0, 0, '', 2, 1),
(140821, 140800, '临猗县', 0, 0, '', 2, 1),
(140822, 140800, '万荣县', 0, 0, '', 2, 1),
(140823, 140800, '闻喜县', 0, 0, '', 2, 1),
(140824, 140800, '稷山县', 0, 0, '', 2, 1),
(140825, 140800, '新绛县', 0, 0, '', 2, 1),
(140826, 140800, '绛县', 0, 0, '', 2, 1),
(140827, 140800, '垣曲县', 0, 0, '', 2, 1),
(140828, 140800, '夏县', 0, 0, '', 2, 1),
(140829, 140800, '平陆县', 0, 0, '', 2, 1),
(140830, 140800, '芮城县', 0, 0, '', 2, 1),
(140881, 140800, '永济市', 0, 0, '', 2, 1),
(140882, 140800, '河津市', 0, 0, '', 2, 1),
(140900, 140000, '忻州市', 0, 0, 'X', 1, 1),
(140902, 140900, '忻府区', 0, 0, '', 2, 1),
(140921, 140900, '定襄县', 0, 0, '', 2, 1),
(140922, 140900, '五台县', 0, 0, '', 2, 1),
(140923, 140900, '代县', 0, 0, '', 2, 1),
(140924, 140900, '繁峙县', 0, 0, '', 2, 1),
(140925, 140900, '宁武县', 0, 0, '', 2, 1),
(140926, 140900, '静乐县', 0, 0, '', 2, 1),
(140927, 140900, '神池县', 0, 0, '', 2, 1),
(140928, 140900, '五寨县', 0, 0, '', 2, 1),
(140929, 140900, '岢岚县', 0, 0, '', 2, 1),
(140930, 140900, '河曲县', 0, 0, '', 2, 1),
(140931, 140900, '保德县', 0, 0, '', 2, 1),
(140932, 140900, '偏关县', 0, 0, '', 2, 1),
(140981, 140900, '原平市', 0, 0, '', 2, 1),
(141000, 140000, '临汾市', 0, 0, 'L', 1, 1),
(141002, 141000, '尧都区', 0, 0, '', 2, 1),
(141021, 141000, '曲沃县', 0, 0, '', 2, 1),
(141022, 141000, '翼城县', 0, 0, '', 2, 1),
(141023, 141000, '襄汾县', 0, 0, '', 2, 1),
(141024, 141000, '洪洞县', 0, 0, '', 2, 1),
(141025, 141000, '古县', 0, 0, '', 2, 1),
(141026, 141000, '安泽县', 0, 0, '', 2, 1),
(141027, 141000, '浮山县', 0, 0, '', 2, 1),
(141028, 141000, '吉县', 0, 0, '', 2, 1),
(141029, 141000, '乡宁县', 0, 0, '', 2, 1),
(141030, 141000, '大宁县', 0, 0, '', 2, 1),
(141031, 141000, '隰县', 0, 0, '', 2, 1),
(141032, 141000, '永和县', 0, 0, '', 2, 1),
(141033, 141000, '蒲县', 0, 0, '', 2, 1),
(141034, 141000, '汾西县', 0, 0, '', 2, 1),
(141081, 141000, '侯马市', 0, 0, '', 2, 1),
(141082, 141000, '霍州市', 0, 0, '', 2, 1),
(141100, 140000, '吕梁市', 0, 0, 'L', 1, 1),
(141102, 141100, '离石区', 0, 0, '', 2, 1),
(141121, 141100, '文水县', 0, 0, '', 2, 1),
(141122, 141100, '交城县', 0, 0, '', 2, 1),
(141123, 141100, '兴县', 0, 0, '', 2, 1),
(141124, 141100, '临县', 0, 0, '', 2, 1),
(141125, 141100, '柳林县', 0, 0, '', 2, 1),
(141126, 141100, '石楼县', 0, 0, '', 2, 1),
(141127, 141100, '岚县', 0, 0, '', 2, 1),
(141128, 141100, '方山县', 0, 0, '', 2, 1),
(141129, 141100, '中阳县', 0, 0, '', 2, 1),
(141130, 141100, '交口县', 0, 0, '', 2, 1),
(141181, 141100, '孝义市', 0, 0, '', 2, 1),
(141182, 141100, '汾阳市', 0, 0, '', 2, 1),
(150000, 0, '内蒙古自治区', 0, 0, '', 0, 1),
(150100, 150000, '呼和浩特市', 0, 0, 'H', 1, 1),
(150102, 150100, '新城区', 0, 0, '', 2, 1),
(150103, 150100, '回民区', 0, 0, '', 2, 1),
(150104, 150100, '玉泉区', 0, 0, '', 2, 1),
(150105, 150100, '赛罕区', 0, 0, '', 2, 1),
(150121, 150100, '土默特左旗', 0, 0, '', 2, 1),
(150122, 150100, '托克托县', 0, 0, '', 2, 1),
(150123, 150100, '和林格尔县', 0, 0, '', 2, 1),
(150124, 150100, '清水河县', 0, 0, '', 2, 1),
(150125, 150100, '武川县', 0, 0, '', 2, 1),
(150200, 150000, '包头市', 0, 0, 'B', 1, 1),
(150202, 150200, '东河区', 0, 0, '', 2, 1),
(150203, 150200, '昆都仑区', 0, 0, '', 2, 1),
(150204, 150200, '青山区', 0, 0, '', 2, 1),
(150205, 150200, '石拐区', 0, 0, '', 2, 1),
(150206, 150200, '白云鄂博矿区', 0, 0, '', 2, 1),
(150207, 150200, '九原区', 0, 0, '', 2, 1),
(150221, 150200, '土默特右旗', 0, 0, '', 2, 1),
(150222, 150200, '固阳县', 0, 0, '', 2, 1),
(150223, 150200, '达尔罕茂明安联合旗', 0, 0, '', 2, 1),
(150300, 150000, '乌海市', 0, 0, 'W', 1, 1),
(150302, 150300, '海勃湾区', 0, 0, '', 2, 1),
(150303, 150300, '海南区', 0, 0, '', 2, 1),
(150304, 150300, '乌达区', 0, 0, '', 2, 1),
(150400, 150000, '赤峰市', 0, 0, 'C', 1, 1),
(150402, 150400, '红山区', 0, 0, '', 2, 1),
(150403, 150400, '元宝山区', 0, 0, '', 2, 1),
(150404, 150400, '松山区', 0, 0, '', 2, 1),
(150421, 150400, '阿鲁科尔沁旗', 0, 0, '', 2, 1),
(150422, 150400, '巴林左旗', 0, 0, '', 2, 1),
(150423, 150400, '巴林右旗', 0, 0, '', 2, 1),
(150424, 150400, '林西县', 0, 0, '', 2, 1),
(150425, 150400, '克什克腾旗', 0, 0, '', 2, 1),
(150426, 150400, '翁牛特旗', 0, 0, '', 2, 1),
(150428, 150400, '喀喇沁旗', 0, 0, '', 2, 1),
(150429, 150400, '宁城县', 0, 0, '', 2, 1),
(150430, 150400, '敖汉旗', 0, 0, '', 2, 1),
(150500, 150000, '通辽市', 0, 0, 'T', 1, 1),
(150502, 150500, '科尔沁区', 0, 0, '', 2, 1),
(150521, 150500, '科尔沁左翼中旗', 0, 0, '', 2, 1),
(150522, 150500, '科尔沁左翼后旗', 0, 0, '', 2, 1),
(150523, 150500, '开鲁县', 0, 0, '', 2, 1),
(150524, 150500, '库伦旗', 0, 0, '', 2, 1),
(150525, 150500, '奈曼旗', 0, 0, '', 2, 1),
(150526, 150500, '扎鲁特旗', 0, 0, '', 2, 1),
(150581, 150500, '霍林郭勒市', 0, 0, '', 2, 1),
(150600, 150000, '鄂尔多斯市', 0, 0, 'E', 1, 1),
(150602, 150600, '东胜区', 0, 0, '', 2, 1),
(150621, 150600, '达拉特旗', 0, 0, '', 2, 1),
(150622, 150600, '准格尔旗', 0, 0, '', 2, 1),
(150623, 150600, '鄂托克前旗', 0, 0, '', 2, 1),
(150624, 150600, '鄂托克旗', 0, 0, '', 2, 1),
(150625, 150600, '杭锦旗', 0, 0, '', 2, 1),
(150626, 150600, '乌审旗', 0, 0, '', 2, 1),
(150627, 150600, '伊金霍洛旗', 0, 0, '', 2, 1),
(150700, 150000, '呼伦贝尔市', 0, 0, 'H', 1, 1),
(150702, 150700, '海拉尔区', 0, 0, '', 2, 1),
(150703, 150700, '扎赉诺尔区', 0, 0, '', 2, 1),
(150721, 150700, '阿荣旗', 0, 0, '', 2, 1),
(150722, 150700, '莫力达瓦达斡尔族自治旗', 0, 0, '', 2, 1),
(150723, 150700, '鄂伦春自治旗', 0, 0, '', 2, 1),
(150724, 150700, '鄂温克族自治旗', 0, 0, '', 2, 1),
(150725, 150700, '陈巴尔虎旗', 0, 0, '', 2, 1),
(150726, 150700, '新巴尔虎左旗', 0, 0, '', 2, 1),
(150727, 150700, '新巴尔虎右旗', 0, 0, '', 2, 1),
(150781, 150700, '满洲里市', 0, 0, '', 2, 1),
(150782, 150700, '牙克石市', 0, 0, '', 2, 1),
(150783, 150700, '扎兰屯市', 0, 0, '', 2, 1),
(150784, 150700, '额尔古纳市', 0, 0, '', 2, 1),
(150785, 150700, '根河市', 0, 0, '', 2, 1),
(150800, 150000, '巴彦淖尔市', 0, 0, 'B', 1, 1),
(150802, 150800, '临河区', 0, 0, '', 2, 1),
(150821, 150800, '五原县', 0, 0, '', 2, 1),
(150822, 150800, '磴口县', 0, 0, '', 2, 1),
(150823, 150800, '乌拉特前旗', 0, 0, '', 2, 1),
(150824, 150800, '乌拉特中旗', 0, 0, '', 2, 1),
(150825, 150800, '乌拉特后旗', 0, 0, '', 2, 1),
(150826, 150800, '杭锦后旗', 0, 0, '', 2, 1),
(150900, 150000, '乌兰察布市', 0, 0, 'W', 1, 1),
(150902, 150900, '集宁区', 0, 0, '', 2, 1),
(150921, 150900, '卓资县', 0, 0, '', 2, 1),
(150922, 150900, '化德县', 0, 0, '', 2, 1),
(150923, 150900, '商都县', 0, 0, '', 2, 1),
(150924, 150900, '兴和县', 0, 0, '', 2, 1),
(150925, 150900, '凉城县', 0, 0, '', 2, 1),
(150926, 150900, '察哈尔右翼前旗', 0, 0, '', 2, 1),
(150927, 150900, '察哈尔右翼中旗', 0, 0, '', 2, 1),
(150928, 150900, '察哈尔右翼后旗', 0, 0, '', 2, 1),
(150929, 150900, '四子王旗', 0, 0, '', 2, 1),
(150981, 150900, '丰镇市', 0, 0, '', 2, 1),
(152200, 150000, '兴安盟', 0, 0, 'X', 1, 1),
(152201, 152200, '乌兰浩特市', 0, 0, '', 2, 1),
(152202, 152200, '阿尔山市', 0, 0, '', 2, 1),
(152221, 152200, '科尔沁右翼前旗', 0, 0, '', 2, 1),
(152222, 152200, '科尔沁右翼中旗', 0, 0, '', 2, 1),
(152223, 152200, '扎赉特旗', 0, 0, '', 2, 1),
(152224, 152200, '突泉县', 0, 0, '', 2, 1),
(152500, 150000, '锡林郭勒盟', 0, 0, 'X', 1, 1),
(152501, 152500, '二连浩特市', 0, 0, '', 2, 1),
(152502, 152500, '锡林浩特市', 0, 0, '', 2, 1),
(152522, 152500, '阿巴嘎旗', 0, 0, '', 2, 1),
(152523, 152500, '苏尼特左旗', 0, 0, '', 2, 1),
(152524, 152500, '苏尼特右旗', 0, 0, '', 2, 1),
(152525, 152500, '东乌珠穆沁旗', 0, 0, '', 2, 1),
(152526, 152500, '西乌珠穆沁旗', 0, 0, '', 2, 1),
(152527, 152500, '太仆寺旗', 0, 0, '', 2, 1),
(152528, 152500, '镶黄旗', 0, 0, '', 2, 1),
(152529, 152500, '正镶白旗', 0, 0, '', 2, 1),
(152530, 152500, '正蓝旗', 0, 0, '', 2, 1),
(152531, 152500, '多伦县', 0, 0, '', 2, 1),
(152900, 150000, '阿拉善盟', 0, 0, 'A', 1, 1),
(152921, 152900, '阿拉善左旗', 0, 0, '', 2, 1),
(152922, 152900, '阿拉善右旗', 0, 0, '', 2, 1),
(152923, 152900, '额济纳旗', 0, 0, '', 2, 1),
(210000, 0, '辽宁省', 0, 0, '', 0, 1),
(210100, 210000, '沈阳市', 0, 0, 'S', 1, 1),
(210102, 210100, '和平区', 0, 0, '', 2, 1),
(210103, 210100, '沈河区', 0, 0, '', 2, 1),
(210104, 210100, '大东区', 0, 0, '', 2, 1),
(210105, 210100, '皇姑区', 0, 0, '', 2, 1),
(210106, 210100, '铁西区', 0, 0, '', 2, 1),
(210111, 210100, '苏家屯区', 0, 0, '', 2, 1),
(210112, 210100, '浑南区', 0, 0, '', 2, 1),
(210113, 210100, '沈北新区', 0, 0, '', 2, 1),
(210114, 210100, '于洪区', 0, 0, '', 2, 1),
(210122, 210100, '辽中县', 0, 0, '', 2, 1),
(210123, 210100, '康平县', 0, 0, '', 2, 1),
(210124, 210100, '法库县', 0, 0, '', 2, 1),
(210181, 210100, '新民市', 0, 0, '', 2, 1),
(210200, 210000, '大连市', 0, 0, 'D', 1, 1),
(210202, 210200, '中山区', 0, 0, '', 2, 1),
(210203, 210200, '西岗区', 0, 0, '', 2, 1),
(210204, 210200, '沙河口区', 0, 0, '', 2, 1),
(210211, 210200, '甘井子区', 0, 0, '', 2, 1),
(210212, 210200, '旅顺口区', 0, 0, '', 2, 1),
(210213, 210200, '金州区', 0, 0, '', 2, 1),
(210224, 210200, '长海县', 0, 0, '', 2, 1),
(210281, 210200, '瓦房店市', 0, 0, '', 2, 1),
(210282, 210200, '普兰店市', 0, 0, '', 2, 1),
(210283, 210200, '庄河市', 0, 0, '', 2, 1),
(210300, 210000, '鞍山市', 0, 0, 'A', 1, 1),
(210302, 210300, '铁东区', 0, 0, '', 2, 1),
(210303, 210300, '铁西区', 0, 0, '', 2, 1),
(210304, 210300, '立山区', 0, 0, '', 2, 1),
(210311, 210300, '千山区', 0, 0, '', 2, 1),
(210321, 210300, '台安县', 0, 0, '', 2, 1),
(210323, 210300, '岫岩满族自治县', 0, 0, '', 2, 1),
(210381, 210300, '海城市', 0, 0, '', 2, 1),
(210400, 210000, '抚顺市', 0, 0, 'F', 1, 1),
(210402, 210400, '新抚区', 0, 0, '', 2, 1),
(210403, 210400, '东洲区', 0, 0, '', 2, 1),
(210404, 210400, '望花区', 0, 0, '', 2, 1),
(210411, 210400, '顺城区', 0, 0, '', 2, 1),
(210421, 210400, '抚顺县', 0, 0, '', 2, 1),
(210422, 210400, '新宾满族自治县', 0, 0, '', 2, 1),
(210423, 210400, '清原满族自治县', 0, 0, '', 2, 1),
(210500, 210000, '本溪市', 0, 0, 'B', 1, 1),
(210502, 210500, '平山区', 0, 0, '', 2, 1),
(210503, 210500, '溪湖区', 0, 0, '', 2, 1),
(210504, 210500, '明山区', 0, 0, '', 2, 1),
(210505, 210500, '南芬区', 0, 0, '', 2, 1),
(210521, 210500, '本溪满族自治县', 0, 0, '', 2, 1),
(210522, 210500, '桓仁满族自治县', 0, 0, '', 2, 1),
(210600, 210000, '丹东市', 0, 0, 'D', 1, 1),
(210602, 210600, '元宝区', 0, 0, '', 2, 1),
(210603, 210600, '振兴区', 0, 0, '', 2, 1),
(210604, 210600, '振安区', 0, 0, '', 2, 1),
(210624, 210600, '宽甸满族自治县', 0, 0, '', 2, 1),
(210681, 210600, '东港市', 0, 0, '', 2, 1),
(210682, 210600, '凤城市', 0, 0, '', 2, 1),
(210700, 210000, '锦州市', 0, 0, 'M', 1, 1),
(210702, 210700, '古塔区', 0, 0, '', 2, 1),
(210703, 210700, '凌河区', 0, 0, '', 2, 1),
(210711, 210700, '太和区', 0, 0, '', 2, 1),
(210726, 210700, '黑山县', 0, 0, '', 2, 1),
(210727, 210700, '义县', 0, 0, '', 2, 1),
(210781, 210700, '凌海市', 0, 0, '', 2, 1),
(210782, 210700, '北镇市', 0, 0, '', 2, 1),
(210800, 210000, '营口市', 0, 0, 'Y', 1, 1),
(210802, 210800, '站前区', 0, 0, '', 2, 1),
(210803, 210800, '西市区', 0, 0, '', 2, 1),
(210804, 210800, '鲅鱼圈区', 0, 0, '', 2, 1),
(210811, 210800, '老边区', 0, 0, '', 2, 1),
(210881, 210800, '盖州市', 0, 0, '', 2, 1),
(210882, 210800, '大石桥市', 0, 0, '', 2, 1),
(210900, 210000, '阜新市', 0, 0, 'F', 1, 1),
(210902, 210900, '海州区', 0, 0, '', 2, 1),
(210903, 210900, '新邱区', 0, 0, '', 2, 1),
(210904, 210900, '太平区', 0, 0, '', 2, 1),
(210905, 210900, '清河门区', 0, 0, '', 2, 1),
(210911, 210900, '细河区', 0, 0, '', 2, 1),
(210921, 210900, '阜新蒙古族自治县', 0, 0, '', 2, 1),
(210922, 210900, '彰武县', 0, 0, '', 2, 1),
(211000, 210000, '辽阳市', 0, 0, 'L', 1, 1),
(211002, 211000, '白塔区', 0, 0, '', 2, 1),
(211003, 211000, '文圣区', 0, 0, '', 2, 1),
(211004, 211000, '宏伟区', 0, 0, '', 2, 1),
(211005, 211000, '弓长岭区', 0, 0, '', 2, 1),
(211011, 211000, '太子河区', 0, 0, '', 2, 1),
(211021, 211000, '辽阳县', 0, 0, '', 2, 1),
(211081, 211000, '灯塔市', 0, 0, '', 2, 1),
(211100, 210000, '盘锦市', 0, 0, 'P', 1, 1),
(211102, 211100, '双台子区', 0, 0, '', 2, 1),
(211103, 211100, '兴隆台区', 0, 0, '', 2, 1),
(211121, 211100, '大洼县', 0, 0, '', 2, 1),
(211122, 211100, '盘山县', 0, 0, '', 2, 1),
(211200, 210000, '铁岭市', 0, 0, 'T', 1, 1),
(211202, 211200, '银州区', 0, 0, '', 2, 1),
(211204, 211200, '清河区', 0, 0, '', 2, 1),
(211221, 211200, '铁岭县', 0, 0, '', 2, 1),
(211223, 211200, '西丰县', 0, 0, '', 2, 1),
(211224, 211200, '昌图县', 0, 0, '', 2, 1),
(211281, 211200, '调兵山市', 0, 0, '', 2, 1),
(211282, 211200, '开原市', 0, 0, '', 2, 1),
(211300, 210000, '朝阳市', 0, 0, 'C', 1, 1),
(211302, 211300, '双塔区', 0, 0, '', 2, 1),
(211303, 211300, '龙城区', 0, 0, '', 2, 1),
(211321, 211300, '朝阳县', 0, 0, '', 2, 1),
(211322, 211300, '建平县', 0, 0, '', 2, 1),
(211324, 211300, '喀喇沁左翼蒙古族自治县', 0, 0, '', 2, 1),
(211381, 211300, '北票市', 0, 0, '', 2, 1),
(211382, 211300, '凌源市', 0, 0, '', 2, 1),
(211400, 210000, '葫芦岛市', 0, 0, 'H', 1, 1),
(211402, 211400, '连山区', 0, 0, '', 2, 1),
(211403, 211400, '龙港区', 0, 0, '', 2, 1),
(211404, 211400, '南票区', 0, 0, '', 2, 1),
(211421, 211400, '绥中县', 0, 0, '', 2, 1),
(211422, 211400, '建昌县', 0, 0, '', 2, 1),
(211481, 211400, '兴城市', 0, 0, '', 2, 1),
(220000, 0, '吉林省', 0, 0, '', 0, 1),
(220100, 220000, '长春市', 0, 0, 'C', 1, 1),
(220102, 220100, '南关区', 0, 0, '', 2, 1),
(220103, 220100, '宽城区', 0, 0, '', 2, 1),
(220104, 220100, '朝阳区', 0, 0, '', 2, 1),
(220105, 220100, '二道区', 0, 0, '', 2, 1),
(220106, 220100, '绿园区', 0, 0, '', 2, 1),
(220112, 220100, '双阳区', 0, 0, '', 2, 1),
(220113, 220100, '九台区', 0, 0, '', 2, 1),
(220122, 220100, '农安县', 0, 0, '', 2, 1),
(220182, 220100, '榆树市', 0, 0, '', 2, 1),
(220183, 220100, '德惠市', 0, 0, '', 2, 1),
(220200, 220000, '吉林市', 0, 0, 'J', 1, 1),
(220202, 220200, '昌邑区', 0, 0, '', 2, 1),
(220203, 220200, '龙潭区', 0, 0, '', 2, 1),
(220204, 220200, '船营区', 0, 0, '', 2, 1),
(220211, 220200, '丰满区', 0, 0, '', 2, 1),
(220221, 220200, '永吉县', 0, 0, '', 2, 1),
(220281, 220200, '蛟河市', 0, 0, '', 2, 1),
(220282, 220200, '桦甸市', 0, 0, '', 2, 1),
(220283, 220200, '舒兰市', 0, 0, '', 2, 1),
(220284, 220200, '磐石市', 0, 0, '', 2, 1),
(220300, 220000, '四平市', 0, 0, 'S', 1, 1),
(220302, 220300, '铁西区', 0, 0, '', 2, 1),
(220303, 220300, '铁东区', 0, 0, '', 2, 1),
(220322, 220300, '梨树县', 0, 0, '', 2, 1),
(220323, 220300, '伊通满族自治县', 0, 0, '', 2, 1),
(220381, 220300, '公主岭市', 0, 0, '', 2, 1),
(220382, 220300, '双辽市', 0, 0, '', 2, 1),
(220400, 220000, '辽源市', 0, 0, 'L', 1, 1),
(220402, 220400, '龙山区', 0, 0, '', 2, 1),
(220403, 220400, '西安区', 0, 0, '', 2, 1),
(220421, 220400, '东丰县', 0, 0, '', 2, 1),
(220422, 220400, '东辽县', 0, 0, '', 2, 1),
(220500, 220000, '通化市', 0, 0, 'T', 1, 1),
(220502, 220500, '东昌区', 0, 0, '', 2, 1),
(220503, 220500, '二道江区', 0, 0, '', 2, 1),
(220521, 220500, '通化县', 0, 0, '', 2, 1),
(220523, 220500, '辉南县', 0, 0, '', 2, 1),
(220524, 220500, '柳河县', 0, 0, '', 2, 1),
(220581, 220500, '梅河口市', 0, 0, '', 2, 1),
(220582, 220500, '集安市', 0, 0, '', 2, 1),
(220600, 220000, '白山市', 0, 0, 'B', 1, 1),
(220602, 220600, '浑江区', 0, 0, '', 2, 1),
(220605, 220600, '江源区', 0, 0, '', 2, 1),
(220621, 220600, '抚松县', 0, 0, '', 2, 1),
(220622, 220600, '靖宇县', 0, 0, '', 2, 1),
(220623, 220600, '长白朝鲜族自治县', 0, 0, '', 2, 1),
(220681, 220600, '临江市', 0, 0, '', 2, 1),
(220700, 220000, '松原市', 0, 0, 'S', 1, 1),
(220702, 220700, '宁江区', 0, 0, '', 2, 1),
(220721, 220700, '前郭尔罗斯蒙古族自治县', 0, 0, '', 2, 1),
(220722, 220700, '长岭县', 0, 0, '', 2, 1),
(220723, 220700, '乾安县', 0, 0, '', 2, 1),
(220781, 220700, '扶余市', 0, 0, '', 2, 1),
(220800, 220000, '白城市', 0, 0, 'B', 1, 1),
(220802, 220800, '洮北区', 0, 0, '', 2, 1),
(220821, 220800, '镇赉县', 0, 0, '', 2, 1),
(220822, 220800, '通榆县', 0, 0, '', 2, 1),
(220881, 220800, '洮南市', 0, 0, '', 2, 1),
(220882, 220800, '大安市', 0, 0, '', 2, 1),
(222400, 220000, '延边朝鲜族自治州', 0, 0, 'Y', 1, 1),
(222401, 222400, '延吉市', 0, 0, '', 2, 1),
(222402, 222400, '图们市', 0, 0, '', 2, 1),
(222403, 222400, '敦化市', 0, 0, '', 2, 1),
(222404, 222400, '珲春市', 0, 0, '', 2, 1),
(222405, 222400, '龙井市', 0, 0, '', 2, 1),
(222406, 222400, '和龙市', 0, 0, '', 2, 1),
(222424, 222400, '汪清县', 0, 0, '', 2, 1),
(222426, 222400, '安图县', 0, 0, '', 2, 1),
(230000, 0, '黑龙江省', 0, 0, '', 0, 1),
(230100, 230000, '哈尔滨市', 0, 0, 'H', 1, 1),
(230102, 230100, '道里区', 0, 0, '', 2, 1),
(230103, 230100, '南岗区', 0, 0, '', 2, 1),
(230104, 230100, '道外区', 0, 0, '', 2, 1),
(230108, 230100, '平房区', 0, 0, '', 2, 1),
(230109, 230100, '松北区', 0, 0, '', 2, 1),
(230110, 230100, '香坊区', 0, 0, '', 2, 1),
(230111, 230100, '呼兰区', 0, 0, '', 2, 1),
(230112, 230100, '阿城区', 0, 0, '', 2, 1),
(230113, 230100, '双城区', 0, 0, '', 2, 1),
(230123, 230100, '依兰县', 0, 0, '', 2, 1),
(230124, 230100, '方正县', 0, 0, '', 2, 1),
(230125, 230100, '宾县', 0, 0, '', 2, 1),
(230126, 230100, '巴彦县', 0, 0, '', 2, 1),
(230127, 230100, '木兰县', 0, 0, '', 2, 1),
(230128, 230100, '通河县', 0, 0, '', 2, 1),
(230129, 230100, '延寿县', 0, 0, '', 2, 1),
(230183, 230100, '尚志市', 0, 0, '', 2, 1),
(230184, 230100, '五常市', 0, 0, '', 2, 1),
(230200, 230000, '齐齐哈尔市', 0, 0, 'Q', 1, 1),
(230202, 230200, '龙沙区', 0, 0, '', 2, 1),
(230203, 230200, '建华区', 0, 0, '', 2, 1),
(230204, 230200, '铁锋区', 0, 0, '', 2, 1),
(230205, 230200, '昂昂溪区', 0, 0, '', 2, 1),
(230206, 230200, '富拉尔基区', 0, 0, '', 2, 1),
(230207, 230200, '碾子山区', 0, 0, '', 2, 1),
(230208, 230200, '梅里斯达斡尔族区', 0, 0, '', 2, 1),
(230221, 230200, '龙江县', 0, 0, '', 2, 1),
(230223, 230200, '依安县', 0, 0, '', 2, 1),
(230224, 230200, '泰来县', 0, 0, '', 2, 1),
(230225, 230200, '甘南县', 0, 0, '', 2, 1),
(230227, 230200, '富裕县', 0, 0, '', 2, 1),
(230229, 230200, '克山县', 0, 0, '', 2, 1),
(230230, 230200, '克东县', 0, 0, '', 2, 1),
(230231, 230200, '拜泉县', 0, 0, '', 2, 1),
(230281, 230200, '讷河市', 0, 0, '', 2, 1),
(230300, 230000, '鸡西市', 0, 0, 'J', 1, 1),
(230302, 230300, '鸡冠区', 0, 0, '', 2, 1),
(230303, 230300, '恒山区', 0, 0, '', 2, 1),
(230304, 230300, '滴道区', 0, 0, '', 2, 1),
(230305, 230300, '梨树区', 0, 0, '', 2, 1),
(230306, 230300, '城子河区', 0, 0, '', 2, 1),
(230307, 230300, '麻山区', 0, 0, '', 2, 1),
(230321, 230300, '鸡东县', 0, 0, '', 2, 1),
(230381, 230300, '虎林市', 0, 0, '', 2, 1),
(230382, 230300, '密山市', 0, 0, '', 2, 1),
(230400, 230000, '鹤岗市', 0, 0, 'H', 1, 1),
(230402, 230400, '向阳区', 0, 0, '', 2, 1),
(230403, 230400, '工农区', 0, 0, '', 2, 1),
(230404, 230400, '南山区', 0, 0, '', 2, 1),
(230405, 230400, '兴安区', 0, 0, '', 2, 1),
(230406, 230400, '东山区', 0, 0, '', 2, 1),
(230407, 230400, '兴山区', 0, 0, '', 2, 1),
(230421, 230400, '萝北县', 0, 0, '', 2, 1),
(230422, 230400, '绥滨县', 0, 0, '', 2, 1),
(230500, 230000, '双鸭山市', 0, 0, 'S', 1, 1),
(230502, 230500, '尖山区', 0, 0, '', 2, 1),
(230503, 230500, '岭东区', 0, 0, '', 2, 1),
(230505, 230500, '四方台区', 0, 0, '', 2, 1),
(230506, 230500, '宝山区', 0, 0, '', 2, 1),
(230521, 230500, '集贤县', 0, 0, '', 2, 1),
(230522, 230500, '友谊县', 0, 0, '', 2, 1),
(230523, 230500, '宝清县', 0, 0, '', 2, 1),
(230524, 230500, '饶河县', 0, 0, '', 2, 1),
(230600, 230000, '大庆市', 0, 0, 'D', 1, 1),
(230602, 230600, '萨尔图区', 0, 0, '', 2, 1),
(230603, 230600, '龙凤区', 0, 0, '', 2, 1),
(230604, 230600, '让胡路区', 0, 0, '', 2, 1),
(230605, 230600, '红岗区', 0, 0, '', 2, 1),
(230606, 230600, '大同区', 0, 0, '', 2, 1),
(230621, 230600, '肇州县', 0, 0, '', 2, 1),
(230622, 230600, '肇源县', 0, 0, '', 2, 1),
(230623, 230600, '林甸县', 0, 0, '', 2, 1),
(230624, 230600, '杜尔伯特蒙古族自治县', 0, 0, '', 2, 1),
(230700, 230000, '伊春市', 0, 0, 'Y', 1, 1),
(230702, 230700, '伊春区', 0, 0, '', 2, 1),
(230703, 230700, '南岔区', 0, 0, '', 2, 1),
(230704, 230700, '友好区', 0, 0, '', 2, 1),
(230705, 230700, '西林区', 0, 0, '', 2, 1),
(230706, 230700, '翠峦区', 0, 0, '', 2, 1),
(230707, 230700, '新青区', 0, 0, '', 2, 1),
(230708, 230700, '美溪区', 0, 0, '', 2, 1),
(230709, 230700, '金山屯区', 0, 0, '', 2, 1),
(230710, 230700, '五营区', 0, 0, '', 2, 1),
(230711, 230700, '乌马河区', 0, 0, '', 2, 1),
(230712, 230700, '汤旺河区', 0, 0, '', 2, 1),
(230713, 230700, '带岭区', 0, 0, '', 2, 1),
(230714, 230700, '乌伊岭区', 0, 0, '', 2, 1),
(230715, 230700, '红星区', 0, 0, '', 2, 1),
(230716, 230700, '上甘岭区', 0, 0, '', 2, 1),
(230722, 230700, '嘉荫县', 0, 0, '', 2, 1),
(230781, 230700, '铁力市', 0, 0, '', 2, 1),
(230800, 230000, '佳木斯市', 0, 0, 'J', 1, 1),
(230803, 230800, '向阳区', 0, 0, '', 2, 1),
(230804, 230800, '前进区', 0, 0, '', 2, 1),
(230805, 230800, '东风区', 0, 0, '', 2, 1),
(230811, 230800, '郊区', 0, 0, '', 2, 1),
(230822, 230800, '桦南县', 0, 0, '', 2, 1),
(230826, 230800, '桦川县', 0, 0, '', 2, 1),
(230828, 230800, '汤原县', 0, 0, '', 2, 1),
(230833, 230800, '抚远县', 0, 0, '', 2, 1),
(230881, 230800, '同江市', 0, 0, '', 2, 1),
(230882, 230800, '富锦市', 0, 0, '', 2, 1),
(230900, 230000, '七台河市', 0, 0, 'Q', 1, 1),
(230902, 230900, '新兴区', 0, 0, '', 2, 1),
(230903, 230900, '桃山区', 0, 0, '', 2, 1),
(230904, 230900, '茄子河区', 0, 0, '', 2, 1),
(230921, 230900, '勃利县', 0, 0, '', 2, 1),
(231000, 230000, '牡丹江市', 0, 0, 'M', 1, 1),
(231002, 231000, '东安区', 0, 0, '', 2, 1),
(231003, 231000, '阳明区', 0, 0, '', 2, 1),
(231004, 231000, '爱民区', 0, 0, '', 2, 1),
(231005, 231000, '西安区', 0, 0, '', 2, 1),
(231024, 231000, '东宁县', 0, 0, '', 2, 1),
(231025, 231000, '林口县', 0, 0, '', 2, 1),
(231081, 231000, '绥芬河市', 0, 0, '', 2, 1),
(231083, 231000, '海林市', 0, 0, '', 2, 1),
(231084, 231000, '宁安市', 0, 0, '', 2, 1),
(231085, 231000, '穆棱市', 0, 0, '', 2, 1),
(231100, 230000, '黑河市', 0, 0, 'H', 1, 1),
(231102, 231100, '爱辉区', 0, 0, '', 2, 1),
(231121, 231100, '嫩江县', 0, 0, '', 2, 1),
(231123, 231100, '逊克县', 0, 0, '', 2, 1),
(231124, 231100, '孙吴县', 0, 0, '', 2, 1),
(231181, 231100, '北安市', 0, 0, '', 2, 1),
(231182, 231100, '五大连池市', 0, 0, '', 2, 1),
(231200, 230000, '绥化市', 0, 0, 'S', 1, 1),
(231202, 231200, '北林区', 0, 0, '', 2, 1),
(231221, 231200, '望奎县', 0, 0, '', 2, 1),
(231222, 231200, '兰西县', 0, 0, '', 2, 1),
(231223, 231200, '青冈县', 0, 0, '', 2, 1),
(231224, 231200, '庆安县', 0, 0, '', 2, 1),
(231225, 231200, '明水县', 0, 0, '', 2, 1),
(231226, 231200, '绥棱县', 0, 0, '', 2, 1),
(231281, 231200, '安达市', 0, 0, '', 2, 1),
(231282, 231200, '肇东市', 0, 0, '', 2, 1),
(231283, 231200, '海伦市', 0, 0, '', 2, 1),
(232700, 230000, '大兴安岭地区', 0, 0, 'D', 1, 1),
(232721, 232700, '呼玛县', 0, 0, '', 2, 1),
(232722, 232700, '塔河县', 0, 0, '', 2, 1),
(232723, 232700, '漠河县', 0, 0, '', 2, 1),
(310000, 0, '上海市', 0, 0, '', 0, 1),
(310101, 310100, '黄浦区', 0, 0, '', 2, 1),
(310104, 310100, '徐汇区', 0, 0, '', 2, 1),
(310105, 310100, '长宁区', 0, 0, '', 2, 1),
(310106, 310100, '静安区', 0, 0, '', 2, 1),
(310107, 310100, '普陀区', 0, 0, '', 2, 1),
(310108, 310100, '闸北区', 0, 0, '', 2, 1),
(310109, 310100, '虹口区', 0, 0, '', 2, 1),
(310110, 310100, '杨浦区', 0, 0, '', 2, 1),
(310112, 310100, '闵行区', 0, 0, '', 2, 1),
(310113, 310100, '宝山区', 0, 0, '', 2, 1),
(310114, 310100, '嘉定区', 0, 0, '', 2, 1),
(310115, 310100, '浦东新区', 0, 0, '', 2, 1),
(310116, 310100, '金山区', 0, 0, '', 2, 1),
(310117, 310100, '松江区', 0, 0, '', 2, 1),
(310118, 310100, '青浦区', 0, 0, '', 2, 1),
(310120, 310100, '奉贤区', 0, 0, '', 2, 1),
(310230, 310200, '崇明县', 0, 0, '', 2, 1),
(320000, 0, '江苏省', 0, 0, '', 0, 1),
(320100, 320000, '南京市', 0, 0, 'N', 1, 1),
(320102, 320100, '玄武区', 0, 0, '', 2, 1),
(320104, 320100, '秦淮区', 0, 0, '', 2, 1),
(320105, 320100, '建邺区', 0, 0, '', 2, 1),
(320106, 320100, '鼓楼区', 0, 0, '', 2, 1),
(320111, 320100, '浦口区', 0, 0, '', 2, 1),
(320113, 320100, '栖霞区', 0, 0, '', 2, 1),
(320114, 320100, '雨花台区', 0, 0, '', 2, 1),
(320115, 320100, '江宁区', 0, 0, '', 2, 1),
(320116, 320100, '六合区', 0, 0, '', 2, 1),
(320117, 320100, '溧水区', 0, 0, '', 2, 1),
(320118, 320100, '高淳区', 0, 0, '', 2, 1),
(320200, 320000, '无锡市', 0, 0, 'W', 1, 1),
(320202, 320200, '崇安区', 0, 0, '', 2, 1),
(320203, 320200, '南长区', 0, 0, '', 2, 1),
(320204, 320200, '北塘区', 0, 0, '', 2, 1),
(320205, 320200, '锡山区', 0, 0, '', 2, 1),
(320206, 320200, '惠山区', 0, 0, '', 2, 1),
(320211, 320200, '滨湖区', 0, 0, '', 2, 1),
(320281, 320200, '江阴市', 0, 0, '', 2, 1),
(320282, 320200, '宜兴市', 0, 0, '', 2, 1),
(320300, 320000, '徐州市', 0, 0, 'X', 1, 1),
(320302, 320300, '鼓楼区', 0, 0, '', 2, 1),
(320303, 320300, '云龙区', 0, 0, '', 2, 1),
(320305, 320300, '贾汪区', 0, 0, '', 2, 1),
(320311, 320300, '泉山区', 0, 0, '', 2, 1),
(320312, 320300, '铜山区', 0, 0, '', 2, 1),
(320321, 320300, '丰县', 0, 0, '', 2, 1),
(320322, 320300, '沛县', 0, 0, '', 2, 1),
(320324, 320300, '睢宁县', 0, 0, '', 2, 1),
(320381, 320300, '新沂市', 0, 0, '', 2, 1),
(320382, 320300, '邳州市', 0, 0, '', 2, 1),
(320400, 320000, '常州市', 0, 0, 'C', 1, 1),
(320402, 320400, '天宁区', 0, 0, '', 2, 1),
(320404, 320400, '钟楼区', 0, 0, '', 2, 1),
(320405, 320400, '戚墅堰区', 0, 0, '', 2, 1),
(320411, 320400, '新北区', 0, 0, '', 2, 1),
(320412, 320400, '武进区', 0, 0, '', 2, 1),
(320481, 320400, '溧阳市', 0, 0, '', 2, 1),
(320482, 320400, '金坛市', 0, 0, '', 2, 1),
(320500, 320000, '苏州市', 0, 0, 'S', 1, 1),
(320505, 320500, '虎丘区', 0, 0, '', 2, 1),
(320506, 320500, '吴中区', 0, 0, '', 2, 1),
(320507, 320500, '相城区', 0, 0, '', 2, 1),
(320508, 320500, '姑苏区', 0, 0, '', 2, 1),
(320509, 320500, '吴江区', 0, 0, '', 2, 1),
(320581, 320500, '常熟市', 0, 0, '', 2, 1),
(320582, 320500, '张家港市', 0, 0, '', 2, 1),
(320583, 320500, '昆山市', 0, 0, '', 2, 1),
(320585, 320500, '太仓市', 0, 0, '', 2, 1),
(320600, 320000, '南通市', 0, 0, 'N', 1, 1),
(320602, 320600, '崇川区', 0, 0, '', 2, 1),
(320611, 320600, '港闸区', 0, 0, '', 2, 1),
(320612, 320600, '通州区', 0, 0, '', 2, 1),
(320621, 320600, '海安县', 0, 0, '', 2, 1),
(320623, 320600, '如东县', 0, 0, '', 2, 1),
(320681, 320600, '启东市', 0, 0, '', 2, 1),
(320682, 320600, '如皋市', 0, 0, '', 2, 1),
(320684, 320600, '海门市', 0, 0, '', 2, 1),
(320700, 320000, '连云港市', 0, 0, 'L', 1, 1),
(320703, 320700, '连云区', 0, 0, '', 2, 1),
(320706, 320700, '海州区', 0, 0, '', 2, 1),
(320707, 320700, '赣榆区', 0, 0, '', 2, 1),
(320722, 320700, '东海县', 0, 0, '', 2, 1),
(320723, 320700, '灌云县', 0, 0, '', 2, 1),
(320724, 320700, '灌南县', 0, 0, '', 2, 1),
(320800, 320000, '淮安市', 0, 0, 'H', 1, 1),
(320802, 320800, '清河区', 0, 0, '', 2, 1),
(320803, 320800, '淮安区', 0, 0, '', 2, 1),
(320804, 320800, '淮阴区', 0, 0, '', 2, 1),
(320811, 320800, '清浦区', 0, 0, '', 2, 1),
(320826, 320800, '涟水县', 0, 0, '', 2, 1),
(320829, 320800, '洪泽县', 0, 0, '', 2, 1),
(320830, 320800, '盱眙县', 0, 0, '', 2, 1),
(320831, 320800, '金湖县', 0, 0, '', 2, 1),
(320900, 320000, '盐城市', 0, 0, 'Y', 1, 1),
(320902, 320900, '亭湖区', 0, 0, '', 2, 1),
(320903, 320900, '盐都区', 0, 0, '', 2, 1),
(320921, 320900, '响水县', 0, 0, '', 2, 1),
(320922, 320900, '滨海县', 0, 0, '', 2, 1),
(320923, 320900, '阜宁县', 0, 0, '', 2, 1),
(320924, 320900, '射阳县', 0, 0, '', 2, 1),
(320925, 320900, '建湖县', 0, 0, '', 2, 1),
(320981, 320900, '东台市', 0, 0, '', 2, 1),
(320982, 320900, '大丰市', 0, 0, '', 2, 1),
(321000, 320000, '扬州市', 0, 0, 'Y', 1, 1),
(321002, 321000, '广陵区', 0, 0, '', 2, 1),
(321003, 321000, '邗江区', 0, 0, '', 2, 1),
(321012, 321000, '江都区', 0, 0, '', 2, 1),
(321023, 321000, '宝应县', 0, 0, '', 2, 1),
(321081, 321000, '仪征市', 0, 0, '', 2, 1),
(321084, 321000, '高邮市', 0, 0, '', 2, 1),
(321100, 320000, '镇江市', 0, 0, 'Z', 1, 1),
(321102, 321100, '京口区', 0, 0, '', 2, 1),
(321111, 321100, '润州区', 0, 0, '', 2, 1),
(321112, 321100, '丹徒区', 0, 0, '', 2, 1),
(321181, 321100, '丹阳市', 0, 0, '', 2, 1),
(321182, 321100, '扬中市', 0, 0, '', 2, 1),
(321183, 321100, '句容市', 0, 0, '', 2, 1),
(321200, 320000, '泰州市', 0, 0, 'T', 1, 1),
(321202, 321200, '海陵区', 0, 0, '', 2, 1),
(321203, 321200, '高港区', 0, 0, '', 2, 1),
(321204, 321200, '姜堰区', 0, 0, '', 2, 1),
(321281, 321200, '兴化市', 0, 0, '', 2, 1),
(321282, 321200, '靖江市', 0, 0, '', 2, 1),
(321283, 321200, '泰兴市', 0, 0, '', 2, 1),
(321300, 320000, '宿迁市', 0, 0, 'S', 1, 1),
(321302, 321300, '宿城区', 0, 0, '', 2, 1),
(321311, 321300, '宿豫区', 0, 0, '', 2, 1),
(321322, 321300, '沭阳县', 0, 0, '', 2, 1),
(321323, 321300, '泗阳县', 0, 0, '', 2, 1),
(321324, 321300, '泗洪县', 0, 0, '', 2, 1),
(330000, 0, '浙江省', 0, 0, '', 0, 1),
(330100, 330000, '杭州市', 0, 0, 'H', 1, 1),
(330102, 330100, '上城区', 0, 0, '', 2, 1),
(330103, 330100, '下城区', 0, 0, '', 2, 1),
(330104, 330100, '江干区', 0, 0, '', 2, 1),
(330105, 330100, '拱墅区', 0, 0, '', 2, 1),
(330106, 330100, '西湖区', 0, 0, '', 2, 1),
(330108, 330100, '滨江区', 0, 0, '', 2, 1),
(330109, 330100, '萧山区', 0, 0, '', 2, 1),
(330110, 330100, '余杭区', 0, 0, '', 2, 1),
(330111, 330100, '富阳区', 0, 0, '', 2, 1),
(330122, 330100, '桐庐县', 0, 0, '', 2, 1),
(330127, 330100, '淳安县', 0, 0, '', 2, 1),
(330182, 330100, '建德市', 0, 0, '', 2, 1),
(330185, 330100, '临安市', 0, 0, '', 2, 1),
(330200, 330000, '宁波市', 0, 0, 'L', 1, 1),
(330203, 330200, '海曙区', 0, 0, '', 2, 1),
(330204, 330200, '江东区', 0, 0, '', 2, 1),
(330205, 330200, '江北区', 0, 0, '', 2, 1),
(330206, 330200, '北仑区', 0, 0, '', 2, 1),
(330211, 330200, '镇海区', 0, 0, '', 2, 1),
(330212, 330200, '鄞州区', 0, 0, '', 2, 1),
(330225, 330200, '象山县', 0, 0, '', 2, 1),
(330226, 330200, '宁海县', 0, 0, '', 2, 1),
(330281, 330200, '余姚市', 0, 0, '', 2, 1),
(330282, 330200, '慈溪市', 0, 0, '', 2, 1),
(330283, 330200, '奉化市', 0, 0, '', 2, 1),
(330300, 330000, '温州市', 0, 0, 'W', 1, 1),
(330302, 330300, '鹿城区', 0, 0, '', 2, 1),
(330303, 330300, '龙湾区', 0, 0, '', 2, 1),
(330304, 330300, '瓯海区', 0, 0, '', 2, 1),
(330322, 330300, '洞头县', 0, 0, '', 2, 1),
(330324, 330300, '永嘉县', 0, 0, '', 2, 1),
(330326, 330300, '平阳县', 0, 0, '', 2, 1),
(330327, 330300, '苍南县', 0, 0, '', 2, 1),
(330328, 330300, '文成县', 0, 0, '', 2, 1),
(330329, 330300, '泰顺县', 0, 0, '', 2, 1),
(330381, 330300, '瑞安市', 0, 0, '', 2, 1),
(330382, 330300, '乐清市', 0, 0, '', 2, 1),
(330400, 330000, '嘉兴市', 0, 0, 'J', 1, 1),
(330402, 330400, '南湖区', 0, 0, '', 2, 1),
(330411, 330400, '秀洲区', 0, 0, '', 2, 1),
(330421, 330400, '嘉善县', 0, 0, '', 2, 1),
(330424, 330400, '海盐县', 0, 0, '', 2, 1),
(330481, 330400, '海宁市', 0, 0, '', 2, 1),
(330482, 330400, '平湖市', 0, 0, '', 2, 1),
(330483, 330400, '桐乡市', 0, 0, '', 2, 1),
(330500, 330000, '湖州市', 0, 0, 'H', 1, 1),
(330502, 330500, '吴兴区', 0, 0, '', 2, 1),
(330503, 330500, '南浔区', 0, 0, '', 2, 1),
(330521, 330500, '德清县', 0, 0, '', 2, 1),
(330522, 330500, '长兴县', 0, 0, '', 2, 1),
(330523, 330500, '安吉县', 0, 0, '', 2, 1),
(330600, 330000, '绍兴市', 0, 0, 'S', 1, 1),
(330602, 330600, '越城区', 0, 0, '', 2, 1),
(330603, 330600, '柯桥区', 0, 0, '', 2, 1),
(330604, 330600, '上虞区', 0, 0, '', 2, 1),
(330624, 330600, '新昌县', 0, 0, '', 2, 1),
(330681, 330600, '诸暨市', 0, 0, '', 2, 1),
(330683, 330600, '嵊州市', 0, 0, '', 2, 1),
(330700, 330000, '金华市', 0, 0, 'J', 1, 1),
(330702, 330700, '婺城区', 0, 0, '', 2, 1),
(330703, 330700, '金东区', 0, 0, '', 2, 1),
(330723, 330700, '武义县', 0, 0, '', 2, 1),
(330726, 330700, '浦江县', 0, 0, '', 2, 1),
(330727, 330700, '磐安县', 0, 0, '', 2, 1),
(330781, 330700, '兰溪市', 0, 0, '', 2, 1),
(330782, 330700, '义乌市', 0, 0, '', 2, 1),
(330783, 330700, '东阳市', 0, 0, '', 2, 1),
(330784, 330700, '永康市', 0, 0, '', 2, 1),
(330800, 330000, '衢州市', 0, 0, 'Q', 1, 1),
(330802, 330800, '柯城区', 0, 0, '', 2, 1),
(330803, 330800, '衢江区', 0, 0, '', 2, 1),
(330822, 330800, '常山县', 0, 0, '', 2, 1),
(330824, 330800, '开化县', 0, 0, '', 2, 1),
(330825, 330800, '龙游县', 0, 0, '', 2, 1),
(330881, 330800, '江山市', 0, 0, '', 2, 1),
(330900, 330000, '舟山市', 0, 0, 'Z', 1, 1),
(330902, 330900, '定海区', 0, 0, '', 2, 1),
(330903, 330900, '普陀区', 0, 0, '', 2, 1),
(330921, 330900, '岱山县', 0, 0, '', 2, 1),
(330922, 330900, '嵊泗县', 0, 0, '', 2, 1),
(331000, 330000, '台州市', 0, 0, 'T', 1, 1),
(331002, 331000, '椒江区', 0, 0, '', 2, 1),
(331003, 331000, '黄岩区', 0, 0, '', 2, 1),
(331004, 331000, '路桥区', 0, 0, '', 2, 1),
(331021, 331000, '玉环县', 0, 0, '', 2, 1),
(331022, 331000, '三门县', 0, 0, '', 2, 1),
(331023, 331000, '天台县', 0, 0, '', 2, 1),
(331024, 331000, '仙居县', 0, 0, '', 2, 1),
(331081, 331000, '温岭市', 0, 0, '', 2, 1),
(331082, 331000, '临海市', 0, 0, '', 2, 1),
(331100, 330000, '丽水市', 0, 0, 'L', 1, 1),
(331102, 331100, '莲都区', 0, 0, '', 2, 1),
(331121, 331100, '青田县', 0, 0, '', 2, 1),
(331122, 331100, '缙云县', 0, 0, '', 2, 1),
(331123, 331100, '遂昌县', 0, 0, '', 2, 1),
(331124, 331100, '松阳县', 0, 0, '', 2, 1),
(331125, 331100, '云和县', 0, 0, '', 2, 1),
(331126, 331100, '庆元县', 0, 0, '', 2, 1),
(331127, 331100, '景宁畲族自治县', 0, 0, '', 2, 1),
(331181, 331100, '龙泉市', 0, 0, '', 2, 1),
(340000, 0, '安徽省', 0, 0, '', 0, 1),
(340100, 340000, '合肥市', 0, 0, 'H', 1, 1),
(340102, 340100, '瑶海区', 0, 0, '', 2, 1),
(340103, 340100, '庐阳区', 0, 0, '', 2, 1),
(340104, 340100, '蜀山区', 0, 0, '', 2, 1),
(340111, 340100, '包河区', 0, 0, '', 2, 1),
(340121, 340100, '长丰县', 0, 0, '', 2, 1),
(340122, 340100, '肥东县', 0, 0, '', 2, 1),
(340123, 340100, '肥西县', 0, 0, '', 2, 1),
(340124, 340100, '庐江县', 0, 0, '', 2, 1),
(340181, 340100, '巢湖市', 0, 0, '', 2, 1),
(340200, 340000, '芜湖市', 0, 0, 'W', 1, 1),
(340202, 340200, '镜湖区', 0, 0, '', 2, 1),
(340203, 340200, '弋江区', 0, 0, '', 2, 1),
(340207, 340200, '鸠江区', 0, 0, '', 2, 1),
(340208, 340200, '三山区', 0, 0, '', 2, 1),
(340221, 340200, '芜湖县', 0, 0, '', 2, 1),
(340222, 340200, '繁昌县', 0, 0, '', 2, 1),
(340223, 340200, '南陵县', 0, 0, '', 2, 1),
(340225, 340200, '无为县', 0, 0, '', 2, 1),
(340300, 340000, '蚌埠市', 0, 0, 'B', 1, 1),
(340302, 340300, '龙子湖区', 0, 0, '', 2, 1),
(340303, 340300, '蚌山区', 0, 0, '', 2, 1),
(340304, 340300, '禹会区', 0, 0, '', 2, 1),
(340311, 340300, '淮上区', 0, 0, '', 2, 1),
(340321, 340300, '怀远县', 0, 0, '', 2, 1),
(340322, 340300, '五河县', 0, 0, '', 2, 1),
(340323, 340300, '固镇县', 0, 0, '', 2, 1),
(340400, 340000, '淮南市', 0, 0, 'H', 1, 1),
(340402, 340400, '大通区', 0, 0, '', 2, 1),
(340403, 340400, '田家庵区', 0, 0, '', 2, 1),
(340404, 340400, '谢家集区', 0, 0, '', 2, 1),
(340405, 340400, '八公山区', 0, 0, '', 2, 1),
(340406, 340400, '潘集区', 0, 0, '', 2, 1),
(340421, 340400, '凤台县', 0, 0, '', 2, 1),
(340500, 340000, '马鞍山市', 0, 0, 'M', 1, 1),
(340503, 340500, '花山区', 0, 0, '', 2, 1),
(340504, 340500, '雨山区', 0, 0, '', 2, 1),
(340506, 340500, '博望区', 0, 0, '', 2, 1),
(340521, 340500, '当涂县', 0, 0, '', 2, 1),
(340522, 340500, '含山县', 0, 0, '', 2, 1),
(340523, 340500, '和县', 0, 0, '', 2, 1),
(340600, 340000, '淮北市', 0, 0, 'H', 1, 1),
(340602, 340600, '杜集区', 0, 0, '', 2, 1),
(340603, 340600, '相山区', 0, 0, '', 2, 1),
(340604, 340600, '烈山区', 0, 0, '', 2, 1),
(340621, 340600, '濉溪县', 0, 0, '', 2, 1),
(340700, 340000, '铜陵市', 0, 0, 'T', 1, 1),
(340702, 340700, '铜官山区', 0, 0, '', 2, 1),
(340703, 340700, '狮子山区', 0, 0, '', 2, 1),
(340711, 340700, '郊区', 0, 0, '', 2, 1),
(340721, 340700, '铜陵县', 0, 0, '', 2, 1),
(340800, 340000, '安庆市', 0, 0, 'A', 1, 1),
(340802, 340800, '迎江区', 0, 0, '', 2, 1),
(340803, 340800, '大观区', 0, 0, '', 2, 1),
(340811, 340800, '宜秀区', 0, 0, '', 2, 1),
(340822, 340800, '怀宁县', 0, 0, '', 2, 1),
(340823, 340800, '枞阳县', 0, 0, '', 2, 1),
(340824, 340800, '潜山县', 0, 0, '', 2, 1),
(340825, 340800, '太湖县', 0, 0, '', 2, 1),
(340826, 340800, '宿松县', 0, 0, '', 2, 1),
(340827, 340800, '望江县', 0, 0, '', 2, 1),
(340828, 340800, '岳西县', 0, 0, '', 2, 1),
(340881, 340800, '桐城市', 0, 0, '', 2, 1),
(341000, 340000, '黄山市', 0, 0, 'H', 1, 1),
(341002, 341000, '屯溪区', 0, 0, '', 2, 1),
(341003, 341000, '黄山区', 0, 0, '', 2, 1),
(341004, 341000, '徽州区', 0, 0, '', 2, 1),
(341021, 341000, '歙县', 0, 0, '', 2, 1),
(341022, 341000, '休宁县', 0, 0, '', 2, 1),
(341023, 341000, '黟县', 0, 0, '', 2, 1),
(341024, 341000, '祁门县', 0, 0, '', 2, 1),
(341100, 340000, '滁州市', 0, 0, 'C', 1, 1),
(341102, 341100, '琅琊区', 0, 0, '', 2, 1),
(341103, 341100, '南谯区', 0, 0, '', 2, 1),
(341122, 341100, '来安县', 0, 0, '', 2, 1),
(341124, 341100, '全椒县', 0, 0, '', 2, 1),
(341125, 341100, '定远县', 0, 0, '', 2, 1),
(341126, 341100, '凤阳县', 0, 0, '', 2, 1),
(341181, 341100, '天长市', 0, 0, '', 2, 1),
(341182, 341100, '明光市', 0, 0, '', 2, 1),
(341200, 340000, '阜阳市', 0, 0, 'F', 1, 1),
(341202, 341200, '颍州区', 0, 0, '', 2, 1),
(341203, 341200, '颍东区', 0, 0, '', 2, 1),
(341204, 341200, '颍泉区', 0, 0, '', 2, 1),
(341221, 341200, '临泉县', 0, 0, '', 2, 1),
(341222, 341200, '太和县', 0, 0, '', 2, 1),
(341225, 341200, '阜南县', 0, 0, '', 2, 1),
(341226, 341200, '颍上县', 0, 0, '', 2, 1),
(341282, 341200, '界首市', 0, 0, '', 2, 1),
(341300, 340000, '宿州市', 0, 0, 'S', 1, 1),
(341302, 341300, '埇桥区', 0, 0, '', 2, 1),
(341321, 341300, '砀山县', 0, 0, '', 2, 1),
(341322, 341300, '萧县', 0, 0, '', 2, 1),
(341323, 341300, '灵璧县', 0, 0, '', 2, 1),
(341324, 341300, '泗县', 0, 0, '', 2, 1),
(341500, 340000, '六安市', 0, 0, 'L', 1, 1),
(341502, 341500, '金安区', 0, 0, '', 2, 1),
(341503, 341500, '裕安区', 0, 0, '', 2, 1),
(341521, 341500, '寿县', 0, 0, '', 2, 1),
(341522, 341500, '霍邱县', 0, 0, '', 2, 1),
(341523, 341500, '舒城县', 0, 0, '', 2, 1),
(341524, 341500, '金寨县', 0, 0, '', 2, 1),
(341525, 341500, '霍山县', 0, 0, '', 2, 1),
(341600, 340000, '亳州市', 0, 0, 'H', 1, 1),
(341602, 341600, '谯城区', 0, 0, '', 2, 1),
(341621, 341600, '涡阳县', 0, 0, '', 2, 1),
(341622, 341600, '蒙城县', 0, 0, '', 2, 1),
(341623, 341600, '利辛县', 0, 0, '', 2, 1),
(341700, 340000, '池州市', 0, 0, 'C', 1, 1),
(341702, 341700, '贵池区', 0, 0, '', 2, 1),
(341721, 341700, '东至县', 0, 0, '', 2, 1),
(341722, 341700, '石台县', 0, 0, '', 2, 1),
(341723, 341700, '青阳县', 0, 0, '', 2, 1),
(341800, 340000, '宣城市', 0, 0, 'X', 1, 1),
(341802, 341800, '宣州区', 0, 0, '', 2, 1),
(341821, 341800, '郎溪县', 0, 0, '', 2, 1),
(341822, 341800, '广德县', 0, 0, '', 2, 1),
(341823, 341800, '泾县', 0, 0, '', 2, 1),
(341824, 341800, '绩溪县', 0, 0, '', 2, 1),
(341825, 341800, '旌德县', 0, 0, '', 2, 1),
(341881, 341800, '宁国市', 0, 0, '', 2, 1),
(350000, 0, '福建省', 0, 0, '', 0, 1),
(350100, 350000, '福州市', 0, 0, 'F', 1, 1),
(350102, 350100, '鼓楼区', 0, 0, '', 2, 1),
(350103, 350100, '台江区', 0, 0, '', 2, 1),
(350104, 350100, '仓山区', 0, 0, '', 2, 1),
(350105, 350100, '马尾区', 0, 0, '', 2, 1),
(350111, 350100, '晋安区', 0, 0, '', 2, 1),
(350121, 350100, '闽侯县', 0, 0, '', 2, 1),
(350122, 350100, '连江县', 0, 0, '', 2, 1),
(350123, 350100, '罗源县', 0, 0, '', 2, 1),
(350124, 350100, '闽清县', 0, 0, '', 2, 1),
(350125, 350100, '永泰县', 0, 0, '', 2, 1),
(350128, 350100, '平潭县', 0, 0, '', 2, 1),
(350181, 350100, '福清市', 0, 0, '', 2, 1),
(350182, 350100, '长乐市', 0, 0, '', 2, 1),
(350200, 350000, '厦门市', 0, 0, 'X', 1, 1),
(350203, 350200, '思明区', 0, 0, '', 2, 1),
(350205, 350200, '海沧区', 0, 0, '', 2, 1),
(350206, 350200, '湖里区', 0, 0, '', 2, 1),
(350211, 350200, '集美区', 0, 0, '', 2, 1),
(350212, 350200, '同安区', 0, 0, '', 2, 1),
(350213, 350200, '翔安区', 0, 0, '', 2, 1),
(350300, 350000, '莆田市', 0, 0, 'P', 1, 1),
(350302, 350300, '城厢区', 0, 0, '', 2, 1),
(350303, 350300, '涵江区', 0, 0, '', 2, 1),
(350304, 350300, '荔城区', 0, 0, '', 2, 1),
(350305, 350300, '秀屿区', 0, 0, '', 2, 1),
(350322, 350300, '仙游县', 0, 0, '', 2, 1),
(350400, 350000, '三明市', 0, 0, 'S', 1, 1),
(350402, 350400, '梅列区', 0, 0, '', 2, 1),
(350403, 350400, '三元区', 0, 0, '', 2, 1),
(350421, 350400, '明溪县', 0, 0, '', 2, 1),
(350423, 350400, '清流县', 0, 0, '', 2, 1),
(350424, 350400, '宁化县', 0, 0, '', 2, 1),
(350425, 350400, '大田县', 0, 0, '', 2, 1),
(350426, 350400, '尤溪县', 0, 0, '', 2, 1),
(350427, 350400, '沙县', 0, 0, '', 2, 1),
(350428, 350400, '将乐县', 0, 0, '', 2, 1),
(350429, 350400, '泰宁县', 0, 0, '', 2, 1),
(350430, 350400, '建宁县', 0, 0, '', 2, 1),
(350481, 350400, '永安市', 0, 0, '', 2, 1),
(350500, 350000, '泉州市', 0, 0, 'Q', 1, 1),
(350502, 350500, '鲤城区', 0, 0, '', 2, 1),
(350503, 350500, '丰泽区', 0, 0, '', 2, 1),
(350504, 350500, '洛江区', 0, 0, '', 2, 1),
(350505, 350500, '泉港区', 0, 0, '', 2, 1),
(350521, 350500, '惠安县', 0, 0, '', 2, 1),
(350524, 350500, '安溪县', 0, 0, '', 2, 1),
(350525, 350500, '永春县', 0, 0, '', 2, 1),
(350526, 350500, '德化县', 0, 0, '', 2, 1),
(350527, 350500, '金门县', 0, 0, '', 2, 1),
(350581, 350500, '石狮市', 0, 0, '', 2, 1),
(350582, 350500, '晋江市', 0, 0, '', 2, 1),
(350583, 350500, '南安市', 0, 0, '', 2, 1),
(350600, 350000, '漳州市', 0, 0, 'Z', 1, 1),
(350602, 350600, '芗城区', 0, 0, '', 2, 1),
(350603, 350600, '龙文区', 0, 0, '', 2, 1),
(350622, 350600, '云霄县', 0, 0, '', 2, 1),
(350623, 350600, '漳浦县', 0, 0, '', 2, 1),
(350624, 350600, '诏安县', 0, 0, '', 2, 1),
(350625, 350600, '长泰县', 0, 0, '', 2, 1),
(350626, 350600, '东山县', 0, 0, '', 2, 1),
(350627, 350600, '南靖县', 0, 0, '', 2, 1),
(350628, 350600, '平和县', 0, 0, '', 2, 1),
(350629, 350600, '华安县', 0, 0, '', 2, 1),
(350681, 350600, '龙海市', 0, 0, '', 2, 1),
(350700, 350000, '南平市', 0, 0, 'N', 1, 1),
(350702, 350700, '延平区', 0, 0, '', 2, 1),
(350703, 350700, '建阳区', 0, 0, '', 2, 1),
(350721, 350700, '顺昌县', 0, 0, '', 2, 1),
(350722, 350700, '浦城县', 0, 0, '', 2, 1),
(350723, 350700, '光泽县', 0, 0, '', 2, 1),
(350724, 350700, '松溪县', 0, 0, '', 2, 1),
(350725, 350700, '政和县', 0, 0, '', 2, 1),
(350781, 350700, '邵武市', 0, 0, '', 2, 1),
(350782, 350700, '武夷山市', 0, 0, '', 2, 1),
(350783, 350700, '建瓯市', 0, 0, '', 2, 1),
(350800, 350000, '龙岩市', 0, 0, 'L', 1, 1),
(350802, 350800, '新罗区', 0, 0, '', 2, 1),
(350803, 350800, '永定区', 0, 0, '', 2, 1),
(350821, 350800, '长汀县', 0, 0, '', 2, 1),
(350823, 350800, '上杭县', 0, 0, '', 2, 1),
(350824, 350800, '武平县', 0, 0, '', 2, 1),
(350825, 350800, '连城县', 0, 0, '', 2, 1),
(350881, 350800, '漳平市', 0, 0, '', 2, 1),
(350900, 350000, '宁德市', 0, 0, 'L', 1, 1),
(350902, 350900, '蕉城区', 0, 0, '', 2, 1),
(350921, 350900, '霞浦县', 0, 0, '', 2, 1),
(350922, 350900, '古田县', 0, 0, '', 2, 1),
(350923, 350900, '屏南县', 0, 0, '', 2, 1),
(350924, 350900, '寿宁县', 0, 0, '', 2, 1),
(350925, 350900, '周宁县', 0, 0, '', 2, 1),
(350926, 350900, '柘荣县', 0, 0, '', 2, 1),
(350981, 350900, '福安市', 0, 0, '', 2, 1),
(350982, 350900, '福鼎市', 0, 0, '', 2, 1),
(360000, 0, '江西省', 0, 0, '', 0, 1),
(360100, 360000, '南昌市', 0, 0, 'N', 1, 1),
(360102, 360100, '东湖区', 0, 0, '', 2, 1),
(360103, 360100, '西湖区', 0, 0, '', 2, 1),
(360104, 360100, '青云谱区', 0, 0, '', 2, 1),
(360105, 360100, '湾里区', 0, 0, '', 2, 1),
(360111, 360100, '青山湖区', 0, 0, '', 2, 1),
(360121, 360100, '南昌县', 0, 0, '', 2, 1),
(360122, 360100, '新建县', 0, 0, '', 2, 1),
(360123, 360100, '安义县', 0, 0, '', 2, 1),
(360124, 360100, '进贤县', 0, 0, '', 2, 1),
(360200, 360000, '景德镇市', 0, 0, 'J', 1, 1),
(360202, 360200, '昌江区', 0, 0, '', 2, 1),
(360203, 360200, '珠山区', 0, 0, '', 2, 1),
(360222, 360200, '浮梁县', 0, 0, '', 2, 1),
(360281, 360200, '乐平市', 0, 0, '', 2, 1),
(360300, 360000, '萍乡市', 0, 0, 'P', 1, 1),
(360302, 360300, '安源区', 0, 0, '', 2, 1),
(360313, 360300, '湘东区', 0, 0, '', 2, 1),
(360321, 360300, '莲花县', 0, 0, '', 2, 1),
(360322, 360300, '上栗县', 0, 0, '', 2, 1),
(360323, 360300, '芦溪县', 0, 0, '', 2, 1),
(360400, 360000, '九江市', 0, 0, 'J', 1, 1),
(360402, 360400, '庐山区', 0, 0, '', 2, 1),
(360403, 360400, '浔阳区', 0, 0, '', 2, 1),
(360421, 360400, '九江县', 0, 0, '', 2, 1),
(360423, 360400, '武宁县', 0, 0, '', 2, 1),
(360424, 360400, '修水县', 0, 0, '', 2, 1),
(360425, 360400, '永修县', 0, 0, '', 2, 1);
INSERT INTO `wst_areas` (`areaId`, `parentId`, `areaName`, `isShow`, `areaSort`, `areaKey`, `areaType`, `areaFlag`) VALUES
(360426, 360400, '德安县', 0, 0, '', 2, 1),
(360427, 360400, '星子县', 0, 0, '', 2, 1),
(360428, 360400, '都昌县', 0, 0, '', 2, 1),
(360429, 360400, '湖口县', 0, 0, '', 2, 1),
(360430, 360400, '彭泽县', 0, 0, '', 2, 1),
(360481, 360400, '瑞昌市', 0, 0, '', 2, 1),
(360482, 360400, '共青城市', 0, 0, '', 2, 1),
(360500, 360000, '新余市', 0, 0, 'X', 1, 1),
(360502, 360500, '渝水区', 0, 0, '', 2, 1),
(360521, 360500, '分宜县', 0, 0, '', 2, 1),
(360600, 360000, '鹰潭市', 0, 0, 'Y', 1, 1),
(360602, 360600, '月湖区', 0, 0, '', 2, 1),
(360622, 360600, '余江县', 0, 0, '', 2, 1),
(360681, 360600, '贵溪市', 0, 0, '', 2, 1),
(360700, 360000, '赣州市', 0, 0, 'G', 1, 1),
(360702, 360700, '章贡区', 0, 0, '', 2, 1),
(360703, 360700, '南康区', 0, 0, '', 2, 1),
(360721, 360700, '赣县', 0, 0, '', 2, 1),
(360722, 360700, '信丰县', 0, 0, '', 2, 1),
(360723, 360700, '大余县', 0, 0, '', 2, 1),
(360724, 360700, '上犹县', 0, 0, '', 2, 1),
(360725, 360700, '崇义县', 0, 0, '', 2, 1),
(360726, 360700, '安远县', 0, 0, '', 2, 1),
(360727, 360700, '龙南县', 0, 0, '', 2, 1),
(360728, 360700, '定南县', 0, 0, '', 2, 1),
(360729, 360700, '全南县', 0, 0, '', 2, 1),
(360730, 360700, '宁都县', 0, 0, '', 2, 1),
(360731, 360700, '于都县', 0, 0, '', 2, 1),
(360732, 360700, '兴国县', 0, 0, '', 2, 1),
(360733, 360700, '会昌县', 0, 0, '', 2, 1),
(360734, 360700, '寻乌县', 0, 0, '', 2, 1),
(360735, 360700, '石城县', 0, 0, '', 2, 1),
(360781, 360700, '瑞金市', 0, 0, '', 2, 1),
(360800, 360000, '吉安市', 0, 0, 'J', 1, 1),
(360802, 360800, '吉州区', 0, 0, '', 2, 1),
(360803, 360800, '青原区', 0, 0, '', 2, 1),
(360821, 360800, '吉安县', 0, 0, '', 2, 1),
(360822, 360800, '吉水县', 0, 0, '', 2, 1),
(360823, 360800, '峡江县', 0, 0, '', 2, 1),
(360824, 360800, '新干县', 0, 0, '', 2, 1),
(360825, 360800, '永丰县', 0, 0, '', 2, 1),
(360826, 360800, '泰和县', 0, 0, '', 2, 1),
(360827, 360800, '遂川县', 0, 0, '', 2, 1),
(360828, 360800, '万安县', 0, 0, '', 2, 1),
(360829, 360800, '安福县', 0, 0, '', 2, 1),
(360830, 360800, '永新县', 0, 0, '', 2, 1),
(360881, 360800, '井冈山市', 0, 0, '', 2, 1),
(360900, 360000, '宜春市', 0, 0, 'Y', 1, 1),
(360902, 360900, '袁州区', 0, 0, '', 2, 1),
(360921, 360900, '奉新县', 0, 0, '', 2, 1),
(360922, 360900, '万载县', 0, 0, '', 2, 1),
(360923, 360900, '上高县', 0, 0, '', 2, 1),
(360924, 360900, '宜丰县', 0, 0, '', 2, 1),
(360925, 360900, '靖安县', 0, 0, '', 2, 1),
(360926, 360900, '铜鼓县', 0, 0, '', 2, 1),
(360981, 360900, '丰城市', 0, 0, '', 2, 1),
(360982, 360900, '樟树市', 0, 0, '', 2, 1),
(360983, 360900, '高安市', 0, 0, '', 2, 1),
(361000, 360000, '抚州市', 0, 0, 'F', 1, 1),
(361002, 361000, '临川区', 0, 0, '', 2, 1),
(361021, 361000, '南城县', 0, 0, '', 2, 1),
(361022, 361000, '黎川县', 0, 0, '', 2, 1),
(361023, 361000, '南丰县', 0, 0, '', 2, 1),
(361024, 361000, '崇仁县', 0, 0, '', 2, 1),
(361025, 361000, '乐安县', 0, 0, '', 2, 1),
(361026, 361000, '宜黄县', 0, 0, '', 2, 1),
(361027, 361000, '金溪县', 0, 0, '', 2, 1),
(361028, 361000, '资溪县', 0, 0, '', 2, 1),
(361029, 361000, '东乡县', 0, 0, '', 2, 1),
(361030, 361000, '广昌县', 0, 0, '', 2, 1),
(361100, 360000, '上饶市', 0, 0, 'S', 1, 1),
(361102, 361100, '信州区', 0, 0, '', 2, 1),
(361103, 361100, '广丰区', 0, 0, '', 2, 1),
(361121, 361100, '上饶县', 0, 0, '', 2, 1),
(361123, 361100, '玉山县', 0, 0, '', 2, 1),
(361124, 361100, '铅山县', 0, 0, '', 2, 1),
(361125, 361100, '横峰县', 0, 0, '', 2, 1),
(361126, 361100, '弋阳县', 0, 0, '', 2, 1),
(361127, 361100, '余干县', 0, 0, '', 2, 1),
(361128, 361100, '鄱阳县', 0, 0, '', 2, 1),
(361129, 361100, '万年县', 0, 0, '', 2, 1),
(361130, 361100, '婺源县', 0, 0, '', 2, 1),
(361181, 361100, '德兴市', 0, 0, '', 2, 1),
(370000, 0, '山东省', 0, 0, '', 0, 1),
(370100, 370000, '济南市', 0, 0, 'J', 1, 1),
(370102, 370100, '历下区', 0, 0, '', 2, 1),
(370103, 370100, '市中区', 0, 0, '', 2, 1),
(370104, 370100, '槐荫区', 0, 0, '', 2, 1),
(370105, 370100, '天桥区', 0, 0, '', 2, 1),
(370112, 370100, '历城区', 0, 0, '', 2, 1),
(370113, 370100, '长清区', 0, 0, '', 2, 1),
(370124, 370100, '平阴县', 0, 0, '', 2, 1),
(370125, 370100, '济阳县', 0, 0, '', 2, 1),
(370126, 370100, '商河县', 0, 0, '', 2, 1),
(370181, 370100, '章丘市', 0, 0, '', 2, 1),
(370200, 370000, '青岛市', 0, 0, 'Q', 1, 1),
(370202, 370200, '市南区', 0, 0, '', 2, 1),
(370203, 370200, '市北区', 0, 0, '', 2, 1),
(370211, 370200, '黄岛区', 0, 0, '', 2, 1),
(370212, 370200, '崂山区', 0, 0, '', 2, 1),
(370213, 370200, '李沧区', 0, 0, '', 2, 1),
(370214, 370200, '城阳区', 0, 0, '', 2, 1),
(370281, 370200, '胶州市', 0, 0, '', 2, 1),
(370282, 370200, '即墨市', 0, 0, '', 2, 1),
(370283, 370200, '平度市', 0, 0, '', 2, 1),
(370285, 370200, '莱西市', 0, 0, '', 2, 1),
(370300, 370000, '淄博市', 0, 0, 'Z', 1, 1),
(370302, 370300, '淄川区', 0, 0, '', 2, 1),
(370303, 370300, '张店区', 0, 0, '', 2, 1),
(370304, 370300, '博山区', 0, 0, '', 2, 1),
(370305, 370300, '临淄区', 0, 0, '', 2, 1),
(370306, 370300, '周村区', 0, 0, '', 2, 1),
(370321, 370300, '桓台县', 0, 0, '', 2, 1),
(370322, 370300, '高青县', 0, 0, '', 2, 1),
(370323, 370300, '沂源县', 0, 0, '', 2, 1),
(370400, 370000, '枣庄市', 0, 0, 'Z', 1, 1),
(370402, 370400, '市中区', 0, 0, '', 2, 1),
(370403, 370400, '薛城区', 0, 0, '', 2, 1),
(370404, 370400, '峄城区', 0, 0, '', 2, 1),
(370405, 370400, '台儿庄区', 0, 0, '', 2, 1),
(370406, 370400, '山亭区', 0, 0, '', 2, 1),
(370481, 370400, '滕州市', 0, 0, '', 2, 1),
(370500, 370000, '东营市', 0, 0, 'D', 1, 1),
(370502, 370500, '东营区', 0, 0, '', 2, 1),
(370503, 370500, '河口区', 0, 0, '', 2, 1),
(370521, 370500, '垦利县', 0, 0, '', 2, 1),
(370522, 370500, '利津县', 0, 0, '', 2, 1),
(370523, 370500, '广饶县', 0, 0, '', 2, 1),
(370600, 370000, '烟台市', 0, 0, 'Y', 1, 1),
(370602, 370600, '芝罘区', 0, 0, '', 2, 1),
(370611, 370600, '福山区', 0, 0, '', 2, 1),
(370612, 370600, '牟平区', 0, 0, '', 2, 1),
(370613, 370600, '莱山区', 0, 0, '', 2, 1),
(370634, 370600, '长岛县', 0, 0, '', 2, 1),
(370681, 370600, '龙口市', 0, 0, '', 2, 1),
(370682, 370600, '莱阳市', 0, 0, '', 2, 1),
(370683, 370600, '莱州市', 0, 0, '', 2, 1),
(370684, 370600, '蓬莱市', 0, 0, '', 2, 1),
(370685, 370600, '招远市', 0, 0, '', 2, 1),
(370686, 370600, '栖霞市', 0, 0, '', 2, 1),
(370687, 370600, '海阳市', 0, 0, '', 2, 1),
(370700, 370000, '潍坊市', 0, 0, 'W', 1, 1),
(370702, 370700, '潍城区', 0, 0, '', 2, 1),
(370703, 370700, '寒亭区', 0, 0, '', 2, 1),
(370704, 370700, '坊子区', 0, 0, '', 2, 1),
(370705, 370700, '奎文区', 0, 0, '', 2, 1),
(370724, 370700, '临朐县', 0, 0, '', 2, 1),
(370725, 370700, '昌乐县', 0, 0, '', 2, 1),
(370781, 370700, '青州市', 0, 0, '', 2, 1),
(370782, 370700, '诸城市', 0, 0, '', 2, 1),
(370783, 370700, '寿光市', 0, 0, '', 2, 1),
(370784, 370700, '安丘市', 0, 0, '', 2, 1),
(370785, 370700, '高密市', 0, 0, '', 2, 1),
(370786, 370700, '昌邑市', 0, 0, '', 2, 1),
(370800, 370000, '济宁市', 0, 0, 'J', 1, 1),
(370811, 370800, '任城区', 0, 0, '', 2, 1),
(370812, 370800, '兖州区', 0, 0, '', 2, 1),
(370826, 370800, '微山县', 0, 0, '', 2, 1),
(370827, 370800, '鱼台县', 0, 0, '', 2, 1),
(370828, 370800, '金乡县', 0, 0, '', 2, 1),
(370829, 370800, '嘉祥县', 0, 0, '', 2, 1),
(370830, 370800, '汶上县', 0, 0, '', 2, 1),
(370831, 370800, '泗水县', 0, 0, '', 2, 1),
(370832, 370800, '梁山县', 0, 0, '', 2, 1),
(370881, 370800, '曲阜市', 0, 0, '', 2, 1),
(370883, 370800, '邹城市', 0, 0, '', 2, 1),
(370900, 370000, '泰安市', 0, 0, 'T', 1, 1),
(370902, 370900, '泰山区', 0, 0, '', 2, 1),
(370911, 370900, '岱岳区', 0, 0, '', 2, 1),
(370921, 370900, '宁阳县', 0, 0, '', 2, 1),
(370923, 370900, '东平县', 0, 0, '', 2, 1),
(370982, 370900, '新泰市', 0, 0, '', 2, 1),
(370983, 370900, '肥城市', 0, 0, '', 2, 1),
(371000, 370000, '威海市', 0, 0, 'W', 1, 1),
(371002, 371000, '环翠区', 0, 0, '', 2, 1),
(371081, 371000, '文登市', 0, 0, '', 2, 1),
(371082, 371000, '荣成市', 0, 0, '', 2, 1),
(371083, 371000, '乳山市', 0, 0, '', 2, 1),
(371100, 370000, '日照市', 0, 0, 'R', 1, 1),
(371102, 371100, '东港区', 0, 0, '', 2, 1),
(371103, 371100, '岚山区', 0, 0, '', 2, 1),
(371121, 371100, '五莲县', 0, 0, '', 2, 1),
(371122, 371100, '莒县', 0, 0, '', 2, 1),
(371200, 370000, '莱芜市', 0, 0, 'C', 1, 1),
(371202, 371200, '莱城区', 0, 0, '', 2, 1),
(371203, 371200, '钢城区', 0, 0, '', 2, 1),
(371300, 370000, '临沂市', 0, 0, 'L', 1, 1),
(371302, 371300, '兰山区', 0, 0, '', 2, 1),
(371311, 371300, '罗庄区', 0, 0, '', 2, 1),
(371312, 371300, '河东区', 0, 0, '', 2, 1),
(371321, 371300, '沂南县', 0, 0, '', 2, 1),
(371322, 371300, '郯城县', 0, 0, '', 2, 1),
(371323, 371300, '沂水县', 0, 0, '', 2, 1),
(371324, 371300, '兰陵县', 0, 0, '', 2, 1),
(371325, 371300, '费县', 0, 0, '', 2, 1),
(371326, 371300, '平邑县', 0, 0, '', 2, 1),
(371327, 371300, '莒南县', 0, 0, '', 2, 1),
(371328, 371300, '蒙阴县', 0, 0, '', 2, 1),
(371329, 371300, '临沭县', 0, 0, '', 2, 1),
(371400, 370000, '德州市', 0, 0, 'D', 1, 1),
(371402, 371400, '德城区', 0, 0, '', 2, 1),
(371403, 371400, '陵城区', 0, 0, '', 2, 1),
(371422, 371400, '宁津县', 0, 0, '', 2, 1),
(371423, 371400, '庆云县', 0, 0, '', 2, 1),
(371424, 371400, '临邑县', 0, 0, '', 2, 1),
(371425, 371400, '齐河县', 0, 0, '', 2, 1),
(371426, 371400, '平原县', 0, 0, '', 2, 1),
(371427, 371400, '夏津县', 0, 0, '', 2, 1),
(371428, 371400, '武城县', 0, 0, '', 2, 1),
(371481, 371400, '乐陵市', 0, 0, '', 2, 1),
(371482, 371400, '禹城市', 0, 0, '', 2, 1),
(371500, 370000, '聊城市', 0, 0, 'L', 1, 1),
(371502, 371500, '东昌府区', 0, 0, '', 2, 1),
(371521, 371500, '阳谷县', 0, 0, '', 2, 1),
(371522, 371500, '莘县', 0, 0, '', 2, 1),
(371523, 371500, '茌平县', 0, 0, '', 2, 1),
(371524, 371500, '东阿县', 0, 0, '', 2, 1),
(371525, 371500, '冠县', 0, 0, '', 2, 1),
(371526, 371500, '高唐县', 0, 0, '', 2, 1),
(371581, 371500, '临清市', 0, 0, '', 2, 1),
(371600, 370000, '滨州市', 0, 0, 'B', 1, 1),
(371602, 371600, '滨城区', 0, 0, '', 2, 1),
(371603, 371600, '沾化区', 0, 0, '', 2, 1),
(371621, 371600, '惠民县', 0, 0, '', 2, 1),
(371622, 371600, '阳信县', 0, 0, '', 2, 1),
(371623, 371600, '无棣县', 0, 0, '', 2, 1),
(371625, 371600, '博兴县', 0, 0, '', 2, 1),
(371626, 371600, '邹平县', 0, 0, '', 2, 1),
(371700, 370000, '菏泽市', 0, 0, 'H', 1, 1),
(371702, 371700, '牡丹区', 0, 0, '', 2, 1),
(371721, 371700, '曹县', 0, 0, '', 2, 1),
(371722, 371700, '单县', 0, 0, '', 2, 1),
(371723, 371700, '成武县', 0, 0, '', 2, 1),
(371724, 371700, '巨野县', 0, 0, '', 2, 1),
(371725, 371700, '郓城县', 0, 0, '', 2, 1),
(371726, 371700, '鄄城县', 0, 0, '', 2, 1),
(371727, 371700, '定陶县', 0, 0, '', 2, 1),
(371728, 371700, '东明县', 0, 0, '', 2, 1),
(410000, 0, '河南省', 0, 0, '', 0, 1),
(410100, 410000, '郑州市', 0, 0, 'Z', 1, 1),
(410102, 410100, '中原区', 0, 0, '', 2, 1),
(410103, 410100, '二七区', 0, 0, '', 2, 1),
(410104, 410100, '管城回族区', 0, 0, '', 2, 1),
(410105, 410100, '金水区', 0, 0, '', 2, 1),
(410106, 410100, '上街区', 0, 0, '', 2, 1),
(410108, 410100, '惠济区', 0, 0, '', 2, 1),
(410122, 410100, '中牟县', 0, 0, '', 2, 1),
(410181, 410100, '巩义市', 0, 0, '', 2, 1),
(410182, 410100, '荥阳市', 0, 0, '', 2, 1),
(410183, 410100, '新密市', 0, 0, '', 2, 1),
(410184, 410100, '新郑市', 0, 0, '', 2, 1),
(410185, 410100, '登封市', 0, 0, '', 2, 1),
(410200, 410000, '开封市', 0, 0, 'K', 1, 1),
(410202, 410200, '龙亭区', 0, 0, '', 2, 1),
(410203, 410200, '顺河回族区', 0, 0, '', 2, 1),
(410204, 410200, '鼓楼区', 0, 0, '', 2, 1),
(410205, 410200, '禹王台区', 0, 0, '', 2, 1),
(410212, 410200, '祥符区', 0, 0, '', 2, 1),
(410221, 410200, '杞县', 0, 0, '', 2, 1),
(410222, 410200, '通许县', 0, 0, '', 2, 1),
(410223, 410200, '尉氏县', 0, 0, '', 2, 1),
(410225, 410200, '兰考县', 0, 0, '', 2, 1),
(410300, 410000, '洛阳市', 0, 0, 'L', 1, 1),
(410302, 410300, '老城区', 0, 0, '', 2, 1),
(410303, 410300, '西工区', 0, 0, '', 2, 1),
(410304, 410300, '瀍河回族区', 0, 0, '', 2, 1),
(410305, 410300, '涧西区', 0, 0, '', 2, 1),
(410306, 410300, '吉利区', 0, 0, '', 2, 1),
(410311, 410300, '洛龙区', 0, 0, '', 2, 1),
(410322, 410300, '孟津县', 0, 0, '', 2, 1),
(410323, 410300, '新安县', 0, 0, '', 2, 1),
(410324, 410300, '栾川县', 0, 0, '', 2, 1),
(410325, 410300, '嵩县', 0, 0, '', 2, 1),
(410326, 410300, '汝阳县', 0, 0, '', 2, 1),
(410327, 410300, '宜阳县', 0, 0, '', 2, 1),
(410328, 410300, '洛宁县', 0, 0, '', 2, 1),
(410329, 410300, '伊川县', 0, 0, '', 2, 1),
(410381, 410300, '偃师市', 0, 0, '', 2, 1),
(410400, 410000, '平顶山市', 0, 0, 'P', 1, 1),
(410402, 410400, '新华区', 0, 0, '', 2, 1),
(410403, 410400, '卫东区', 0, 0, '', 2, 1),
(410404, 410400, '石龙区', 0, 0, '', 2, 1),
(410411, 410400, '湛河区', 0, 0, '', 2, 1),
(410421, 410400, '宝丰县', 0, 0, '', 2, 1),
(410422, 410400, '叶县', 0, 0, '', 2, 1),
(410423, 410400, '鲁山县', 0, 0, '', 2, 1),
(410425, 410400, '郏县', 0, 0, '', 2, 1),
(410481, 410400, '舞钢市', 0, 0, '', 2, 1),
(410482, 410400, '汝州市', 0, 0, '', 2, 1),
(410500, 410000, '安阳市', 0, 0, 'A', 1, 1),
(410502, 410500, '文峰区', 0, 0, '', 2, 1),
(410503, 410500, '北关区', 0, 0, '', 2, 1),
(410505, 410500, '殷都区', 0, 0, '', 2, 1),
(410506, 410500, '龙安区', 0, 0, '', 2, 1),
(410522, 410500, '安阳县', 0, 0, '', 2, 1),
(410523, 410500, '汤阴县', 0, 0, '', 2, 1),
(410526, 410500, '滑县', 0, 0, '', 2, 1),
(410527, 410500, '内黄县', 0, 0, '', 2, 1),
(410581, 410500, '林州市', 0, 0, '', 2, 1),
(410600, 410000, '鹤壁市', 0, 0, 'H', 1, 1),
(410602, 410600, '鹤山区', 0, 0, '', 2, 1),
(410603, 410600, '山城区', 0, 0, '', 2, 1),
(410611, 410600, '淇滨区', 0, 0, '', 2, 1),
(410621, 410600, '浚县', 0, 0, '', 2, 1),
(410622, 410600, '淇县', 0, 0, '', 2, 1),
(410700, 410000, '新乡市', 0, 0, 'X', 1, 1),
(410702, 410700, '红旗区', 0, 0, '', 2, 1),
(410703, 410700, '卫滨区', 0, 0, '', 2, 1),
(410704, 410700, '凤泉区', 0, 0, '', 2, 1),
(410711, 410700, '牧野区', 0, 0, '', 2, 1),
(410721, 410700, '新乡县', 0, 0, '', 2, 1),
(410724, 410700, '获嘉县', 0, 0, '', 2, 1),
(410725, 410700, '原阳县', 0, 0, '', 2, 1),
(410726, 410700, '延津县', 0, 0, '', 2, 1),
(410727, 410700, '封丘县', 0, 0, '', 2, 1),
(410728, 410700, '长垣县', 0, 0, '', 2, 1),
(410781, 410700, '卫辉市', 0, 0, '', 2, 1),
(410782, 410700, '辉县市', 0, 0, '', 2, 1),
(410800, 410000, '焦作市', 0, 0, 'J', 1, 1),
(410802, 410800, '解放区', 0, 0, '', 2, 1),
(410803, 410800, '中站区', 0, 0, '', 2, 1),
(410804, 410800, '马村区', 0, 0, '', 2, 1),
(410811, 410800, '山阳区', 0, 0, '', 2, 1),
(410821, 410800, '修武县', 0, 0, '', 2, 1),
(410822, 410800, '博爱县', 0, 0, '', 2, 1),
(410823, 410800, '武陟县', 0, 0, '', 2, 1),
(410825, 410800, '温县', 0, 0, '', 2, 1),
(410882, 410800, '沁阳市', 0, 0, '', 2, 1),
(410883, 410800, '孟州市', 0, 0, '', 2, 1),
(410900, 410000, '濮阳市', 0, 0, 'P', 1, 1),
(410902, 410900, '华龙区', 0, 0, '', 2, 1),
(410922, 410900, '清丰县', 0, 0, '', 2, 1),
(410923, 410900, '南乐县', 0, 0, '', 2, 1),
(410926, 410900, '范县', 0, 0, '', 2, 1),
(410927, 410900, '台前县', 0, 0, '', 2, 1),
(410928, 410900, '濮阳县', 0, 0, '', 2, 1),
(411000, 410000, '许昌市', 0, 0, 'X', 1, 1),
(411002, 411000, '魏都区', 0, 0, '', 2, 1),
(411023, 411000, '许昌县', 0, 0, '', 2, 1),
(411024, 411000, '鄢陵县', 0, 0, '', 2, 1),
(411025, 411000, '襄城县', 0, 0, '', 2, 1),
(411081, 411000, '禹州市', 0, 0, '', 2, 1),
(411082, 411000, '长葛市', 0, 0, '', 2, 1),
(411100, 410000, '漯河市', 0, 0, 'L', 1, 1),
(411102, 411100, '源汇区', 0, 0, '', 2, 1),
(411103, 411100, '郾城区', 0, 0, '', 2, 1),
(411104, 411100, '召陵区', 0, 0, '', 2, 1),
(411121, 411100, '舞阳县', 0, 0, '', 2, 1),
(411122, 411100, '临颍县', 0, 0, '', 2, 1),
(411200, 410000, '三门峡市', 0, 0, 'S', 1, 1),
(411202, 411200, '湖滨区', 0, 0, '', 2, 1),
(411203, 411200, '陕州区', 0, 0, '', 2, 1),
(411221, 411200, '渑池县', 0, 0, '', 2, 1),
(411224, 411200, '卢氏县', 0, 0, '', 2, 1),
(411281, 411200, '义马市', 0, 0, '', 2, 1),
(411282, 411200, '灵宝市', 0, 0, '', 2, 1),
(411300, 410000, '南阳市', 0, 0, 'N', 1, 1),
(411302, 411300, '宛城区', 0, 0, '', 2, 1),
(411303, 411300, '卧龙区', 0, 0, '', 2, 1),
(411321, 411300, '南召县', 0, 0, '', 2, 1),
(411322, 411300, '方城县', 0, 0, '', 2, 1),
(411323, 411300, '西峡县', 0, 0, '', 2, 1),
(411324, 411300, '镇平县', 0, 0, '', 2, 1),
(411325, 411300, '内乡县', 0, 0, '', 2, 1),
(411326, 411300, '淅川县', 0, 0, '', 2, 1),
(411327, 411300, '社旗县', 0, 0, '', 2, 1),
(411328, 411300, '唐河县', 0, 0, '', 2, 1),
(411329, 411300, '新野县', 0, 0, '', 2, 1),
(411330, 411300, '桐柏县', 0, 0, '', 2, 1),
(411381, 411300, '邓州市', 0, 0, '', 2, 1),
(411400, 410000, '商丘市', 0, 0, 'N', 1, 1),
(411402, 411400, '梁园区', 0, 0, '', 2, 1),
(411403, 411400, '睢阳区', 0, 0, '', 2, 1),
(411421, 411400, '民权县', 0, 0, '', 2, 1),
(411422, 411400, '睢县', 0, 0, '', 2, 1),
(411423, 411400, '宁陵县', 0, 0, '', 2, 1),
(411424, 411400, '柘城县', 0, 0, '', 2, 1),
(411425, 411400, '虞城县', 0, 0, '', 2, 1),
(411426, 411400, '夏邑县', 0, 0, '', 2, 1),
(411481, 411400, '永城市', 0, 0, '', 2, 1),
(411500, 410000, '信阳市', 0, 0, 'X', 1, 1),
(411502, 411500, '浉河区', 0, 0, '', 2, 1),
(411503, 411500, '平桥区', 0, 0, '', 2, 1),
(411521, 411500, '罗山县', 0, 0, '', 2, 1),
(411522, 411500, '光山县', 0, 0, '', 2, 1),
(411523, 411500, '新县', 0, 0, '', 2, 1),
(411524, 411500, '商城县', 0, 0, '', 2, 1),
(411525, 411500, '固始县', 0, 0, '', 2, 1),
(411526, 411500, '潢川县', 0, 0, '', 2, 1),
(411527, 411500, '淮滨县', 0, 0, '', 2, 1),
(411528, 411500, '息县', 0, 0, '', 2, 1),
(411600, 410000, '周口市', 0, 0, 'Z', 1, 1),
(411602, 411600, '川汇区', 0, 0, '', 2, 1),
(411621, 411600, '扶沟县', 0, 0, '', 2, 1),
(411622, 411600, '西华县', 0, 0, '', 2, 1),
(411623, 411600, '商水县', 0, 0, '', 2, 1),
(411624, 411600, '沈丘县', 0, 0, '', 2, 1),
(411625, 411600, '郸城县', 0, 0, '', 2, 1),
(411626, 411600, '淮阳县', 0, 0, '', 2, 1),
(411627, 411600, '太康县', 0, 0, '', 2, 1),
(411628, 411600, '鹿邑县', 0, 0, '', 2, 1),
(411681, 411600, '项城市', 0, 0, '', 2, 1),
(411700, 410000, '驻马店市', 0, 0, 'Z', 1, 1),
(411702, 411700, '驿城区', 0, 0, '', 2, 1),
(411721, 411700, '西平县', 0, 0, '', 2, 1),
(411722, 411700, '上蔡县', 0, 0, '', 2, 1),
(411723, 411700, '平舆县', 0, 0, '', 2, 1),
(411724, 411700, '正阳县', 0, 0, '', 2, 1),
(411725, 411700, '确山县', 0, 0, '', 2, 1),
(411726, 411700, '泌阳县', 0, 0, '', 2, 1),
(411727, 411700, '汝南县', 0, 0, '', 2, 1),
(411728, 411700, '遂平县', 0, 0, '', 2, 1),
(411729, 411700, '新蔡县', 0, 0, '', 2, 1),
(419000, 410000, '省直辖县级行政区划', 0, 0, 'S', 1, 1),
(419001, 419000, '济源市', 0, 0, '', 2, 1),
(420000, 0, '湖北省', 1, 0, '', 0, 1),
(420100, 420000, '武汉市', 1, 0, 'W', 1, 1),
(420102, 420100, '江岸区', 1, 0, '', 2, 1),
(420103, 420100, '江汉区', 1, 0, '', 2, 1),
(420104, 420100, '硚口区', 1, 0, '', 2, 1),
(420105, 420100, '汉阳区', 1, 0, '', 2, 1),
(420106, 420100, '武昌区', 1, 0, '', 2, 1),
(420107, 420100, '青山区', 1, 0, '', 2, 1),
(420111, 420100, '洪山区', 1, 0, '', 2, 1),
(420112, 420100, '东西湖区', 1, 0, '', 2, 1),
(420113, 420100, '汉南区', 1, 0, '', 2, 1),
(420114, 420100, '蔡甸区', 1, 0, '', 2, 1),
(420115, 420100, '江夏区', 1, 0, '', 2, 1),
(420116, 420100, '黄陂区', 1, 0, '', 2, 1),
(420117, 420100, '新洲区', 1, 0, '', 2, 1),
(420200, 420000, '黄石市', 1, 0, 'H', 1, 1),
(420202, 420200, '黄石港区', 1, 0, '', 2, 1),
(420203, 420200, '西塞山区', 1, 0, '', 2, 1),
(420204, 420200, '下陆区', 1, 0, '', 2, 1),
(420205, 420200, '铁山区', 1, 0, '', 2, 1),
(420222, 420200, '阳新县', 1, 0, '', 2, 1),
(420281, 420200, '大冶市', 1, 0, '', 2, 1),
(420300, 420000, '十堰市', 1, 0, 'S', 1, 1),
(420302, 420300, '茅箭区', 1, 0, '', 2, 1),
(420303, 420300, '张湾区', 1, 0, '', 2, 1),
(420304, 420300, '郧阳区', 1, 0, '', 2, 1),
(420322, 420300, '郧西县', 1, 0, '', 2, 1),
(420323, 420300, '竹山县', 1, 0, '', 2, 1),
(420324, 420300, '竹溪县', 1, 0, '', 2, 1),
(420325, 420300, '房县', 1, 0, '', 2, 1),
(420381, 420300, '丹江口市', 1, 0, '', 2, 1),
(420500, 420000, '宜昌市', 1, 0, 'Y', 1, 1),
(420502, 420500, '西陵区', 1, 0, '', 2, 1),
(420503, 420500, '伍家岗区', 1, 0, '', 2, 1),
(420504, 420500, '点军区', 1, 0, '', 2, 1),
(420505, 420500, '猇亭区', 1, 0, '', 2, 1),
(420506, 420500, '夷陵区', 1, 0, '', 2, 1),
(420525, 420500, '远安县', 1, 0, '', 2, 1),
(420526, 420500, '兴山县', 1, 0, '', 2, 1),
(420527, 420500, '秭归县', 1, 0, '', 2, 1),
(420528, 420500, '长阳土家族自治县', 1, 0, '', 2, 1),
(420529, 420500, '五峰土家族自治县', 1, 0, '', 2, 1),
(420581, 420500, '宜都市', 1, 0, '', 2, 1),
(420582, 420500, '当阳市', 1, 0, '', 2, 1),
(420583, 420500, '枝江市', 1, 0, '', 2, 1),
(420600, 420000, '襄阳市', 1, 0, 'X', 1, 1),
(420602, 420600, '襄城区', 1, 0, '', 2, 1),
(420606, 420600, '樊城区', 1, 0, '', 2, 1),
(420607, 420600, '襄州区', 1, 0, '', 2, 1),
(420624, 420600, '南漳县', 1, 0, '', 2, 1),
(420625, 420600, '谷城县', 1, 0, '', 2, 1),
(420626, 420600, '保康县', 1, 0, '', 2, 1),
(420682, 420600, '老河口市', 1, 0, '', 2, 1),
(420683, 420600, '枣阳市', 1, 0, '', 2, 1),
(420684, 420600, '宜城市', 1, 0, '', 2, 1),
(420700, 420000, '鄂州市', 1, 0, 'E', 1, 1),
(420702, 420700, '梁子湖区', 1, 0, '', 2, 1),
(420703, 420700, '华容区', 1, 0, '', 2, 1),
(420704, 420700, '鄂城区', 1, 0, '', 2, 1),
(420800, 420000, '荆门市', 1, 0, 'X', 1, 1),
(420802, 420800, '东宝区', 1, 0, '', 2, 1),
(420804, 420800, '掇刀区', 1, 0, '', 2, 1),
(420821, 420800, '京山县', 1, 0, '', 2, 1),
(420822, 420800, '沙洋县', 1, 0, '', 2, 1),
(420881, 420800, '钟祥市', 1, 0, '', 2, 1),
(420900, 420000, '孝感市', 1, 0, 'X', 1, 1),
(420902, 420900, '孝南区', 1, 0, '', 2, 1),
(420921, 420900, '孝昌县', 1, 0, '', 2, 1),
(420922, 420900, '大悟县', 1, 0, '', 2, 1),
(420923, 420900, '云梦县', 1, 0, '', 2, 1),
(420981, 420900, '应城市', 1, 0, '', 2, 1),
(420982, 420900, '安陆市', 1, 0, '', 2, 1),
(420984, 420900, '汉川市', 1, 0, '', 2, 1),
(421000, 420000, '荆州市', 1, 0, 'X', 1, 1),
(421002, 421000, '沙市区', 1, 0, '', 2, 1),
(421003, 421000, '荆州区', 1, 0, '', 2, 1),
(421022, 421000, '公安县', 1, 0, '', 2, 1),
(421023, 421000, '监利县', 1, 0, '', 2, 1),
(421024, 421000, '江陵县', 1, 0, '', 2, 1),
(421081, 421000, '石首市', 1, 0, '', 2, 1),
(421083, 421000, '洪湖市', 1, 0, '', 2, 1),
(421087, 421000, '松滋市', 1, 0, '', 2, 1),
(421100, 420000, '黄冈市', 1, 0, 'H', 1, 1),
(421102, 421100, '黄州区', 1, 0, '', 2, 1),
(421121, 421100, '团风县', 1, 0, '', 2, 1),
(421122, 421100, '红安县', 1, 0, '', 2, 1),
(421123, 421100, '罗田县', 1, 0, '', 2, 1),
(421124, 421100, '英山县', 1, 0, '', 2, 1),
(421125, 421100, '浠水县', 1, 0, '', 2, 1),
(421126, 421100, '蕲春县', 1, 0, '', 2, 1),
(421127, 421100, '黄梅县', 1, 0, '', 2, 1),
(421181, 421100, '麻城市', 1, 0, '', 2, 1),
(421182, 421100, '武穴市', 1, 0, '', 2, 1),
(421200, 420000, '咸宁市', 1, 0, 'X', 1, 1),
(421202, 421200, '咸安区', 1, 0, '', 2, 1),
(421221, 421200, '嘉鱼县', 1, 0, '', 2, 1),
(421222, 421200, '通城县', 1, 0, '', 2, 1),
(421223, 421200, '崇阳县', 1, 0, '', 2, 1),
(421224, 421200, '通山县', 1, 0, '', 2, 1),
(421281, 421200, '赤壁市', 1, 0, '', 2, 1),
(421300, 420000, '随州市', 1, 0, 'S', 1, 1),
(421303, 421300, '曾都区', 1, 0, '', 2, 1),
(421321, 421300, '随县', 1, 0, '', 2, 1),
(421381, 421300, '广水市', 1, 0, '', 2, 1),
(422800, 420000, '恩施土家族苗族自治州', 1, 0, 'E', 1, 1),
(422801, 422800, '恩施市', 1, 0, '', 2, 1),
(422802, 422800, '利川市', 1, 0, '', 2, 1),
(422822, 422800, '建始县', 1, 0, '', 2, 1),
(422823, 422800, '巴东县', 1, 0, '', 2, 1),
(422825, 422800, '宣恩县', 1, 0, '', 2, 1),
(422826, 422800, '咸丰县', 1, 0, '', 2, 1),
(422827, 422800, '来凤县', 1, 0, '', 2, 1),
(422828, 422800, '鹤峰县', 1, 0, '', 2, 1),
(429000, 420000, '省直辖县级行政区划', 1, 0, 'S', 1, 1),
(429004, 429000, '仙桃市', 1, 0, '', 2, 1),
(429005, 429000, '潜江市', 1, 0, '', 2, 1),
(429006, 429000, '天门市', 1, 0, '', 2, 1),
(429021, 429000, '神农架林区', 1, 0, '', 2, 1),
(430000, 0, '湖南省', 1, 0, '', 0, 1),
(430100, 430000, '长沙市', 1, 0, 'C', 1, 1),
(430102, 430100, '芙蓉区', 1, 0, '', 2, 1),
(430103, 430100, '天心区', 1, 0, '', 2, 1),
(430104, 430100, '岳麓区', 1, 0, '', 2, 1),
(430105, 430100, '开福区', 1, 0, '', 2, 1),
(430111, 430100, '雨花区', 1, 0, '', 2, 1),
(430112, 430100, '望城区', 1, 0, '', 2, 1),
(430121, 430100, '长沙县', 1, 0, '', 2, 1),
(430124, 430100, '宁乡县', 1, 0, '', 2, 1),
(430181, 430100, '浏阳市', 1, 0, '', 2, 1),
(430200, 430000, '株洲市', 1, 0, 'Z', 1, 1),
(430202, 430200, '荷塘区', 1, 0, '', 2, 1),
(430203, 430200, '芦淞区', 1, 0, '', 2, 1),
(430204, 430200, '石峰区', 1, 0, '', 2, 1),
(430211, 430200, '天元区', 1, 0, '', 2, 1),
(430221, 430200, '株洲县', 1, 0, '', 2, 1),
(430223, 430200, '攸县', 1, 0, '', 2, 1),
(430224, 430200, '茶陵县', 1, 0, '', 2, 1),
(430225, 430200, '炎陵县', 1, 0, '', 2, 1),
(430281, 430200, '醴陵市', 1, 0, '', 2, 1),
(430300, 430000, '湘潭市', 1, 0, 'X', 1, 1),
(430302, 430300, '雨湖区', 1, 0, '', 2, 1),
(430304, 430300, '岳塘区', 1, 0, '', 2, 1),
(430321, 430300, '湘潭县', 1, 0, '', 2, 1),
(430381, 430300, '湘乡市', 1, 0, '', 2, 1),
(430382, 430300, '韶山市', 1, 0, '', 2, 1),
(430400, 430000, '衡阳市', 1, 0, 'H', 1, 1),
(430405, 430400, '珠晖区', 1, 0, '', 2, 1),
(430406, 430400, '雁峰区', 1, 0, '', 2, 1),
(430407, 430400, '石鼓区', 1, 0, '', 2, 1),
(430408, 430400, '蒸湘区', 1, 0, '', 2, 1),
(430412, 430400, '南岳区', 1, 0, '', 2, 1),
(430421, 430400, '衡阳县', 1, 0, '', 2, 1),
(430422, 430400, '衡南县', 1, 0, '', 2, 1),
(430423, 430400, '衡山县', 1, 0, '', 2, 1),
(430424, 430400, '衡东县', 1, 0, '', 2, 1),
(430426, 430400, '祁东县', 1, 0, '', 2, 1),
(430481, 430400, '耒阳市', 1, 0, '', 2, 1),
(430482, 430400, '常宁市', 1, 0, '', 2, 1),
(430500, 430000, '邵阳市', 1, 0, 'S', 1, 1),
(430502, 430500, '双清区', 1, 0, '', 2, 1),
(430503, 430500, '大祥区', 1, 0, '', 2, 1),
(430511, 430500, '北塔区', 1, 0, '', 2, 1),
(430521, 430500, '邵东县', 1, 0, '', 2, 1),
(430522, 430500, '新邵县', 1, 0, '', 2, 1),
(430523, 430500, '邵阳县', 1, 0, '', 2, 1),
(430524, 430500, '隆回县', 1, 0, '', 2, 1),
(430525, 430500, '洞口县', 1, 0, '', 2, 1),
(430527, 430500, '绥宁县', 1, 0, '', 2, 1),
(430528, 430500, '新宁县', 1, 0, '', 2, 1),
(430529, 430500, '城步苗族自治县', 1, 0, '', 2, 1),
(430581, 430500, '武冈市', 1, 0, '', 2, 1),
(430600, 430000, '岳阳市', 1, 0, 'Y', 1, 1),
(430602, 430600, '岳阳楼区', 1, 0, '', 2, 1),
(430603, 430600, '云溪区', 1, 0, '', 2, 1),
(430611, 430600, '君山区', 1, 0, '', 2, 1),
(430621, 430600, '岳阳县', 1, 0, '', 2, 1),
(430623, 430600, '华容县', 1, 0, '', 2, 1),
(430624, 430600, '湘阴县', 1, 0, '', 2, 1),
(430626, 430600, '平江县', 1, 0, '', 2, 1),
(430681, 430600, '汨罗市', 1, 0, '', 2, 1),
(430682, 430600, '临湘市', 1, 0, '', 2, 1),
(430700, 430000, '常德市', 1, 0, 'C', 1, 1),
(430702, 430700, '武陵区', 1, 0, '', 2, 1),
(430703, 430700, '鼎城区', 1, 0, '', 2, 1),
(430721, 430700, '安乡县', 1, 0, '', 2, 1),
(430722, 430700, '汉寿县', 1, 0, '', 2, 1),
(430723, 430700, '澧县', 1, 0, '', 2, 1),
(430724, 430700, '临澧县', 1, 0, '', 2, 1),
(430725, 430700, '桃源县', 1, 0, '', 2, 1),
(430726, 430700, '石门县', 1, 0, '', 2, 1),
(430781, 430700, '津市市', 1, 0, '', 2, 1),
(430800, 430000, '张家界市', 1, 0, 'Z', 1, 1),
(430802, 430800, '永定区', 1, 0, '', 2, 1),
(430811, 430800, '武陵源区', 1, 0, '', 2, 1),
(430821, 430800, '慈利县', 1, 0, '', 2, 1),
(430822, 430800, '桑植县', 1, 0, '', 2, 1),
(430900, 430000, '益阳市', 1, 0, 'Y', 1, 1),
(430902, 430900, '资阳区', 1, 0, '', 2, 1),
(430903, 430900, '赫山区', 1, 0, '', 2, 1),
(430921, 430900, '南县', 1, 0, '', 2, 1),
(430922, 430900, '桃江县', 1, 0, '', 2, 1),
(430923, 430900, '安化县', 1, 0, '', 2, 1),
(430981, 430900, '沅江市', 1, 0, '', 2, 1),
(431000, 430000, '郴州市', 1, 0, 'C', 1, 1),
(431002, 431000, '北湖区', 1, 0, '', 2, 1),
(431003, 431000, '苏仙区', 1, 0, '', 2, 1),
(431021, 431000, '桂阳县', 1, 0, '', 2, 1),
(431022, 431000, '宜章县', 1, 0, '', 2, 1),
(431023, 431000, '永兴县', 1, 0, '', 2, 1),
(431024, 431000, '嘉禾县', 1, 0, '', 2, 1),
(431025, 431000, '临武县', 1, 0, '', 2, 1),
(431026, 431000, '汝城县', 1, 0, '', 2, 1),
(431027, 431000, '桂东县', 1, 0, '', 2, 1),
(431028, 431000, '安仁县', 1, 0, '', 2, 1),
(431081, 431000, '资兴市', 1, 0, '', 2, 1),
(431100, 430000, '永州市', 1, 0, 'Y', 1, 1),
(431102, 431100, '零陵区', 1, 0, '', 2, 1),
(431103, 431100, '冷水滩区', 1, 0, '', 2, 1),
(431121, 431100, '祁阳县', 1, 0, '', 2, 1),
(431122, 431100, '东安县', 1, 0, '', 2, 1),
(431123, 431100, '双牌县', 1, 0, '', 2, 1),
(431124, 431100, '道县', 1, 0, '', 2, 1),
(431125, 431100, '江永县', 1, 0, '', 2, 1),
(431126, 431100, '宁远县', 1, 0, '', 2, 1),
(431127, 431100, '蓝山县', 1, 0, '', 2, 1),
(431128, 431100, '新田县', 1, 0, '', 2, 1),
(431129, 431100, '江华瑶族自治县', 1, 0, '', 2, 1),
(431200, 430000, '怀化市', 1, 0, 'H', 1, 1),
(431202, 431200, '鹤城区', 1, 0, '', 2, 1),
(431221, 431200, '中方县', 1, 0, '', 2, 1),
(431222, 431200, '沅陵县', 1, 0, '', 2, 1),
(431223, 431200, '辰溪县', 1, 0, '', 2, 1),
(431224, 431200, '溆浦县', 1, 0, '', 2, 1),
(431225, 431200, '会同县', 1, 0, '', 2, 1),
(431226, 431200, '麻阳苗族自治县', 1, 0, '', 2, 1),
(431227, 431200, '新晃侗族自治县', 1, 0, '', 2, 1),
(431228, 431200, '芷江侗族自治县', 1, 0, '', 2, 1),
(431229, 431200, '靖州苗族侗族自治县', 1, 0, '', 2, 1),
(431230, 431200, '通道侗族自治县', 1, 0, '', 2, 1),
(431281, 431200, '洪江市', 1, 0, '', 2, 1),
(431300, 430000, '娄底市', 1, 0, 'L', 1, 1),
(431302, 431300, '娄星区', 1, 0, '', 2, 1),
(431321, 431300, '双峰县', 1, 0, '', 2, 1),
(431322, 431300, '新化县', 1, 0, '', 2, 1),
(431381, 431300, '冷水江市', 1, 0, '', 2, 1),
(431382, 431300, '涟源市', 1, 0, '', 2, 1),
(433100, 430000, '湘西土家族苗族自治州', 1, 0, 'X', 1, 1),
(433101, 433100, '吉首市', 1, 0, '', 2, 1),
(433122, 433100, '泸溪县', 1, 0, '', 2, 1),
(433123, 433100, '凤凰县', 1, 0, '', 2, 1),
(433124, 433100, '花垣县', 1, 0, '', 2, 1),
(433125, 433100, '保靖县', 1, 0, '', 2, 1),
(433126, 433100, '古丈县', 1, 0, '', 2, 1),
(433127, 433100, '永顺县', 1, 0, '', 2, 1),
(433130, 433100, '龙山县', 1, 0, '', 2, 1),
(440000, 0, '广东省', 1, 0, '', 0, 1),
(440100, 440000, '广州市', 1, 0, 'G', 1, 1),
(440103, 440100, '荔湾区', 1, 1, '', 2, 1),
(440104, 440100, '越秀区', 1, 2, '', 2, 1),
(440105, 440100, '海珠区', 1, 3, '', 2, 1),
(440106, 440100, '天河区', 1, 0, '', 2, 1),
(440111, 440100, '白云区', 1, 0, '', 2, 1),
(440112, 440100, '黄埔区', 1, 4, '', 2, 1),
(440113, 440100, '番禺区', 1, 5, '', 2, 1),
(440114, 440100, '花都区', 1, 6, '', 2, 1),
(440115, 440100, '南沙区', 1, 7, '', 2, 1),
(440117, 440100, '从化区', 1, 8, '', 2, 1),
(440118, 440100, '增城区', 1, 9, '', 2, 1),
(440200, 440000, '韶关市', 1, 0, 'S', 1, 1),
(440203, 440200, '武江区', 1, 0, '', 2, 1),
(440204, 440200, '浈江区', 1, 0, '', 2, 1),
(440205, 440200, '曲江区', 1, 0, '', 2, 1),
(440222, 440200, '始兴县', 1, 0, '', 2, 1),
(440224, 440200, '仁化县', 1, 0, '', 2, 1),
(440229, 440200, '翁源县', 1, 0, '', 2, 1),
(440232, 440200, '乳源瑶族自治县', 1, 0, '', 2, 1),
(440233, 440200, '新丰县', 1, 0, '', 2, 1),
(440281, 440200, '乐昌市', 1, 0, '', 2, 1),
(440282, 440200, '南雄市', 1, 0, '', 2, 1),
(440300, 440000, '深圳市', 1, 0, 'S', 1, 1),
(440303, 440300, '罗湖区', 1, 0, '', 2, 1),
(440304, 440300, '福田区', 1, 0, '', 2, 1),
(440305, 440300, '南山区', 1, 0, '', 2, 1),
(440306, 440300, '宝安区', 1, 0, '', 2, 1),
(440307, 440300, '龙岗区', 1, 0, '', 2, 1),
(440308, 440300, '盐田区', 1, 0, '', 2, 1),
(440400, 440000, '珠海市', 1, 0, 'Z', 1, 1),
(440402, 440400, '香洲区', 1, 0, '', 2, 1),
(440403, 440400, '斗门区', 1, 0, '', 2, 1),
(440404, 440400, '金湾区', 1, 0, '', 2, 1),
(440500, 440000, '汕头市', 1, 0, 'S', 1, 1),
(440507, 440500, '龙湖区', 1, 0, '', 2, 1),
(440511, 440500, '金平区', 1, 0, '', 2, 1),
(440512, 440500, '濠江区', 1, 0, '', 2, 1),
(440513, 440500, '潮阳区', 1, 0, '', 2, 1),
(440514, 440500, '潮南区', 1, 0, '', 2, 1),
(440515, 440500, '澄海区', 1, 0, '', 2, 1),
(440523, 440500, '南澳县', 1, 0, '', 2, 1),
(440600, 440000, '佛山市', 1, 0, 'F', 1, 1),
(440604, 440600, '禅城区', 1, 0, '', 2, 1),
(440605, 440600, '南海区', 1, 0, '', 2, 1),
(440606, 440600, '顺德区', 1, 0, '', 2, 1),
(440607, 440600, '三水区', 1, 0, '', 2, 1),
(440608, 440600, '高明区', 1, 0, '', 2, 1),
(440700, 440000, '江门市', 1, 0, 'J', 1, 1),
(440703, 440700, '蓬江区', 1, 0, '', 2, 1),
(440704, 440700, '江海区', 1, 0, '', 2, 1),
(440705, 440700, '新会区', 1, 0, '', 2, 1),
(440781, 440700, '台山市', 1, 0, '', 2, 1),
(440783, 440700, '开平市', 1, 0, '', 2, 1),
(440784, 440700, '鹤山市', 1, 0, '', 2, 1),
(440785, 440700, '恩平市', 1, 0, '', 2, 1),
(440800, 440000, '湛江市', 1, 0, 'Z', 1, 1),
(440802, 440800, '赤坎区', 1, 0, '', 2, 1),
(440803, 440800, '霞山区', 1, 0, '', 2, 1),
(440804, 440800, '坡头区', 1, 0, '', 2, 1),
(440811, 440800, '麻章区', 1, 0, '', 2, 1),
(440823, 440800, '遂溪县', 1, 0, '', 2, 1),
(440825, 440800, '徐闻县', 1, 0, '', 2, 1),
(440881, 440800, '廉江市', 1, 0, '', 2, 1),
(440882, 440800, '雷州市', 1, 0, '', 2, 1),
(440883, 440800, '吴川市', 1, 0, '', 2, 1),
(440900, 440000, '茂名市', 1, 0, 'M', 1, 1),
(440902, 440900, '茂南区', 1, 0, '', 2, 1),
(440904, 440900, '电白区', 1, 0, '', 2, 1),
(440981, 440900, '高州市', 1, 0, '', 2, 1),
(440982, 440900, '化州市', 1, 0, '', 2, 1),
(440983, 440900, '信宜市', 1, 0, '', 2, 1),
(441200, 440000, '肇庆市', 1, 0, 'Z', 1, 1),
(441202, 441200, '端州区', 1, 0, '', 2, 1),
(441203, 441200, '鼎湖区', 1, 0, '', 2, 1),
(441223, 441200, '广宁县', 1, 0, '', 2, 1),
(441224, 441200, '怀集县', 1, 0, '', 2, 1),
(441225, 441200, '封开县', 1, 0, '', 2, 1),
(441226, 441200, '德庆县', 1, 0, '', 2, 1),
(441283, 441200, '高要市', 1, 0, '', 2, 1),
(441284, 441200, '四会市', 1, 0, '', 2, 1),
(441300, 440000, '惠州市', 1, 0, 'H', 1, 1),
(441302, 441300, '惠城区', 1, 0, '', 2, 1),
(441303, 441300, '惠阳区', 1, 0, '', 2, 1),
(441322, 441300, '博罗县', 1, 0, '', 2, 1),
(441323, 441300, '惠东县', 1, 0, '', 2, 1),
(441324, 441300, '龙门县', 1, 0, '', 2, 1),
(441400, 440000, '梅州市', 1, 0, 'M', 1, 1),
(441402, 441400, '梅江区', 1, 0, '', 2, 1),
(441403, 441400, '梅县区', 1, 0, '', 2, 1),
(441422, 441400, '大埔县', 1, 0, '', 2, 1),
(441423, 441400, '丰顺县', 1, 0, '', 2, 1),
(441424, 441400, '五华县', 1, 0, '', 2, 1),
(441426, 441400, '平远县', 1, 0, '', 2, 1),
(441427, 441400, '蕉岭县', 1, 0, '', 2, 1),
(441481, 441400, '兴宁市', 1, 0, '', 2, 1),
(441500, 440000, '汕尾市', 1, 0, 'S', 1, 1),
(441502, 441500, '城区', 1, 0, '', 2, 1),
(441521, 441500, '海丰县', 1, 0, '', 2, 1),
(441523, 441500, '陆河县', 1, 0, '', 2, 1),
(441581, 441500, '陆丰市', 1, 0, '', 2, 1),
(441600, 440000, '河源市', 1, 0, 'H', 1, 1),
(441602, 441600, '源城区', 1, 0, '', 2, 1),
(441621, 441600, '紫金县', 1, 0, '', 2, 1),
(441622, 441600, '龙川县', 1, 0, '', 2, 1),
(441623, 441600, '连平县', 1, 0, '', 2, 1),
(441624, 441600, '和平县', 1, 0, '', 2, 1),
(441625, 441600, '东源县', 1, 0, '', 2, 1),
(441700, 440000, '阳江市', 1, 0, 'Y', 1, 1),
(441702, 441700, '江城区', 1, 0, '', 2, 1),
(441704, 441700, '阳东区', 1, 0, '', 2, 1),
(441721, 441700, '阳西县', 1, 0, '', 2, 1),
(441781, 441700, '阳春市', 1, 0, '', 2, 1),
(441800, 440000, '清远市', 1, 0, 'Q', 1, 1),
(441802, 441800, '清城区', 1, 0, '', 2, 1),
(441803, 441800, '清新区', 1, 0, '', 2, 1),
(441821, 441800, '佛冈县', 1, 0, '', 2, 1),
(441823, 441800, '阳山县', 1, 0, '', 2, 1),
(441825, 441800, '连山壮族瑶族自治县', 1, 0, '', 2, 1),
(441826, 441800, '连南瑶族自治县', 1, 0, '', 2, 1),
(441881, 441800, '英德市', 1, 0, '', 2, 1),
(441882, 441800, '连州市', 1, 0, '', 2, 1),
(441900, 440000, '东莞市', 1, 0, 'D', 1, 1),
(442000, 440000, '中山市', 1, 0, 'Z', 1, 1),
(445100, 440000, '潮州市', 1, 0, 'C', 1, 1),
(445102, 445100, '湘桥区', 1, 0, '', 2, 1),
(445103, 445100, '潮安区', 1, 0, '', 2, 1),
(445122, 445100, '饶平县', 1, 0, '', 2, 1),
(445200, 440000, '揭阳市', 1, 0, 'J', 1, 1),
(445202, 445200, '榕城区', 1, 0, '', 2, 1),
(445203, 445200, '揭东区', 1, 0, '', 2, 1),
(445222, 445200, '揭西县', 1, 0, '', 2, 1),
(445224, 445200, '惠来县', 1, 0, '', 2, 1),
(445281, 445200, '普宁市', 1, 0, '', 2, 1),
(445300, 440000, '云浮市', 1, 0, 'Y', 1, 1),
(445302, 445300, '云城区', 1, 0, '', 2, 1),
(445303, 445300, '云安区', 1, 0, '', 2, 1),
(445321, 445300, '新兴县', 1, 0, '', 2, 1),
(445322, 445300, '郁南县', 1, 0, '', 2, 1),
(445381, 445300, '罗定市', 1, 0, '', 2, 1),
(450000, 0, '广西壮族自治区', 0, 0, '', 0, 1),
(450100, 450000, '南宁市', 0, 0, 'N', 1, 1),
(450102, 450100, '兴宁区', 0, 0, '', 2, 1),
(450103, 450100, '青秀区', 0, 0, '', 2, 1),
(450105, 450100, '江南区', 0, 0, '', 2, 1),
(450107, 450100, '西乡塘区', 0, 0, '', 2, 1),
(450108, 450100, '良庆区', 0, 0, '', 2, 1),
(450109, 450100, '邕宁区', 0, 0, '', 2, 1),
(450110, 450100, '武鸣区', 0, 0, '', 2, 1),
(450123, 450100, '隆安县', 0, 0, '', 2, 1),
(450124, 450100, '马山县', 0, 0, '', 2, 1),
(450125, 450100, '上林县', 0, 0, '', 2, 1),
(450126, 450100, '宾阳县', 0, 0, '', 2, 1),
(450127, 450100, '横县', 0, 0, '', 2, 1),
(450200, 450000, '柳州市', 0, 0, 'L', 1, 1),
(450202, 450200, '城中区', 0, 0, '', 2, 1),
(450203, 450200, '鱼峰区', 0, 0, '', 2, 1),
(450204, 450200, '柳南区', 0, 0, '', 2, 1),
(450205, 450200, '柳北区', 0, 0, '', 2, 1),
(450221, 450200, '柳江县', 0, 0, '', 2, 1),
(450222, 450200, '柳城县', 0, 0, '', 2, 1),
(450223, 450200, '鹿寨县', 0, 0, '', 2, 1),
(450224, 450200, '融安县', 0, 0, '', 2, 1),
(450225, 450200, '融水苗族自治县', 0, 0, '', 2, 1),
(450226, 450200, '三江侗族自治县', 0, 0, '', 2, 1),
(450300, 450000, '桂林市', 0, 0, 'G', 1, 1),
(450302, 450300, '秀峰区', 0, 0, '', 2, 1),
(450303, 450300, '叠彩区', 0, 0, '', 2, 1),
(450304, 450300, '象山区', 0, 0, '', 2, 1),
(450305, 450300, '七星区', 0, 0, '', 2, 1),
(450311, 450300, '雁山区', 0, 0, '', 2, 1),
(450312, 450300, '临桂区', 0, 0, '', 2, 1),
(450321, 450300, '阳朔县', 0, 0, '', 2, 1),
(450323, 450300, '灵川县', 0, 0, '', 2, 1),
(450324, 450300, '全州县', 0, 0, '', 2, 1),
(450325, 450300, '兴安县', 0, 0, '', 2, 1),
(450326, 450300, '永福县', 0, 0, '', 2, 1),
(450327, 450300, '灌阳县', 0, 0, '', 2, 1),
(450328, 450300, '龙胜各族自治县', 0, 0, '', 2, 1),
(450329, 450300, '资源县', 0, 0, '', 2, 1),
(450330, 450300, '平乐县', 0, 0, '', 2, 1),
(450331, 450300, '荔浦县', 0, 0, '', 2, 1),
(450332, 450300, '恭城瑶族自治县', 0, 0, '', 2, 1),
(450400, 450000, '梧州市', 0, 0, 'W', 1, 1),
(450403, 450400, '万秀区', 0, 0, '', 2, 1),
(450405, 450400, '长洲区', 0, 0, '', 2, 1),
(450406, 450400, '龙圩区', 0, 0, '', 2, 1),
(450421, 450400, '苍梧县', 0, 0, '', 2, 1),
(450422, 450400, '藤县', 0, 0, '', 2, 1),
(450423, 450400, '蒙山县', 0, 0, '', 2, 1),
(450481, 450400, '岑溪市', 0, 0, '', 2, 1),
(450500, 450000, '北海市', 0, 0, 'B', 1, 1),
(450502, 450500, '海城区', 0, 0, '', 2, 1),
(450503, 450500, '银海区', 0, 0, '', 2, 1),
(450512, 450500, '铁山港区', 0, 0, '', 2, 1),
(450521, 450500, '合浦县', 0, 0, '', 2, 1),
(450600, 450000, '防城港市', 0, 0, 'F', 1, 1),
(450602, 450600, '港口区', 0, 0, '', 2, 1),
(450603, 450600, '防城区', 0, 0, '', 2, 1),
(450621, 450600, '上思县', 0, 0, '', 2, 1),
(450681, 450600, '东兴市', 0, 0, '', 2, 1),
(450700, 450000, '钦州市', 0, 0, 'Q', 1, 1),
(450702, 450700, '钦南区', 0, 0, '', 2, 1),
(450703, 450700, '钦北区', 0, 0, '', 2, 1),
(450721, 450700, '灵山县', 0, 0, '', 2, 1),
(450722, 450700, '浦北县', 0, 0, '', 2, 1),
(450800, 450000, '贵港市', 0, 0, 'G', 1, 1),
(450802, 450800, '港北区', 0, 0, '', 2, 1),
(450803, 450800, '港南区', 0, 0, '', 2, 1),
(450804, 450800, '覃塘区', 0, 0, '', 2, 1),
(450821, 450800, '平南县', 0, 0, '', 2, 1),
(450881, 450800, '桂平市', 0, 0, '', 2, 1),
(450900, 450000, '玉林市', 0, 0, 'Y', 1, 1),
(450902, 450900, '玉州区', 0, 0, '', 2, 1),
(450903, 450900, '福绵区', 0, 0, '', 2, 1),
(450921, 450900, '容县', 0, 0, '', 2, 1),
(450922, 450900, '陆川县', 0, 0, '', 2, 1),
(450923, 450900, '博白县', 0, 0, '', 2, 1),
(450924, 450900, '兴业县', 0, 0, '', 2, 1),
(450981, 450900, '北流市', 0, 0, '', 2, 1),
(451000, 450000, '百色市', 0, 0, 'B', 1, 1),
(451002, 451000, '右江区', 0, 0, '', 2, 1),
(451021, 451000, '田阳县', 0, 0, '', 2, 1),
(451022, 451000, '田东县', 0, 0, '', 2, 1),
(451023, 451000, '平果县', 0, 0, '', 2, 1),
(451024, 451000, '德保县', 0, 0, '', 2, 1),
(451025, 451000, '靖西县', 0, 0, '', 2, 1),
(451026, 451000, '那坡县', 0, 0, '', 2, 1),
(451027, 451000, '凌云县', 0, 0, '', 2, 1),
(451028, 451000, '乐业县', 0, 0, '', 2, 1),
(451029, 451000, '田林县', 0, 0, '', 2, 1),
(451030, 451000, '西林县', 0, 0, '', 2, 1),
(451031, 451000, '隆林各族自治县', 0, 0, '', 2, 1),
(451100, 450000, '贺州市', 0, 0, 'H', 1, 1),
(451102, 451100, '八步区', 0, 0, '', 2, 1),
(451119, 451100, '平桂管理区', 0, 0, '', 2, 1),
(451121, 451100, '昭平县', 0, 0, '', 2, 1),
(451122, 451100, '钟山县', 0, 0, '', 2, 1),
(451123, 451100, '富川瑶族自治县', 0, 0, '', 2, 1),
(451200, 450000, '河池市', 0, 0, 'H', 1, 1),
(451202, 451200, '金城江区', 0, 0, '', 2, 1),
(451221, 451200, '南丹县', 0, 0, '', 2, 1),
(451222, 451200, '天峨县', 0, 0, '', 2, 1),
(451223, 451200, '凤山县', 0, 0, '', 2, 1),
(451224, 451200, '东兰县', 0, 0, '', 2, 1),
(451225, 451200, '罗城仫佬族自治县', 0, 0, '', 2, 1),
(451226, 451200, '环江毛南族自治县', 0, 0, '', 2, 1),
(451227, 451200, '巴马瑶族自治县', 0, 0, '', 2, 1),
(451228, 451200, '都安瑶族自治县', 0, 0, '', 2, 1),
(451229, 451200, '大化瑶族自治县', 0, 0, '', 2, 1),
(451281, 451200, '宜州市', 0, 0, '', 2, 1),
(451300, 450000, '来宾市', 0, 0, 'L', 1, 1),
(451302, 451300, '兴宾区', 0, 0, '', 2, 1),
(451321, 451300, '忻城县', 0, 0, '', 2, 1),
(451322, 451300, '象州县', 0, 0, '', 2, 1),
(451323, 451300, '武宣县', 0, 0, '', 2, 1),
(451324, 451300, '金秀瑶族自治县', 0, 0, '', 2, 1),
(451381, 451300, '合山市', 0, 0, '', 2, 1),
(451400, 450000, '崇左市', 0, 0, 'C', 1, 1),
(451402, 451400, '江州区', 0, 0, '', 2, 1),
(451421, 451400, '扶绥县', 0, 0, '', 2, 1),
(451422, 451400, '宁明县', 0, 0, '', 2, 1),
(451423, 451400, '龙州县', 0, 0, '', 2, 1),
(451424, 451400, '大新县', 0, 0, '', 2, 1),
(451425, 451400, '天等县', 0, 0, '', 2, 1),
(451481, 451400, '凭祥市', 0, 0, '', 2, 1),
(460000, 0, '海南省', 0, 0, '', 0, 1),
(460100, 460000, '海口市', 0, 0, 'H', 1, 1),
(460105, 460100, '秀英区', 0, 0, '', 2, 1),
(460106, 460100, '龙华区', 0, 0, '', 2, 1),
(460107, 460100, '琼山区', 0, 0, '', 2, 1),
(460108, 460100, '美兰区', 0, 0, '', 2, 1),
(460200, 460000, '三亚市', 0, 0, 'S', 1, 1),
(460202, 460200, '海棠区', 0, 0, '', 2, 1),
(460203, 460200, '吉阳区', 0, 0, '', 2, 1),
(460204, 460200, '天涯区', 0, 0, '', 2, 1),
(460205, 460200, '崖州区', 0, 0, '', 2, 1),
(460300, 460000, '三沙市', 0, 0, 'S', 1, 1),
(460400, 460000, '儋州市', 0, 0, 'D', 1, 1),
(469000, 460000, '省直辖县级行政区划', 0, 0, 'S', 1, 1),
(469001, 469000, '五指山市', 0, 0, '', 2, 1),
(469002, 469000, '琼海市', 0, 0, '', 2, 1),
(469005, 469000, '文昌市', 0, 0, '', 2, 1),
(469006, 469000, '万宁市', 0, 0, '', 2, 1),
(469007, 469000, '东方市', 0, 0, '', 2, 1),
(469021, 469000, '定安县', 0, 0, '', 2, 1),
(469022, 469000, '屯昌县', 0, 0, '', 2, 1),
(469023, 469000, '澄迈县', 0, 0, '', 2, 1),
(469024, 469000, '临高县', 0, 0, '', 2, 1),
(469025, 469000, '白沙黎族自治县', 0, 0, '', 2, 1),
(469026, 469000, '昌江黎族自治县', 0, 0, '', 2, 1),
(469027, 469000, '乐东黎族自治县', 0, 0, '', 2, 1),
(469028, 469000, '陵水黎族自治县', 0, 0, '', 2, 1),
(469029, 469000, '保亭黎族苗族自治县', 0, 0, '', 2, 1),
(469030, 469000, '琼中黎族苗族自治县', 0, 0, '', 2, 1),
(500000, 0, '重庆市', 0, 0, '', 0, 1),
(500101, 500100, '万州区', 0, 0, '', 2, 1),
(500102, 500100, '涪陵区', 0, 0, '', 2, 1),
(500103, 500100, '渝中区', 0, 0, '', 2, 1),
(500104, 500100, '大渡口区', 0, 0, '', 2, 1),
(500105, 500100, '江北区', 0, 0, '', 2, 1),
(500106, 500100, '沙坪坝区', 0, 0, '', 2, 1),
(500107, 500100, '九龙坡区', 0, 0, '', 2, 1),
(500108, 500100, '南岸区', 0, 0, '', 2, 1),
(500109, 500100, '北碚区', 0, 0, '', 2, 1),
(500110, 500100, '綦江区', 0, 0, '', 2, 1),
(500111, 500100, '大足区', 0, 0, '', 2, 1),
(500112, 500100, '渝北区', 0, 0, '', 2, 1),
(500113, 500100, '巴南区', 0, 0, '', 2, 1),
(500114, 500100, '黔江区', 0, 0, '', 2, 1),
(500115, 500100, '长寿区', 0, 0, '', 2, 1),
(500116, 500100, '江津区', 0, 0, '', 2, 1),
(500117, 500100, '合川区', 0, 0, '', 2, 1),
(500118, 500100, '永川区', 0, 0, '', 2, 1),
(500119, 500100, '南川区', 0, 0, '', 2, 1),
(500120, 500100, '璧山区', 0, 0, '', 2, 1),
(500151, 500100, '铜梁区', 0, 0, '', 2, 1),
(500223, 500200, '潼南县', 0, 0, '', 2, 1),
(500226, 500200, '荣昌县', 0, 0, '', 2, 1),
(500228, 500200, '梁平县', 0, 0, '', 2, 1),
(500229, 500200, '城口县', 0, 0, '', 2, 1),
(500230, 500200, '丰都县', 0, 0, '', 2, 1),
(500231, 500200, '垫江县', 0, 0, '', 2, 1),
(500232, 500200, '武隆县', 0, 0, '', 2, 1),
(500233, 500200, '忠县', 0, 0, '', 2, 1),
(500234, 500200, '开县', 0, 0, '', 2, 1),
(500235, 500200, '云阳县', 0, 0, '', 2, 1),
(500236, 500200, '奉节县', 0, 0, '', 2, 1),
(500237, 500200, '巫山县', 0, 0, '', 2, 1),
(500238, 500200, '巫溪县', 0, 0, '', 2, 1),
(500240, 500200, '石柱土家族自治县', 0, 0, '', 2, 1),
(500241, 500200, '秀山土家族苗族自治县', 0, 0, '', 2, 1),
(500242, 500200, '酉阳土家族苗族自治县', 0, 0, '', 2, 1),
(500243, 500200, '彭水苗族土家族自治县', 0, 0, '', 2, 1),
(510000, 0, '四川省', 1, 0, '', 0, 1),
(510100, 510000, '成都市', 1, 0, 'C', 1, 1),
(510104, 510100, '锦江区', 1, 0, '', 2, 1),
(510105, 510100, '青羊区', 1, 0, '', 2, 1),
(510106, 510100, '金牛区', 1, 0, '', 2, 1),
(510107, 510100, '武侯区', 1, 0, '', 2, 1),
(510108, 510100, '成华区', 1, 0, '', 2, 1),
(510112, 510100, '龙泉驿区', 1, 0, '', 2, 1),
(510113, 510100, '青白江区', 1, 0, '', 2, 1),
(510114, 510100, '新都区', 1, 0, '', 2, 1),
(510115, 510100, '温江区', 1, 0, '', 2, 1),
(510121, 510100, '金堂县', 1, 0, '', 2, 1),
(510122, 510100, '双流县', 1, 0, '', 2, 1),
(510124, 510100, '郫县', 1, 0, '', 2, 1),
(510129, 510100, '大邑县', 1, 0, '', 2, 1),
(510131, 510100, '蒲江县', 1, 0, '', 2, 1),
(510132, 510100, '新津县', 1, 0, '', 2, 1),
(510181, 510100, '都江堰市', 1, 0, '', 2, 1),
(510182, 510100, '彭州市', 1, 0, '', 2, 1),
(510183, 510100, '邛崃市', 1, 0, '', 2, 1),
(510184, 510100, '崇州市', 1, 0, '', 2, 1),
(510300, 510000, '自贡市', 1, 0, 'Z', 1, 1),
(510302, 510300, '自流井区', 1, 0, '', 2, 1),
(510303, 510300, '贡井区', 1, 0, '', 2, 1),
(510304, 510300, '大安区', 1, 0, '', 2, 1),
(510311, 510300, '沿滩区', 1, 0, '', 2, 1),
(510321, 510300, '荣县', 1, 0, '', 2, 1),
(510322, 510300, '富顺县', 1, 0, '', 2, 1),
(510400, 510000, '攀枝花市', 1, 0, 'P', 1, 1),
(510402, 510400, '东区', 1, 0, '', 2, 1),
(510403, 510400, '西区', 1, 0, '', 2, 1),
(510411, 510400, '仁和区', 1, 0, '', 2, 1),
(510421, 510400, '米易县', 1, 0, '', 2, 1),
(510422, 510400, '盐边县', 1, 0, '', 2, 1),
(510500, 510000, '泸州市', 1, 0, 'L', 1, 1),
(510502, 510500, '江阳区', 1, 0, '', 2, 1),
(510503, 510500, '纳溪区', 1, 0, '', 2, 1),
(510504, 510500, '龙马潭区', 1, 0, '', 2, 1),
(510521, 510500, '泸县', 1, 0, '', 2, 1),
(510522, 510500, '合江县', 1, 0, '', 2, 1),
(510524, 510500, '叙永县', 1, 0, '', 2, 1),
(510525, 510500, '古蔺县', 1, 0, '', 2, 1),
(510600, 510000, '德阳市', 1, 0, 'D', 1, 1),
(510603, 510600, '旌阳区', 1, 0, '', 2, 1),
(510623, 510600, '中江县', 1, 0, '', 2, 1),
(510626, 510600, '罗江县', 1, 0, '', 2, 1),
(510681, 510600, '广汉市', 1, 0, '', 2, 1),
(510682, 510600, '什邡市', 1, 0, '', 2, 1),
(510683, 510600, '绵竹市', 1, 0, '', 2, 1),
(510700, 510000, '绵阳市', 1, 0, 'M', 1, 1),
(510703, 510700, '涪城区', 1, 0, '', 2, 1),
(510704, 510700, '游仙区', 1, 0, '', 2, 1),
(510722, 510700, '三台县', 1, 0, '', 2, 1),
(510723, 510700, '盐亭县', 1, 0, '', 2, 1),
(510724, 510700, '安县', 1, 0, '', 2, 1),
(510725, 510700, '梓潼县', 1, 0, '', 2, 1),
(510726, 510700, '北川羌族自治县', 1, 0, '', 2, 1),
(510727, 510700, '平武县', 1, 0, '', 2, 1),
(510781, 510700, '江油市', 1, 0, '', 2, 1),
(510800, 510000, '广元市', 1, 0, 'G', 1, 1),
(510802, 510800, '利州区', 1, 0, '', 2, 1),
(510811, 510800, '昭化区', 1, 0, '', 2, 1),
(510812, 510800, '朝天区', 1, 0, '', 2, 1),
(510821, 510800, '旺苍县', 1, 0, '', 2, 1),
(510822, 510800, '青川县', 1, 0, '', 2, 1),
(510823, 510800, '剑阁县', 1, 0, '', 2, 1),
(510824, 510800, '苍溪县', 1, 0, '', 2, 1),
(510900, 510000, '遂宁市', 1, 0, 'S', 1, 1),
(510903, 510900, '船山区', 1, 0, '', 2, 1),
(510904, 510900, '安居区', 1, 0, '', 2, 1),
(510921, 510900, '蓬溪县', 1, 0, '', 2, 1),
(510922, 510900, '射洪县', 1, 0, '', 2, 1),
(510923, 510900, '大英县', 1, 0, '', 2, 1),
(511000, 510000, '内江市', 1, 0, 'N', 1, 1),
(511002, 511000, '市中区', 1, 0, '', 2, 1),
(511011, 511000, '东兴区', 1, 0, '', 2, 1),
(511024, 511000, '威远县', 1, 0, '', 2, 1),
(511025, 511000, '资中县', 1, 0, '', 2, 1),
(511028, 511000, '隆昌县', 1, 0, '', 2, 1),
(511100, 510000, '乐山市', 1, 0, 'L', 1, 1),
(511102, 511100, '市中区', 1, 0, '', 2, 1),
(511111, 511100, '沙湾区', 1, 0, '', 2, 1),
(511112, 511100, '五通桥区', 1, 0, '', 2, 1),
(511113, 511100, '金口河区', 1, 0, '', 2, 1),
(511123, 511100, '犍为县', 1, 0, '', 2, 1),
(511124, 511100, '井研县', 1, 0, '', 2, 1),
(511126, 511100, '夹江县', 1, 0, '', 2, 1),
(511129, 511100, '沐川县', 1, 0, '', 2, 1),
(511132, 511100, '峨边彝族自治县', 1, 0, '', 2, 1),
(511133, 511100, '马边彝族自治县', 1, 0, '', 2, 1),
(511181, 511100, '峨眉山市', 1, 0, '', 2, 1),
(511300, 510000, '南充市', 1, 0, 'N', 1, 1),
(511302, 511300, '顺庆区', 1, 0, '', 2, 1),
(511303, 511300, '高坪区', 1, 0, '', 2, 1),
(511304, 511300, '嘉陵区', 1, 0, '', 2, 1),
(511321, 511300, '南部县', 1, 0, '', 2, 1),
(511322, 511300, '营山县', 1, 0, '', 2, 1),
(511323, 511300, '蓬安县', 1, 0, '', 2, 1),
(511324, 511300, '仪陇县', 1, 0, '', 2, 1),
(511325, 511300, '西充县', 1, 0, '', 2, 1),
(511381, 511300, '阆中市', 1, 0, '', 2, 1),
(511400, 510000, '眉山市', 1, 0, 'M', 1, 1),
(511402, 511400, '东坡区', 1, 0, '', 2, 1),
(511403, 511400, '彭山区', 1, 0, '', 2, 1),
(511421, 511400, '仁寿县', 1, 0, '', 2, 1),
(511423, 511400, '洪雅县', 1, 0, '', 2, 1),
(511424, 511400, '丹棱县', 1, 0, '', 2, 1),
(511425, 511400, '青神县', 1, 0, '', 2, 1),
(511500, 510000, '宜宾市', 1, 0, 'Y', 1, 1),
(511502, 511500, '翠屏区', 1, 0, '', 2, 1),
(511503, 511500, '南溪区', 1, 0, '', 2, 1),
(511521, 511500, '宜宾县', 1, 0, '', 2, 1),
(511523, 511500, '江安县', 1, 0, '', 2, 1),
(511524, 511500, '长宁县', 1, 0, '', 2, 1),
(511525, 511500, '高县', 1, 0, '', 2, 1),
(511526, 511500, '珙县', 1, 0, '', 2, 1),
(511527, 511500, '筠连县', 1, 0, '', 2, 1),
(511528, 511500, '兴文县', 1, 0, '', 2, 1),
(511529, 511500, '屏山县', 1, 0, '', 2, 1),
(511600, 510000, '广安市', 1, 0, 'G', 1, 1),
(511602, 511600, '广安区', 1, 0, '', 2, 1),
(511603, 511600, '前锋区', 1, 0, '', 2, 1),
(511621, 511600, '岳池县', 1, 0, '', 2, 1),
(511622, 511600, '武胜县', 1, 0, '', 2, 1),
(511623, 511600, '邻水县', 1, 0, '', 2, 1),
(511681, 511600, '华蓥市', 1, 0, '', 2, 1),
(511700, 510000, '达州市', 1, 0, 'D', 1, 1),
(511702, 511700, '通川区', 1, 0, '', 2, 1),
(511703, 511700, '达川区', 1, 0, '', 2, 1),
(511722, 511700, '宣汉县', 1, 0, '', 2, 1),
(511723, 511700, '开江县', 1, 0, '', 2, 1),
(511724, 511700, '大竹县', 1, 0, '', 2, 1),
(511725, 511700, '渠县', 1, 0, '', 2, 1),
(511781, 511700, '万源市', 1, 0, '', 2, 1),
(511800, 510000, '雅安市', 1, 0, 'Y', 1, 1),
(511802, 511800, '雨城区', 1, 0, '', 2, 1),
(511803, 511800, '名山区', 1, 0, '', 2, 1),
(511822, 511800, '荥经县', 1, 0, '', 2, 1),
(511823, 511800, '汉源县', 1, 0, '', 2, 1),
(511824, 511800, '石棉县', 1, 0, '', 2, 1),
(511825, 511800, '天全县', 1, 0, '', 2, 1),
(511826, 511800, '芦山县', 1, 0, '', 2, 1),
(511827, 511800, '宝兴县', 1, 0, '', 2, 1),
(511900, 510000, '巴中市', 1, 0, 'B', 1, 1),
(511902, 511900, '巴州区', 1, 0, '', 2, 1),
(511903, 511900, '恩阳区', 1, 0, '', 2, 1),
(511921, 511900, '通江县', 1, 0, '', 2, 1),
(511922, 511900, '南江县', 1, 0, '', 2, 1),
(511923, 511900, '平昌县', 1, 0, '', 2, 1),
(512000, 510000, '资阳市', 1, 0, 'Z', 1, 1),
(512002, 512000, '雁江区', 1, 0, '', 2, 1),
(512021, 512000, '安岳县', 1, 0, '', 2, 1),
(512022, 512000, '乐至县', 1, 0, '', 2, 1),
(512081, 512000, '简阳市', 1, 0, '', 2, 1),
(513200, 510000, '阿坝藏族羌族自治州', 1, 0, 'A', 1, 1),
(513221, 513200, '汶川县', 1, 0, '', 2, 1),
(513222, 513200, '理县', 1, 0, '', 2, 1),
(513223, 513200, '茂县', 1, 0, '', 2, 1),
(513224, 513200, '松潘县', 1, 0, '', 2, 1),
(513225, 513200, '九寨沟县', 1, 0, '', 2, 1),
(513226, 513200, '金川县', 1, 0, '', 2, 1),
(513227, 513200, '小金县', 1, 0, '', 2, 1),
(513228, 513200, '黑水县', 1, 0, '', 2, 1),
(513229, 513200, '马尔康县', 1, 0, '', 2, 1),
(513230, 513200, '壤塘县', 1, 0, '', 2, 1),
(513231, 513200, '阿坝县', 1, 0, '', 2, 1),
(513232, 513200, '若尔盖县', 1, 0, '', 2, 1),
(513233, 513200, '红原县', 1, 0, '', 2, 1),
(513300, 510000, '甘孜藏族自治州', 1, 0, 'G', 1, 1),
(513301, 513300, '康定市', 1, 0, '', 2, 1),
(513322, 513300, '泸定县', 1, 0, '', 2, 1),
(513323, 513300, '丹巴县', 1, 0, '', 2, 1),
(513324, 513300, '九龙县', 1, 0, '', 2, 1),
(513325, 513300, '雅江县', 1, 0, '', 2, 1),
(513326, 513300, '道孚县', 1, 0, '', 2, 1),
(513327, 513300, '炉霍县', 1, 0, '', 2, 1),
(513328, 513300, '甘孜县', 1, 0, '', 2, 1),
(513329, 513300, '新龙县', 1, 0, '', 2, 1),
(513330, 513300, '德格县', 1, 0, '', 2, 1),
(513331, 513300, '白玉县', 1, 0, '', 2, 1),
(513332, 513300, '石渠县', 1, 0, '', 2, 1),
(513333, 513300, '色达县', 1, 0, '', 2, 1),
(513334, 513300, '理塘县', 1, 0, '', 2, 1),
(513335, 513300, '巴塘县', 1, 0, '', 2, 1),
(513336, 513300, '乡城县', 1, 0, '', 2, 1),
(513337, 513300, '稻城县', 1, 0, '', 2, 1),
(513338, 513300, '得荣县', 1, 0, '', 2, 1),
(513400, 510000, '凉山彝族自治州', 1, 0, 'L', 1, 1),
(513401, 513400, '西昌市', 1, 0, '', 2, 1),
(513422, 513400, '木里藏族自治县', 1, 0, '', 2, 1),
(513423, 513400, '盐源县', 1, 0, '', 2, 1),
(513424, 513400, '德昌县', 1, 0, '', 2, 1),
(513425, 513400, '会理县', 1, 0, '', 2, 1),
(513426, 513400, '会东县', 1, 0, '', 2, 1),
(513427, 513400, '宁南县', 1, 0, '', 2, 1),
(513428, 513400, '普格县', 1, 0, '', 2, 1),
(513429, 513400, '布拖县', 1, 0, '', 2, 1),
(513430, 513400, '金阳县', 1, 0, '', 2, 1),
(513431, 513400, '昭觉县', 1, 0, '', 2, 1),
(513432, 513400, '喜德县', 1, 0, '', 2, 1),
(513433, 513400, '冕宁县', 1, 0, '', 2, 1),
(513434, 513400, '越西县', 1, 0, '', 2, 1),
(513435, 513400, '甘洛县', 1, 0, '', 2, 1),
(513436, 513400, '美姑县', 1, 0, '', 2, 1),
(513437, 513400, '雷波县', 1, 0, '', 2, 1),
(520000, 0, '贵州省', 0, 0, '', 0, 1),
(520100, 520000, '贵阳市', 0, 0, 'G', 1, 1),
(520102, 520100, '南明区', 0, 0, '', 2, 1),
(520103, 520100, '云岩区', 0, 0, '', 2, 1),
(520111, 520100, '花溪区', 0, 0, '', 2, 1),
(520112, 520100, '乌当区', 0, 0, '', 2, 1),
(520113, 520100, '白云区', 0, 0, '', 2, 1),
(520115, 520100, '观山湖区', 0, 0, '', 2, 1),
(520121, 520100, '开阳县', 0, 0, '', 2, 1),
(520122, 520100, '息烽县', 0, 0, '', 2, 1),
(520123, 520100, '修文县', 0, 0, '', 2, 1),
(520181, 520100, '清镇市', 0, 0, '', 2, 1),
(520200, 520000, '六盘水市', 0, 0, 'L', 1, 1),
(520201, 520200, '钟山区', 0, 0, '', 2, 1),
(520203, 520200, '六枝特区', 0, 0, '', 2, 1),
(520221, 520200, '水城县', 0, 0, '', 2, 1),
(520222, 520200, '盘县', 0, 0, '', 2, 1),
(520300, 520000, '遵义市', 0, 0, 'Z', 1, 1),
(520302, 520300, '红花岗区', 0, 0, '', 2, 1),
(520303, 520300, '汇川区', 0, 0, '', 2, 1),
(520321, 520300, '遵义县', 0, 0, '', 2, 1),
(520322, 520300, '桐梓县', 0, 0, '', 2, 1),
(520323, 520300, '绥阳县', 0, 0, '', 2, 1),
(520324, 520300, '正安县', 0, 0, '', 2, 1),
(520325, 520300, '道真仡佬族苗族自治县', 0, 0, '', 2, 1),
(520326, 520300, '务川仡佬族苗族自治县', 0, 0, '', 2, 1),
(520327, 520300, '凤冈县', 0, 0, '', 2, 1),
(520328, 520300, '湄潭县', 0, 0, '', 2, 1),
(520329, 520300, '余庆县', 0, 0, '', 2, 1),
(520330, 520300, '习水县', 0, 0, '', 2, 1),
(520381, 520300, '赤水市', 0, 0, '', 2, 1),
(520382, 520300, '仁怀市', 0, 0, '', 2, 1),
(520400, 520000, '安顺市', 0, 0, 'A', 1, 1),
(520402, 520400, '西秀区', 0, 0, '', 2, 1),
(520403, 520400, '平坝区', 0, 0, '', 2, 1),
(520422, 520400, '普定县', 0, 0, '', 2, 1),
(520423, 520400, '镇宁布依族苗族自治县', 0, 0, '', 2, 1),
(520424, 520400, '关岭布依族苗族自治县', 0, 0, '', 2, 1),
(520425, 520400, '紫云苗族布依族自治县', 0, 0, '', 2, 1),
(520500, 520000, '毕节市', 0, 0, 'B', 1, 1),
(520502, 520500, '七星关区', 0, 0, '', 2, 1),
(520521, 520500, '大方县', 0, 0, '', 2, 1),
(520522, 520500, '黔西县', 0, 0, '', 2, 1),
(520523, 520500, '金沙县', 0, 0, '', 2, 1),
(520524, 520500, '织金县', 0, 0, '', 2, 1),
(520525, 520500, '纳雍县', 0, 0, '', 2, 1),
(520526, 520500, '威宁彝族回族苗族自治县', 0, 0, '', 2, 1),
(520527, 520500, '赫章县', 0, 0, '', 2, 1),
(520600, 520000, '铜仁市', 0, 0, 'T', 1, 1),
(520602, 520600, '碧江区', 0, 0, '', 2, 1),
(520603, 520600, '万山区', 0, 0, '', 2, 1),
(520621, 520600, '江口县', 0, 0, '', 2, 1),
(520622, 520600, '玉屏侗族自治县', 0, 0, '', 2, 1),
(520623, 520600, '石阡县', 0, 0, '', 2, 1),
(520624, 520600, '思南县', 0, 0, '', 2, 1),
(520625, 520600, '印江土家族苗族自治县', 0, 0, '', 2, 1),
(520626, 520600, '德江县', 0, 0, '', 2, 1),
(520627, 520600, '沿河土家族自治县', 0, 0, '', 2, 1),
(520628, 520600, '松桃苗族自治县', 0, 0, '', 2, 1);
INSERT INTO `wst_areas` (`areaId`, `parentId`, `areaName`, `isShow`, `areaSort`, `areaKey`, `areaType`, `areaFlag`) VALUES
(522300, 520000, '黔西南布依族苗族自治州', 0, 0, 'Q', 1, 1),
(522301, 522300, '兴义市', 0, 0, '', 2, 1),
(522322, 522300, '兴仁县', 0, 0, '', 2, 1),
(522323, 522300, '普安县', 0, 0, '', 2, 1),
(522324, 522300, '晴隆县', 0, 0, '', 2, 1),
(522325, 522300, '贞丰县', 0, 0, '', 2, 1),
(522326, 522300, '望谟县', 0, 0, '', 2, 1),
(522327, 522300, '册亨县', 0, 0, '', 2, 1),
(522328, 522300, '安龙县', 0, 0, '', 2, 1),
(522600, 520000, '黔东南苗族侗族自治州', 0, 0, 'Q', 1, 1),
(522601, 522600, '凯里市', 0, 0, '', 2, 1),
(522622, 522600, '黄平县', 0, 0, '', 2, 1),
(522623, 522600, '施秉县', 0, 0, '', 2, 1),
(522624, 522600, '三穗县', 0, 0, '', 2, 1),
(522625, 522600, '镇远县', 0, 0, '', 2, 1),
(522626, 522600, '岑巩县', 0, 0, '', 2, 1),
(522627, 522600, '天柱县', 0, 0, '', 2, 1),
(522628, 522600, '锦屏县', 0, 0, '', 2, 1),
(522629, 522600, '剑河县', 0, 0, '', 2, 1),
(522630, 522600, '台江县', 0, 0, '', 2, 1),
(522631, 522600, '黎平县', 0, 0, '', 2, 1),
(522632, 522600, '榕江县', 0, 0, '', 2, 1),
(522633, 522600, '从江县', 0, 0, '', 2, 1),
(522634, 522600, '雷山县', 0, 0, '', 2, 1),
(522635, 522600, '麻江县', 0, 0, '', 2, 1),
(522636, 522600, '丹寨县', 0, 0, '', 2, 1),
(522700, 520000, '黔南布依族苗族自治州', 0, 0, 'Q', 1, 1),
(522701, 522700, '都匀市', 0, 0, '', 2, 1),
(522702, 522700, '福泉市', 0, 0, '', 2, 1),
(522722, 522700, '荔波县', 0, 0, '', 2, 1),
(522723, 522700, '贵定县', 0, 0, '', 2, 1),
(522725, 522700, '瓮安县', 0, 0, '', 2, 1),
(522726, 522700, '独山县', 0, 0, '', 2, 1),
(522727, 522700, '平塘县', 0, 0, '', 2, 1),
(522728, 522700, '罗甸县', 0, 0, '', 2, 1),
(522729, 522700, '长顺县', 0, 0, '', 2, 1),
(522730, 522700, '龙里县', 0, 0, '', 2, 1),
(522731, 522700, '惠水县', 0, 0, '', 2, 1),
(522732, 522700, '三都水族自治县', 0, 0, '', 2, 1),
(530000, 0, '云南省', 0, 0, '', 0, 1),
(530100, 530000, '昆明市', 0, 0, 'K', 1, 1),
(530102, 530100, '五华区', 0, 0, '', 2, 1),
(530103, 530100, '盘龙区', 0, 0, '', 2, 1),
(530111, 530100, '官渡区', 0, 0, '', 2, 1),
(530112, 530100, '西山区', 0, 0, '', 2, 1),
(530113, 530100, '东川区', 0, 0, '', 2, 1),
(530114, 530100, '呈贡区', 0, 0, '', 2, 1),
(530122, 530100, '晋宁县', 0, 0, '', 2, 1),
(530124, 530100, '富民县', 0, 0, '', 2, 1),
(530125, 530100, '宜良县', 0, 0, '', 2, 1),
(530126, 530100, '石林彝族自治县', 0, 0, '', 2, 1),
(530127, 530100, '嵩明县', 0, 0, '', 2, 1),
(530128, 530100, '禄劝彝族苗族自治县', 0, 0, '', 2, 1),
(530129, 530100, '寻甸回族彝族自治县', 0, 0, '', 2, 1),
(530181, 530100, '安宁市', 0, 0, '', 2, 1),
(530300, 530000, '曲靖市', 0, 0, 'Q', 1, 1),
(530302, 530300, '麒麟区', 0, 0, '', 2, 1),
(530321, 530300, '马龙县', 0, 0, '', 2, 1),
(530322, 530300, '陆良县', 0, 0, '', 2, 1),
(530323, 530300, '师宗县', 0, 0, '', 2, 1),
(530324, 530300, '罗平县', 0, 0, '', 2, 1),
(530325, 530300, '富源县', 0, 0, '', 2, 1),
(530326, 530300, '会泽县', 0, 0, '', 2, 1),
(530328, 530300, '沾益县', 0, 0, '', 2, 1),
(530381, 530300, '宣威市', 0, 0, '', 2, 1),
(530400, 530000, '玉溪市', 0, 0, 'Y', 1, 1),
(530402, 530400, '红塔区', 0, 0, '', 2, 1),
(530421, 530400, '江川县', 0, 0, '', 2, 1),
(530422, 530400, '澄江县', 0, 0, '', 2, 1),
(530423, 530400, '通海县', 0, 0, '', 2, 1),
(530424, 530400, '华宁县', 0, 0, '', 2, 1),
(530425, 530400, '易门县', 0, 0, '', 2, 1),
(530426, 530400, '峨山彝族自治县', 0, 0, '', 2, 1),
(530427, 530400, '新平彝族傣族自治县', 0, 0, '', 2, 1),
(530428, 530400, '元江哈尼族彝族傣族自治县', 0, 0, '', 2, 1),
(530500, 530000, '保山市', 0, 0, 'B', 1, 1),
(530502, 530500, '隆阳区', 0, 0, '', 2, 1),
(530521, 530500, '施甸县', 0, 0, '', 2, 1),
(530522, 530500, '腾冲县', 0, 0, '', 2, 1),
(530523, 530500, '龙陵县', 0, 0, '', 2, 1),
(530524, 530500, '昌宁县', 0, 0, '', 2, 1),
(530600, 530000, '昭通市', 0, 0, 'Z', 1, 1),
(530602, 530600, '昭阳区', 0, 0, '', 2, 1),
(530621, 530600, '鲁甸县', 0, 0, '', 2, 1),
(530622, 530600, '巧家县', 0, 0, '', 2, 1),
(530623, 530600, '盐津县', 0, 0, '', 2, 1),
(530624, 530600, '大关县', 0, 0, '', 2, 1),
(530625, 530600, '永善县', 0, 0, '', 2, 1),
(530626, 530600, '绥江县', 0, 0, '', 2, 1),
(530627, 530600, '镇雄县', 0, 0, '', 2, 1),
(530628, 530600, '彝良县', 0, 0, '', 2, 1),
(530629, 530600, '威信县', 0, 0, '', 2, 1),
(530630, 530600, '水富县', 0, 0, '', 2, 1),
(530700, 530000, '丽江市', 0, 0, 'L', 1, 1),
(530702, 530700, '古城区', 0, 0, '', 2, 1),
(530721, 530700, '玉龙纳西族自治县', 0, 0, '', 2, 1),
(530722, 530700, '永胜县', 0, 0, '', 2, 1),
(530723, 530700, '华坪县', 0, 0, '', 2, 1),
(530724, 530700, '宁蒗彝族自治县', 0, 0, '', 2, 1),
(530800, 530000, '普洱市', 0, 0, 'P', 1, 1),
(530802, 530800, '思茅区', 0, 0, '', 2, 1),
(530821, 530800, '宁洱哈尼族彝族自治县', 0, 0, '', 2, 1),
(530822, 530800, '墨江哈尼族自治县', 0, 0, '', 2, 1),
(530823, 530800, '景东彝族自治县', 0, 0, '', 2, 1),
(530824, 530800, '景谷傣族彝族自治县', 0, 0, '', 2, 1),
(530825, 530800, '镇沅彝族哈尼族拉祜族自治县', 0, 0, '', 2, 1),
(530826, 530800, '江城哈尼族彝族自治县', 0, 0, '', 2, 1),
(530827, 530800, '孟连傣族拉祜族佤族自治县', 0, 0, '', 2, 1),
(530828, 530800, '澜沧拉祜族自治县', 0, 0, '', 2, 1),
(530829, 530800, '西盟佤族自治县', 0, 0, '', 2, 1),
(530900, 530000, '临沧市', 0, 0, 'L', 1, 1),
(530902, 530900, '临翔区', 0, 0, '', 2, 1),
(530921, 530900, '凤庆县', 0, 0, '', 2, 1),
(530922, 530900, '云县', 0, 0, '', 2, 1),
(530923, 530900, '永德县', 0, 0, '', 2, 1),
(530924, 530900, '镇康县', 0, 0, '', 2, 1),
(530925, 530900, '双江拉祜族佤族布朗族傣族自治县', 0, 0, '', 2, 1),
(530926, 530900, '耿马傣族佤族自治县', 0, 0, '', 2, 1),
(530927, 530900, '沧源佤族自治县', 0, 0, '', 2, 1),
(532300, 530000, '楚雄彝族自治州', 0, 0, 'C', 1, 1),
(532301, 532300, '楚雄市', 0, 0, '', 2, 1),
(532322, 532300, '双柏县', 0, 0, '', 2, 1),
(532323, 532300, '牟定县', 0, 0, '', 2, 1),
(532324, 532300, '南华县', 0, 0, '', 2, 1),
(532325, 532300, '姚安县', 0, 0, '', 2, 1),
(532326, 532300, '大姚县', 0, 0, '', 2, 1),
(532327, 532300, '永仁县', 0, 0, '', 2, 1),
(532328, 532300, '元谋县', 0, 0, '', 2, 1),
(532329, 532300, '武定县', 0, 0, '', 2, 1),
(532331, 532300, '禄丰县', 0, 0, '', 2, 1),
(532500, 530000, '红河哈尼族彝族自治州', 0, 0, 'H', 1, 1),
(532501, 532500, '个旧市', 0, 0, '', 2, 1),
(532502, 532500, '开远市', 0, 0, '', 2, 1),
(532503, 532500, '蒙自市', 0, 0, '', 2, 1),
(532504, 532500, '弥勒市', 0, 0, '', 2, 1),
(532523, 532500, '屏边苗族自治县', 0, 0, '', 2, 1),
(532524, 532500, '建水县', 0, 0, '', 2, 1),
(532525, 532500, '石屏县', 0, 0, '', 2, 1),
(532527, 532500, '泸西县', 0, 0, '', 2, 1),
(532528, 532500, '元阳县', 0, 0, '', 2, 1),
(532529, 532500, '红河县', 0, 0, '', 2, 1),
(532530, 532500, '金平苗族瑶族傣族自治县', 0, 0, '', 2, 1),
(532531, 532500, '绿春县', 0, 0, '', 2, 1),
(532532, 532500, '河口瑶族自治县', 0, 0, '', 2, 1),
(532600, 530000, '文山壮族苗族自治州', 0, 0, 'W', 1, 1),
(532601, 532600, '文山市', 0, 0, '', 2, 1),
(532622, 532600, '砚山县', 0, 0, '', 2, 1),
(532623, 532600, '西畴县', 0, 0, '', 2, 1),
(532624, 532600, '麻栗坡县', 0, 0, '', 2, 1),
(532625, 532600, '马关县', 0, 0, '', 2, 1),
(532626, 532600, '丘北县', 0, 0, '', 2, 1),
(532627, 532600, '广南县', 0, 0, '', 2, 1),
(532628, 532600, '富宁县', 0, 0, '', 2, 1),
(532800, 530000, '西双版纳傣族自治州', 0, 0, 'X', 1, 1),
(532801, 532800, '景洪市', 0, 0, '', 2, 1),
(532822, 532800, '勐海县', 0, 0, '', 2, 1),
(532823, 532800, '勐腊县', 0, 0, '', 2, 1),
(532900, 530000, '大理白族自治州', 0, 0, 'D', 1, 1),
(532901, 532900, '大理市', 0, 0, '', 2, 1),
(532922, 532900, '漾濞彝族自治县', 0, 0, '', 2, 1),
(532923, 532900, '祥云县', 0, 0, '', 2, 1),
(532924, 532900, '宾川县', 0, 0, '', 2, 1),
(532925, 532900, '弥渡县', 0, 0, '', 2, 1),
(532926, 532900, '南涧彝族自治县', 0, 0, '', 2, 1),
(532927, 532900, '巍山彝族回族自治县', 0, 0, '', 2, 1),
(532928, 532900, '永平县', 0, 0, '', 2, 1),
(532929, 532900, '云龙县', 0, 0, '', 2, 1),
(532930, 532900, '洱源县', 0, 0, '', 2, 1),
(532931, 532900, '剑川县', 0, 0, '', 2, 1),
(532932, 532900, '鹤庆县', 0, 0, '', 2, 1),
(533100, 530000, '德宏傣族景颇族自治州', 0, 0, 'D', 1, 1),
(533102, 533100, '瑞丽市', 0, 0, '', 2, 1),
(533103, 533100, '芒市', 0, 0, '', 2, 1),
(533122, 533100, '梁河县', 0, 0, '', 2, 1),
(533123, 533100, '盈江县', 0, 0, '', 2, 1),
(533124, 533100, '陇川县', 0, 0, '', 2, 1),
(533300, 530000, '怒江傈僳族自治州', 0, 0, 'N', 1, 1),
(533321, 533300, '泸水县', 0, 0, '', 2, 1),
(533323, 533300, '福贡县', 0, 0, '', 2, 1),
(533324, 533300, '贡山独龙族怒族自治县', 0, 0, '', 2, 1),
(533325, 533300, '兰坪白族普米族自治县', 0, 0, '', 2, 1),
(533400, 530000, '迪庆藏族自治州', 0, 0, 'D', 1, 1),
(533401, 533400, '香格里拉市', 0, 0, '', 2, 1),
(533422, 533400, '德钦县', 0, 0, '', 2, 1),
(533423, 533400, '维西傈僳族自治县', 0, 0, '', 2, 1),
(540000, 0, '西藏自治区', 0, 0, '', 0, 1),
(540100, 540000, '拉萨市', 0, 0, 'L', 1, 1),
(540102, 540100, '城关区', 0, 0, '', 2, 1),
(540121, 540100, '林周县', 0, 0, '', 2, 1),
(540122, 540100, '当雄县', 0, 0, '', 2, 1),
(540123, 540100, '尼木县', 0, 0, '', 2, 1),
(540124, 540100, '曲水县', 0, 0, '', 2, 1),
(540125, 540100, '堆龙德庆县', 0, 0, '', 2, 1),
(540126, 540100, '达孜县', 0, 0, '', 2, 1),
(540127, 540100, '墨竹工卡县', 0, 0, '', 2, 1),
(540200, 540000, '日喀则市', 0, 0, 'R', 1, 1),
(540202, 540200, '桑珠孜区', 0, 0, '', 2, 1),
(540221, 540200, '南木林县', 0, 0, '', 2, 1),
(540222, 540200, '江孜县', 0, 0, '', 2, 1),
(540223, 540200, '定日县', 0, 0, '', 2, 1),
(540224, 540200, '萨迦县', 0, 0, '', 2, 1),
(540225, 540200, '拉孜县', 0, 0, '', 2, 1),
(540226, 540200, '昂仁县', 0, 0, '', 2, 1),
(540227, 540200, '谢通门县', 0, 0, '', 2, 1),
(540228, 540200, '白朗县', 0, 0, '', 2, 1),
(540229, 540200, '仁布县', 0, 0, '', 2, 1),
(540230, 540200, '康马县', 0, 0, '', 2, 1),
(540231, 540200, '定结县', 0, 0, '', 2, 1),
(540232, 540200, '仲巴县', 0, 0, '', 2, 1),
(540233, 540200, '亚东县', 0, 0, '', 2, 1),
(540234, 540200, '吉隆县', 0, 0, '', 2, 1),
(540235, 540200, '聂拉木县', 0, 0, '', 2, 1),
(540236, 540200, '萨嘎县', 0, 0, '', 2, 1),
(540237, 540200, '岗巴县', 0, 0, '', 2, 1),
(540300, 540000, '昌都市', 0, 0, 'C', 1, 1),
(540302, 540300, '卡若区', 0, 0, '', 2, 1),
(540321, 540300, '江达县', 0, 0, '', 2, 1),
(540322, 540300, '贡觉县', 0, 0, '', 2, 1),
(540323, 540300, '类乌齐县', 0, 0, '', 2, 1),
(540324, 540300, '丁青县', 0, 0, '', 2, 1),
(540325, 540300, '察雅县', 0, 0, '', 2, 1),
(540326, 540300, '八宿县', 0, 0, '', 2, 1),
(540327, 540300, '左贡县', 0, 0, '', 2, 1),
(540328, 540300, '芒康县', 0, 0, '', 2, 1),
(540329, 540300, '洛隆县', 0, 0, '', 2, 1),
(540330, 540300, '边坝县', 0, 0, '', 2, 1),
(540400, 540000, '林芝市', 0, 0, 'L', 1, 1),
(540402, 540400, '巴宜区', 0, 0, '', 2, 1),
(540421, 540400, '工布江达县', 0, 0, '', 2, 1),
(540422, 540400, '米林县', 0, 0, '', 2, 1),
(540423, 540400, '墨脱县', 0, 0, '', 2, 1),
(540424, 540400, '波密县', 0, 0, '', 2, 1),
(540425, 540400, '察隅县', 0, 0, '', 2, 1),
(540426, 540400, '朗县', 0, 0, '', 2, 1),
(542200, 540000, '山南地区', 0, 0, 'S', 1, 1),
(542221, 542200, '乃东县', 0, 0, '', 2, 1),
(542222, 542200, '扎囊县', 0, 0, '', 2, 1),
(542223, 542200, '贡嘎县', 0, 0, '', 2, 1),
(542224, 542200, '桑日县', 0, 0, '', 2, 1),
(542225, 542200, '琼结县', 0, 0, '', 2, 1),
(542226, 542200, '曲松县', 0, 0, '', 2, 1),
(542227, 542200, '措美县', 0, 0, '', 2, 1),
(542228, 542200, '洛扎县', 0, 0, '', 2, 1),
(542229, 542200, '加查县', 0, 0, '', 2, 1),
(542231, 542200, '隆子县', 0, 0, '', 2, 1),
(542232, 542200, '错那县', 0, 0, '', 2, 1),
(542233, 542200, '浪卡子县', 0, 0, '', 2, 1),
(542400, 540000, '那曲地区', 0, 0, 'N', 1, 1),
(542421, 542400, '那曲县', 0, 0, '', 2, 1),
(542422, 542400, '嘉黎县', 0, 0, '', 2, 1),
(542423, 542400, '比如县', 0, 0, '', 2, 1),
(542424, 542400, '聂荣县', 0, 0, '', 2, 1),
(542425, 542400, '安多县', 0, 0, '', 2, 1),
(542426, 542400, '申扎县', 0, 0, '', 2, 1),
(542427, 542400, '索县', 0, 0, '', 2, 1),
(542428, 542400, '班戈县', 0, 0, '', 2, 1),
(542429, 542400, '巴青县', 0, 0, '', 2, 1),
(542430, 542400, '尼玛县', 0, 0, '', 2, 1),
(542431, 542400, '双湖县', 0, 0, '', 2, 1),
(542500, 540000, '阿里地区', 0, 0, 'A', 1, 1),
(542521, 542500, '普兰县', 0, 0, '', 2, 1),
(542522, 542500, '札达县', 0, 0, '', 2, 1),
(542523, 542500, '噶尔县', 0, 0, '', 2, 1),
(542524, 542500, '日土县', 0, 0, '', 2, 1),
(542525, 542500, '革吉县', 0, 0, '', 2, 1),
(542526, 542500, '改则县', 0, 0, '', 2, 1),
(542527, 542500, '措勤县', 0, 0, '', 2, 1),
(610000, 0, '陕西省', 0, 0, '', 0, 1),
(610100, 610000, '西安市', 0, 0, 'X', 1, 1),
(610102, 610100, '新城区', 0, 0, '', 2, 1),
(610103, 610100, '碑林区', 0, 0, '', 2, 1),
(610104, 610100, '莲湖区', 0, 0, '', 2, 1),
(610111, 610100, '灞桥区', 0, 0, '', 2, 1),
(610112, 610100, '未央区', 0, 0, '', 2, 1),
(610113, 610100, '雁塔区', 0, 0, '', 2, 1),
(610114, 610100, '阎良区', 0, 0, '', 2, 1),
(610115, 610100, '临潼区', 0, 0, '', 2, 1),
(610116, 610100, '长安区', 0, 0, '', 2, 1),
(610117, 610100, '高陵区', 0, 0, '', 2, 1),
(610122, 610100, '蓝田县', 0, 0, '', 2, 1),
(610124, 610100, '周至县', 0, 0, '', 2, 1),
(610125, 610100, '户县', 0, 0, '', 2, 1),
(610200, 610000, '铜川市', 0, 0, 'T', 1, 1),
(610202, 610200, '王益区', 0, 0, '', 2, 1),
(610203, 610200, '印台区', 0, 0, '', 2, 1),
(610204, 610200, '耀州区', 0, 0, '', 2, 1),
(610222, 610200, '宜君县', 0, 0, '', 2, 1),
(610300, 610000, '宝鸡市', 0, 0, 'B', 1, 1),
(610302, 610300, '渭滨区', 0, 0, '', 2, 1),
(610303, 610300, '金台区', 0, 0, '', 2, 1),
(610304, 610300, '陈仓区', 0, 0, '', 2, 1),
(610322, 610300, '凤翔县', 0, 0, '', 2, 1),
(610323, 610300, '岐山县', 0, 0, '', 2, 1),
(610324, 610300, '扶风县', 0, 0, '', 2, 1),
(610326, 610300, '眉县', 0, 0, '', 2, 1),
(610327, 610300, '陇县', 0, 0, '', 2, 1),
(610328, 610300, '千阳县', 0, 0, '', 2, 1),
(610329, 610300, '麟游县', 0, 0, '', 2, 1),
(610330, 610300, '凤县', 0, 0, '', 2, 1),
(610331, 610300, '太白县', 0, 0, '', 2, 1),
(610400, 610000, '咸阳市', 0, 0, 'X', 1, 1),
(610402, 610400, '秦都区', 0, 0, '', 2, 1),
(610403, 610400, '杨陵区', 0, 0, '', 2, 1),
(610404, 610400, '渭城区', 0, 0, '', 2, 1),
(610422, 610400, '三原县', 0, 0, '', 2, 1),
(610423, 610400, '泾阳县', 0, 0, '', 2, 1),
(610424, 610400, '乾县', 0, 0, '', 2, 1),
(610425, 610400, '礼泉县', 0, 0, '', 2, 1),
(610426, 610400, '永寿县', 0, 0, '', 2, 1),
(610427, 610400, '彬县', 0, 0, '', 2, 1),
(610428, 610400, '长武县', 0, 0, '', 2, 1),
(610429, 610400, '旬邑县', 0, 0, '', 2, 1),
(610430, 610400, '淳化县', 0, 0, '', 2, 1),
(610431, 610400, '武功县', 0, 0, '', 2, 1),
(610481, 610400, '兴平市', 0, 0, '', 2, 1),
(610500, 610000, '渭南市', 0, 0, 'W', 1, 1),
(610502, 610500, '临渭区', 0, 0, '', 2, 1),
(610521, 610500, '华县', 0, 0, '', 2, 1),
(610522, 610500, '潼关县', 0, 0, '', 2, 1),
(610523, 610500, '大荔县', 0, 0, '', 2, 1),
(610524, 610500, '合阳县', 0, 0, '', 2, 1),
(610525, 610500, '澄城县', 0, 0, '', 2, 1),
(610526, 610500, '蒲城县', 0, 0, '', 2, 1),
(610527, 610500, '白水县', 0, 0, '', 2, 1),
(610528, 610500, '富平县', 0, 0, '', 2, 1),
(610581, 610500, '韩城市', 0, 0, '', 2, 1),
(610582, 610500, '华阴市', 0, 0, '', 2, 1),
(610600, 610000, '延安市', 0, 0, 'Y', 1, 1),
(610602, 610600, '宝塔区', 0, 0, '', 2, 1),
(610621, 610600, '延长县', 0, 0, '', 2, 1),
(610622, 610600, '延川县', 0, 0, '', 2, 1),
(610623, 610600, '子长县', 0, 0, '', 2, 1),
(610624, 610600, '安塞县', 0, 0, '', 2, 1),
(610625, 610600, '志丹县', 0, 0, '', 2, 1),
(610626, 610600, '吴起县', 0, 0, '', 2, 1),
(610627, 610600, '甘泉县', 0, 0, '', 2, 1),
(610628, 610600, '富县', 0, 0, '', 2, 1),
(610629, 610600, '洛川县', 0, 0, '', 2, 1),
(610630, 610600, '宜川县', 0, 0, '', 2, 1),
(610631, 610600, '黄龙县', 0, 0, '', 2, 1),
(610632, 610600, '黄陵县', 0, 0, '', 2, 1),
(610700, 610000, '汉中市', 0, 0, 'H', 1, 1),
(610702, 610700, '汉台区', 0, 0, '', 2, 1),
(610721, 610700, '南郑县', 0, 0, '', 2, 1),
(610722, 610700, '城固县', 0, 0, '', 2, 1),
(610723, 610700, '洋县', 0, 0, '', 2, 1),
(610724, 610700, '西乡县', 0, 0, '', 2, 1),
(610725, 610700, '勉县', 0, 0, '', 2, 1),
(610726, 610700, '宁强县', 0, 0, '', 2, 1),
(610727, 610700, '略阳县', 0, 0, '', 2, 1),
(610728, 610700, '镇巴县', 0, 0, '', 2, 1),
(610729, 610700, '留坝县', 0, 0, '', 2, 1),
(610730, 610700, '佛坪县', 0, 0, '', 2, 1),
(610800, 610000, '榆林市', 0, 0, 'Y', 1, 1),
(610802, 610800, '榆阳区', 0, 0, '', 2, 1),
(610821, 610800, '神木县', 0, 0, '', 2, 1),
(610822, 610800, '府谷县', 0, 0, '', 2, 1),
(610823, 610800, '横山县', 0, 0, '', 2, 1),
(610824, 610800, '靖边县', 0, 0, '', 2, 1),
(610825, 610800, '定边县', 0, 0, '', 2, 1),
(610826, 610800, '绥德县', 0, 0, '', 2, 1),
(610827, 610800, '米脂县', 0, 0, '', 2, 1),
(610828, 610800, '佳县', 0, 0, '', 2, 1),
(610829, 610800, '吴堡县', 0, 0, '', 2, 1),
(610830, 610800, '清涧县', 0, 0, '', 2, 1),
(610831, 610800, '子洲县', 0, 0, '', 2, 1),
(610900, 610000, '安康市', 0, 0, 'A', 1, 1),
(610902, 610900, '汉滨区', 0, 0, '', 2, 1),
(610921, 610900, '汉阴县', 0, 0, '', 2, 1),
(610922, 610900, '石泉县', 0, 0, '', 2, 1),
(610923, 610900, '宁陕县', 0, 0, '', 2, 1),
(610924, 610900, '紫阳县', 0, 0, '', 2, 1),
(610925, 610900, '岚皋县', 0, 0, '', 2, 1),
(610926, 610900, '平利县', 0, 0, '', 2, 1),
(610927, 610900, '镇坪县', 0, 0, '', 2, 1),
(610928, 610900, '旬阳县', 0, 0, '', 2, 1),
(610929, 610900, '白河县', 0, 0, '', 2, 1),
(611000, 610000, '商洛市', 0, 0, 'S', 1, 1),
(611002, 611000, '商州区', 0, 0, '', 2, 1),
(611021, 611000, '洛南县', 0, 0, '', 2, 1),
(611022, 611000, '丹凤县', 0, 0, '', 2, 1),
(611023, 611000, '商南县', 0, 0, '', 2, 1),
(611024, 611000, '山阳县', 0, 0, '', 2, 1),
(611025, 611000, '镇安县', 0, 0, '', 2, 1),
(611026, 611000, '柞水县', 0, 0, '', 2, 1),
(620000, 0, '甘肃省', 0, 0, '', 0, 1),
(620100, 620000, '兰州市', 0, 0, 'L', 1, 1),
(620102, 620100, '城关区', 0, 0, '', 2, 1),
(620103, 620100, '七里河区', 0, 0, '', 2, 1),
(620104, 620100, '西固区', 0, 0, '', 2, 1),
(620105, 620100, '安宁区', 0, 0, '', 2, 1),
(620111, 620100, '红古区', 0, 0, '', 2, 1),
(620121, 620100, '永登县', 0, 0, '', 2, 1),
(620122, 620100, '皋兰县', 0, 0, '', 2, 1),
(620123, 620100, '榆中县', 0, 0, '', 2, 1),
(620200, 620000, '嘉峪关市', 0, 0, 'J', 1, 1),
(620300, 620000, '金昌市', 0, 0, 'J', 1, 1),
(620302, 620300, '金川区', 0, 0, '', 2, 1),
(620321, 620300, '永昌县', 0, 0, '', 2, 1),
(620400, 620000, '白银市', 0, 0, 'B', 1, 1),
(620402, 620400, '白银区', 0, 0, '', 2, 1),
(620403, 620400, '平川区', 0, 0, '', 2, 1),
(620421, 620400, '靖远县', 0, 0, '', 2, 1),
(620422, 620400, '会宁县', 0, 0, '', 2, 1),
(620423, 620400, '景泰县', 0, 0, '', 2, 1),
(620500, 620000, '天水市', 0, 0, 'T', 1, 1),
(620502, 620500, '秦州区', 0, 0, '', 2, 1),
(620503, 620500, '麦积区', 0, 0, '', 2, 1),
(620521, 620500, '清水县', 0, 0, '', 2, 1),
(620522, 620500, '秦安县', 0, 0, '', 2, 1),
(620523, 620500, '甘谷县', 0, 0, '', 2, 1),
(620524, 620500, '武山县', 0, 0, '', 2, 1),
(620525, 620500, '张家川回族自治县', 0, 0, '', 2, 1),
(620600, 620000, '武威市', 0, 0, 'W', 1, 1),
(620602, 620600, '凉州区', 0, 0, '', 2, 1),
(620621, 620600, '民勤县', 0, 0, '', 2, 1),
(620622, 620600, '古浪县', 0, 0, '', 2, 1),
(620623, 620600, '天祝藏族自治县', 0, 0, '', 2, 1),
(620700, 620000, '张掖市', 0, 0, 'Z', 1, 1),
(620702, 620700, '甘州区', 0, 0, '', 2, 1),
(620721, 620700, '肃南裕固族自治县', 0, 0, '', 2, 1),
(620722, 620700, '民乐县', 0, 0, '', 2, 1),
(620723, 620700, '临泽县', 0, 0, '', 2, 1),
(620724, 620700, '高台县', 0, 0, '', 2, 1),
(620725, 620700, '山丹县', 0, 0, '', 2, 1),
(620800, 620000, '平凉市', 0, 0, 'P', 1, 1),
(620802, 620800, '崆峒区', 0, 0, '', 2, 1),
(620821, 620800, '泾川县', 0, 0, '', 2, 1),
(620822, 620800, '灵台县', 0, 0, '', 2, 1),
(620823, 620800, '崇信县', 0, 0, '', 2, 1),
(620824, 620800, '华亭县', 0, 0, '', 2, 1),
(620825, 620800, '庄浪县', 0, 0, '', 2, 1),
(620826, 620800, '静宁县', 0, 0, '', 2, 1),
(620900, 620000, '酒泉市', 0, 0, 'J', 1, 1),
(620902, 620900, '肃州区', 0, 0, '', 2, 1),
(620921, 620900, '金塔县', 0, 0, '', 2, 1),
(620922, 620900, '瓜州县', 0, 0, '', 2, 1),
(620923, 620900, '肃北蒙古族自治县', 0, 0, '', 2, 1),
(620924, 620900, '阿克塞哈萨克族自治县', 0, 0, '', 2, 1),
(620981, 620900, '玉门市', 0, 0, '', 2, 1),
(620982, 620900, '敦煌市', 0, 0, '', 2, 1),
(621000, 620000, '庆阳市', 0, 0, 'Q', 1, 1),
(621002, 621000, '西峰区', 0, 0, '', 2, 1),
(621021, 621000, '庆城县', 0, 0, '', 2, 1),
(621022, 621000, '环县', 0, 0, '', 2, 1),
(621023, 621000, '华池县', 0, 0, '', 2, 1),
(621024, 621000, '合水县', 0, 0, '', 2, 1),
(621025, 621000, '正宁县', 0, 0, '', 2, 1),
(621026, 621000, '宁县', 0, 0, '', 2, 1),
(621027, 621000, '镇原县', 0, 0, '', 2, 1),
(621100, 620000, '定西市', 0, 0, 'D', 1, 1),
(621102, 621100, '安定区', 0, 0, '', 2, 1),
(621121, 621100, '通渭县', 0, 0, '', 2, 1),
(621122, 621100, '陇西县', 0, 0, '', 2, 1),
(621123, 621100, '渭源县', 0, 0, '', 2, 1),
(621124, 621100, '临洮县', 0, 0, '', 2, 1),
(621125, 621100, '漳县', 0, 0, '', 2, 1),
(621126, 621100, '岷县', 0, 0, '', 2, 1),
(621200, 620000, '陇南市', 0, 0, 'L', 1, 1),
(621202, 621200, '武都区', 0, 0, '', 2, 1),
(621221, 621200, '成县', 0, 0, '', 2, 1),
(621222, 621200, '文县', 0, 0, '', 2, 1),
(621223, 621200, '宕昌县', 0, 0, '', 2, 1),
(621224, 621200, '康县', 0, 0, '', 2, 1),
(621225, 621200, '西和县', 0, 0, '', 2, 1),
(621226, 621200, '礼县', 0, 0, '', 2, 1),
(621227, 621200, '徽县', 0, 0, '', 2, 1),
(621228, 621200, '两当县', 0, 0, '', 2, 1),
(622900, 620000, '临夏回族自治州', 0, 0, 'L', 1, 1),
(622901, 622900, '临夏市', 0, 0, '', 2, 1),
(622921, 622900, '临夏县', 0, 0, '', 2, 1),
(622922, 622900, '康乐县', 0, 0, '', 2, 1),
(622923, 622900, '永靖县', 0, 0, '', 2, 1),
(622924, 622900, '广河县', 0, 0, '', 2, 1),
(622925, 622900, '和政县', 0, 0, '', 2, 1),
(622926, 622900, '东乡族自治县', 0, 0, '', 2, 1),
(622927, 622900, '积石山保安族东乡族撒拉族自治县', 0, 0, '', 2, 1),
(623000, 620000, '甘南藏族自治州', 0, 0, 'G', 1, 1),
(623001, 623000, '合作市', 0, 0, '', 2, 1),
(623021, 623000, '临潭县', 0, 0, '', 2, 1),
(623022, 623000, '卓尼县', 0, 0, '', 2, 1),
(623023, 623000, '舟曲县', 0, 0, '', 2, 1),
(623024, 623000, '迭部县', 0, 0, '', 2, 1),
(623025, 623000, '玛曲县', 0, 0, '', 2, 1),
(623026, 623000, '碌曲县', 0, 0, '', 2, 1),
(623027, 623000, '夏河县', 0, 0, '', 2, 1),
(630000, 0, '青海省', 0, 0, '', 0, 1),
(630100, 630000, '西宁市', 0, 0, 'X', 1, 1),
(630102, 630100, '城东区', 0, 0, '', 2, 1),
(630103, 630100, '城中区', 0, 0, '', 2, 1),
(630104, 630100, '城西区', 0, 0, '', 2, 1),
(630105, 630100, '城北区', 0, 0, '', 2, 1),
(630121, 630100, '大通回族土族自治县', 0, 0, '', 2, 1),
(630122, 630100, '湟中县', 0, 0, '', 2, 1),
(630123, 630100, '湟源县', 0, 0, '', 2, 1),
(630200, 630000, '海东市', 0, 0, 'H', 1, 1),
(630202, 630200, '乐都区', 0, 0, '', 2, 1),
(630203, 630200, '平安区', 0, 0, '', 2, 1),
(630222, 630200, '民和回族土族自治县', 0, 0, '', 2, 1),
(630223, 630200, '互助土族自治县', 0, 0, '', 2, 1),
(630224, 630200, '化隆回族自治县', 0, 0, '', 2, 1),
(630225, 630200, '循化撒拉族自治县', 0, 0, '', 2, 1),
(632200, 630000, '海北藏族自治州', 0, 0, 'H', 1, 1),
(632221, 632200, '门源回族自治县', 0, 0, '', 2, 1),
(632222, 632200, '祁连县', 0, 0, '', 2, 1),
(632223, 632200, '海晏县', 0, 0, '', 2, 1),
(632224, 632200, '刚察县', 0, 0, '', 2, 1),
(632300, 630000, '黄南藏族自治州', 0, 0, 'H', 1, 1),
(632321, 632300, '同仁县', 0, 0, '', 2, 1),
(632322, 632300, '尖扎县', 0, 0, '', 2, 1),
(632323, 632300, '泽库县', 0, 0, '', 2, 1),
(632324, 632300, '河南蒙古族自治县', 0, 0, '', 2, 1),
(632500, 630000, '海南藏族自治州', 0, 0, 'H', 1, 1),
(632521, 632500, '共和县', 0, 0, '', 2, 1),
(632522, 632500, '同德县', 0, 0, '', 2, 1),
(632523, 632500, '贵德县', 0, 0, '', 2, 1),
(632524, 632500, '兴海县', 0, 0, '', 2, 1),
(632525, 632500, '贵南县', 0, 0, '', 2, 1),
(632600, 630000, '果洛藏族自治州', 0, 0, 'G', 1, 1),
(632621, 632600, '玛沁县', 0, 0, '', 2, 1),
(632622, 632600, '班玛县', 0, 0, '', 2, 1),
(632623, 632600, '甘德县', 0, 0, '', 2, 1),
(632624, 632600, '达日县', 0, 0, '', 2, 1),
(632625, 632600, '久治县', 0, 0, '', 2, 1),
(632626, 632600, '玛多县', 0, 0, '', 2, 1),
(632700, 630000, '玉树藏族自治州', 0, 0, 'Y', 1, 1),
(632701, 632700, '玉树市', 0, 0, '', 2, 1),
(632722, 632700, '杂多县', 0, 0, '', 2, 1),
(632723, 632700, '称多县', 0, 0, '', 2, 1),
(632724, 632700, '治多县', 0, 0, '', 2, 1),
(632725, 632700, '囊谦县', 0, 0, '', 2, 1),
(632726, 632700, '曲麻莱县', 0, 0, '', 2, 1),
(632800, 630000, '海西蒙古族藏族自治州', 0, 0, 'H', 1, 1),
(632801, 632800, '格尔木市', 0, 0, '', 2, 1),
(632802, 632800, '德令哈市', 0, 0, '', 2, 1),
(632821, 632800, '乌兰县', 0, 0, '', 2, 1),
(632822, 632800, '都兰县', 0, 0, '', 2, 1),
(632823, 632800, '天峻县', 0, 0, '', 2, 1),
(640000, 0, '宁夏回族自治区', 0, 0, '', 0, 1),
(640100, 640000, '银川市', 0, 0, 'Y', 1, 1),
(640104, 640100, '兴庆区', 0, 0, '', 2, 1),
(640105, 640100, '西夏区', 0, 0, '', 2, 1),
(640106, 640100, '金凤区', 0, 0, '', 2, 1),
(640121, 640100, '永宁县', 0, 0, '', 2, 1),
(640122, 640100, '贺兰县', 0, 0, '', 2, 1),
(640181, 640100, '灵武市', 0, 0, '', 2, 1),
(640200, 640000, '石嘴山市', 0, 0, 'S', 1, 1),
(640202, 640200, '大武口区', 0, 0, '', 2, 1),
(640205, 640200, '惠农区', 0, 0, '', 2, 1),
(640221, 640200, '平罗县', 0, 0, '', 2, 1),
(640300, 640000, '吴忠市', 0, 0, 'W', 1, 1),
(640302, 640300, '利通区', 0, 0, '', 2, 1),
(640303, 640300, '红寺堡区', 0, 0, '', 2, 1),
(640323, 640300, '盐池县', 0, 0, '', 2, 1),
(640324, 640300, '同心县', 0, 0, '', 2, 1),
(640381, 640300, '青铜峡市', 0, 0, '', 2, 1),
(640400, 640000, '固原市', 0, 0, 'G', 1, 1),
(640402, 640400, '原州区', 0, 0, '', 2, 1),
(640422, 640400, '西吉县', 0, 0, '', 2, 1),
(640423, 640400, '隆德县', 0, 0, '', 2, 1),
(640424, 640400, '泾源县', 0, 0, '', 2, 1),
(640425, 640400, '彭阳县', 0, 0, '', 2, 1),
(640500, 640000, '中卫市', 0, 0, 'Z', 1, 1),
(640502, 640500, '沙坡头区', 0, 0, '', 2, 1),
(640521, 640500, '中宁县', 0, 0, '', 2, 1),
(640522, 640500, '海原县', 0, 0, '', 2, 1),
(650000, 0, '新疆维吾尔自治区', 0, 0, '', 0, 1),
(650100, 650000, '乌鲁木齐市', 0, 0, 'W', 1, 1),
(650102, 650100, '天山区', 0, 0, '', 2, 1),
(650103, 650100, '沙依巴克区', 0, 0, '', 2, 1),
(650104, 650100, '新市区', 0, 0, '', 2, 1),
(650105, 650100, '水磨沟区', 0, 0, '', 2, 1),
(650106, 650100, '头屯河区', 0, 0, '', 2, 1),
(650107, 650100, '达坂城区', 0, 0, '', 2, 1),
(650109, 650100, '米东区', 0, 0, '', 2, 1),
(650121, 650100, '乌鲁木齐县', 0, 0, '', 2, 1),
(650200, 650000, '克拉玛依市', 0, 0, 'K', 1, 1),
(650202, 650200, '独山子区', 0, 0, '', 2, 1),
(650203, 650200, '克拉玛依区', 0, 0, '', 2, 1),
(650204, 650200, '白碱滩区', 0, 0, '', 2, 1),
(650205, 650200, '乌尔禾区', 0, 0, '', 2, 1),
(650400, 650000, '吐鲁番市', 0, 0, 'T', 1, 1),
(650402, 650400, '高昌区', 0, 0, '', 2, 1),
(650421, 650400, '鄯善县', 0, 0, '', 2, 1),
(650422, 650400, '托克逊县', 0, 0, '', 2, 1),
(652200, 650000, '哈密地区', 0, 0, 'H', 1, 1),
(652201, 652200, '哈密市', 0, 0, '', 2, 1),
(652222, 652200, '巴里坤哈萨克自治县', 0, 0, '', 2, 1),
(652223, 652200, '伊吾县', 0, 0, '', 2, 1),
(652300, 650000, '昌吉回族自治州', 0, 0, 'C', 1, 1),
(652301, 652300, '昌吉市', 0, 0, '', 2, 1),
(652302, 652300, '阜康市', 0, 0, '', 2, 1),
(652323, 652300, '呼图壁县', 0, 0, '', 2, 1),
(652324, 652300, '玛纳斯县', 0, 0, '', 2, 1),
(652325, 652300, '奇台县', 0, 0, '', 2, 1),
(652327, 652300, '吉木萨尔县', 0, 0, '', 2, 1),
(652328, 652300, '木垒哈萨克自治县', 0, 0, '', 2, 1),
(652700, 650000, '博尔塔拉蒙古自治州', 0, 0, 'B', 1, 1),
(652701, 652700, '博乐市', 0, 0, '', 2, 1),
(652702, 652700, '阿拉山口市', 0, 0, '', 2, 1),
(652722, 652700, '精河县', 0, 0, '', 2, 1),
(652723, 652700, '温泉县', 0, 0, '', 2, 1),
(652800, 650000, '巴音郭楞蒙古自治州', 0, 0, 'B', 1, 1),
(652801, 652800, '库尔勒市', 0, 0, '', 2, 1),
(652822, 652800, '轮台县', 0, 0, '', 2, 1),
(652823, 652800, '尉犁县', 0, 0, '', 2, 1),
(652824, 652800, '若羌县', 0, 0, '', 2, 1),
(652825, 652800, '且末县', 0, 0, '', 2, 1),
(652826, 652800, '焉耆回族自治县', 0, 0, '', 2, 1),
(652827, 652800, '和静县', 0, 0, '', 2, 1),
(652828, 652800, '和硕县', 0, 0, '', 2, 1),
(652829, 652800, '博湖县', 0, 0, '', 2, 1),
(652900, 650000, '阿克苏地区', 0, 0, 'A', 1, 1),
(652901, 652900, '阿克苏市', 0, 0, '', 2, 1),
(652922, 652900, '温宿县', 0, 0, '', 2, 1),
(652923, 652900, '库车县', 0, 0, '', 2, 1),
(652924, 652900, '沙雅县', 0, 0, '', 2, 1),
(652925, 652900, '新和县', 0, 0, '', 2, 1),
(652926, 652900, '拜城县', 0, 0, '', 2, 1),
(652927, 652900, '乌什县', 0, 0, '', 2, 1),
(652928, 652900, '阿瓦提县', 0, 0, '', 2, 1),
(652929, 652900, '柯坪县', 0, 0, '', 2, 1),
(653000, 650000, '克孜勒苏柯尔克孜自治州', 0, 0, 'K', 1, 1),
(653001, 653000, '阿图什市', 0, 0, '', 2, 1),
(653022, 653000, '阿克陶县', 0, 0, '', 2, 1),
(653023, 653000, '阿合奇县', 0, 0, '', 2, 1),
(653024, 653000, '乌恰县', 0, 0, '', 2, 1),
(653100, 650000, '喀什地区', 0, 0, 'K', 1, 1),
(653101, 653100, '喀什市', 0, 0, '', 2, 1),
(653121, 653100, '疏附县', 0, 0, '', 2, 1),
(653122, 653100, '疏勒县', 0, 0, '', 2, 1),
(653123, 653100, '英吉沙县', 0, 0, '', 2, 1),
(653124, 653100, '泽普县', 0, 0, '', 2, 1),
(653125, 653100, '莎车县', 0, 0, '', 2, 1),
(653126, 653100, '叶城县', 0, 0, '', 2, 1),
(653127, 653100, '麦盖提县', 0, 0, '', 2, 1),
(653128, 653100, '岳普湖县', 0, 0, '', 2, 1),
(653129, 653100, '伽师县', 0, 0, '', 2, 1),
(653130, 653100, '巴楚县', 0, 0, '', 2, 1),
(653131, 653100, '塔什库尔干塔吉克自治县', 0, 0, '', 2, 1),
(653200, 650000, '和田地区', 0, 0, 'H', 1, 1),
(653201, 653200, '和田市', 0, 0, '', 2, 1),
(653221, 653200, '和田县', 0, 0, '', 2, 1),
(653222, 653200, '墨玉县', 0, 0, '', 2, 1),
(653223, 653200, '皮山县', 0, 0, '', 2, 1),
(653224, 653200, '洛浦县', 0, 0, '', 2, 1),
(653225, 653200, '策勒县', 0, 0, '', 2, 1),
(653226, 653200, '于田县', 0, 0, '', 2, 1),
(653227, 653200, '民丰县', 0, 0, '', 2, 1),
(654000, 650000, '伊犁哈萨克自治州', 0, 0, 'Y', 1, 1),
(654002, 654000, '伊宁市', 0, 0, '', 2, 1),
(654003, 654000, '奎屯市', 0, 0, '', 2, 1),
(654004, 654000, '霍尔果斯市', 0, 0, '', 2, 1),
(654005, 654000, '(新源市)', 0, 0, '', 2, 1),
(654021, 654000, '伊宁县', 0, 0, '', 2, 1),
(654022, 654000, '察布查尔锡伯自治县', 0, 0, '', 2, 1),
(654023, 654000, '霍城县', 0, 0, '', 2, 1),
(654024, 654000, '巩留县', 0, 0, '', 2, 1),
(654025, 654000, '新源县', 0, 0, '', 2, 1),
(654026, 654000, '昭苏县', 0, 0, '', 2, 1),
(654027, 654000, '特克斯县', 0, 0, '', 2, 1),
(654028, 654000, '尼勒克县', 0, 0, '', 2, 1),
(654200, 650000, '塔城地区', 0, 0, 'T', 1, 1),
(654201, 654200, '塔城市', 0, 0, '', 2, 1),
(654202, 654200, '乌苏市', 0, 0, '', 2, 1),
(654221, 654200, '额敏县', 0, 0, '', 2, 1),
(654223, 654200, '沙湾县', 0, 0, '', 2, 1),
(654224, 654200, '托里县', 0, 0, '', 2, 1),
(654225, 654200, '裕民县', 0, 0, '', 2, 1),
(654226, 654200, '和布克赛尔蒙古自治县', 0, 0, '', 2, 1),
(654300, 650000, '阿勒泰地区', 0, 0, 'A', 1, 1),
(654301, 654300, '阿勒泰市', 0, 0, '', 2, 1),
(654321, 654300, '布尔津县', 0, 0, '', 2, 1),
(654322, 654300, '富蕴县', 0, 0, '', 2, 1),
(654323, 654300, '福海县', 0, 0, '', 2, 1),
(654324, 654300, '哈巴河县', 0, 0, '', 2, 1),
(654325, 654300, '青河县', 0, 0, '', 2, 1),
(654326, 654300, '吉木乃县', 0, 0, '', 2, 1),
(659000, 650000, '自治区直辖县级行政区划', 0, 0, 'Z', 1, 1),
(659001, 659000, '石河子市', 0, 0, '', 2, 1),
(659002, 659000, '阿拉尔市', 0, 0, '', 2, 1),
(659003, 659000, '图木舒克市', 0, 0, '', 2, 1),
(659004, 659000, '五家渠市', 0, 0, '', 2, 1),
(659005, 659000, '北屯市', 0, 0, '', 2, 1),
(659006, 659000, '铁门关市', 0, 0, '', 2, 1),
(659007, 659000, '双河市', 0, 0, '', 2, 1),
(659008, 659000, '可克达拉市', 0, 0, '', 2, 1),
(659009, 659000, '(胡杨河市)', 0, 0, '', 2, 1),
(710000, 0, '台湾省', 0, 0, '', 0, 1),
(710100, 710000, '台北市', 0, 0, 'T', 1, 1),
(710101, 710100, '松山区', 0, 0, '', 2, 1),
(710102, 710100, '信义区', 0, 0, '', 2, 1),
(710103, 710100, '大安区', 0, 0, '', 2, 1),
(710104, 710100, '中山区', 0, 0, '', 2, 1),
(710105, 710100, '中正区', 0, 0, '', 2, 1),
(710106, 710100, '大同区', 0, 0, '', 2, 1),
(710107, 710100, '万华区', 0, 0, '', 2, 1),
(710108, 710100, '文山区', 0, 0, '', 2, 1),
(710109, 710100, '南港区', 0, 0, '', 2, 1),
(710110, 710100, '内湖区', 0, 0, '', 2, 1),
(710111, 710100, '士林区', 0, 0, '', 2, 1),
(710112, 710100, '北投区', 0, 0, '', 2, 1),
(710200, 710000, '高雄市', 0, 0, 'G', 1, 1),
(710201, 710200, '盐埕区', 0, 0, '', 2, 1),
(710202, 710200, '鼓山区', 0, 0, '', 2, 1),
(710203, 710200, '左营区', 0, 0, '', 2, 1),
(710204, 710200, '楠梓区', 0, 0, '', 2, 1),
(710205, 710200, '三民区', 0, 0, '', 2, 1),
(710206, 710200, '新兴区', 0, 0, '', 2, 1),
(710207, 710200, '前金区', 0, 0, '', 2, 1),
(710208, 710200, '苓雅区', 0, 0, '', 2, 1),
(710209, 710200, '前镇区', 0, 0, '', 2, 1),
(710210, 710200, '旗津区', 0, 0, '', 2, 1),
(710211, 710200, '小港区', 0, 0, '', 2, 1),
(710212, 710200, '凤山区', 0, 0, '', 2, 1),
(710213, 710200, '林园区', 0, 0, '', 2, 1),
(710214, 710200, '大寮区', 0, 0, '', 2, 1),
(710215, 710200, '大树区', 0, 0, '', 2, 1),
(710216, 710200, '大社区', 0, 0, '', 2, 1),
(710217, 710200, '仁武区', 0, 0, '', 2, 1),
(710218, 710200, '鸟松区', 0, 0, '', 2, 1),
(710219, 710200, '冈山区', 0, 0, '', 2, 1),
(710220, 710200, '桥头区', 0, 0, '', 2, 1),
(710221, 710200, '燕巢区', 0, 0, '', 2, 1),
(710222, 710200, '田寮区', 0, 0, '', 2, 1),
(710223, 710200, '阿莲区', 0, 0, '', 2, 1),
(710224, 710200, '路竹区', 0, 0, '', 2, 1),
(710225, 710200, '湖内区', 0, 0, '', 2, 1),
(710226, 710200, '茄萣区', 0, 0, '', 2, 1),
(710227, 710200, '永安区', 0, 0, '', 2, 1),
(710228, 710200, '弥陀区', 0, 0, '', 2, 1),
(710229, 710200, '梓官区', 0, 0, '', 2, 1),
(710230, 710200, '旗山区', 0, 0, '', 2, 1),
(710231, 710200, '美浓区', 0, 0, '', 2, 1),
(710232, 710200, '六龟区', 0, 0, '', 2, 1),
(710233, 710200, '甲仙区', 0, 0, '', 2, 1),
(710234, 710200, '杉林区', 0, 0, '', 2, 1),
(710235, 710200, '内门区', 0, 0, '', 2, 1),
(710236, 710200, '茂林区', 0, 0, '', 2, 1),
(710237, 710200, '桃源区', 0, 0, '', 2, 1),
(710238, 710200, '那玛夏区', 0, 0, '', 2, 1),
(710300, 710000, '基隆市', 0, 0, 'J', 1, 1),
(710301, 710300, '中正区', 0, 0, '', 2, 1),
(710302, 710300, '七堵区', 0, 0, '', 2, 1),
(710303, 710300, '暖暖区', 0, 0, '', 2, 1),
(710304, 710300, '仁爱区', 0, 0, '', 2, 1),
(710305, 710300, '中山区', 0, 0, '', 2, 1),
(710306, 710300, '安乐区', 0, 0, '', 2, 1),
(710307, 710300, '信义区', 0, 0, '', 2, 1),
(710400, 710000, '台中市', 0, 0, 'T', 1, 1),
(710401, 710400, '中区', 0, 0, '', 2, 1),
(710402, 710400, '东区', 0, 0, '', 2, 1),
(710403, 710400, '南区', 0, 0, '', 2, 1),
(710404, 710400, '西区', 0, 0, '', 2, 1),
(710405, 710400, '北区', 0, 0, '', 2, 1),
(710406, 710400, '西屯区', 0, 0, '', 2, 1),
(710407, 710400, '南屯区', 0, 0, '', 2, 1),
(710408, 710400, '北屯区', 0, 0, '', 2, 1),
(710409, 710400, '丰原区', 0, 0, '', 2, 1),
(710410, 710400, '东势区', 0, 0, '', 2, 1),
(710411, 710400, '大甲区', 0, 0, '', 2, 1),
(710412, 710400, '清水区', 0, 0, '', 2, 1),
(710413, 710400, '沙鹿区', 0, 0, '', 2, 1),
(710414, 710400, '梧栖区', 0, 0, '', 2, 1),
(710415, 710400, '后里区', 0, 0, '', 2, 1),
(710416, 710400, '神冈区', 0, 0, '', 2, 1),
(710417, 710400, '潭子区', 0, 0, '', 2, 1),
(710418, 710400, '大雅区', 0, 0, '', 2, 1),
(710419, 710400, '新社区', 0, 0, '', 2, 1),
(710420, 710400, '石冈区', 0, 0, '', 2, 1),
(710421, 710400, '外埔区', 0, 0, '', 2, 1),
(710422, 710400, '大安区', 0, 0, '', 2, 1),
(710423, 710400, '乌日区', 0, 0, '', 2, 1),
(710424, 710400, '大肚区', 0, 0, '', 2, 1),
(710425, 710400, '龙井区', 0, 0, '', 2, 1),
(710426, 710400, '雾峰区', 0, 0, '', 2, 1),
(710427, 710400, '太平区', 0, 0, '', 2, 1),
(710428, 710400, '大里区', 0, 0, '', 2, 1),
(710429, 710400, '和平区', 0, 0, '', 2, 1),
(710500, 710000, '台南市', 0, 0, 'T', 1, 1),
(710501, 710500, '东区', 0, 0, '', 2, 1),
(710502, 710500, '南区', 0, 0, '', 2, 1),
(710504, 710500, '北区', 0, 0, '', 2, 1),
(710506, 710500, '安南区', 0, 0, '', 2, 1),
(710507, 710500, '安平区', 0, 0, '', 2, 1),
(710508, 710500, '中西区', 0, 0, '', 2, 1),
(710509, 710500, '新营区', 0, 0, '', 2, 1),
(710510, 710500, '盐水区', 0, 0, '', 2, 1),
(710511, 710500, '白河区', 0, 0, '', 2, 1),
(710512, 710500, '柳营区', 0, 0, '', 2, 1),
(710513, 710500, '后壁区', 0, 0, '', 2, 1),
(710514, 710500, '东山区', 0, 0, '', 2, 1),
(710515, 710500, '麻豆区', 0, 0, '', 2, 1),
(710516, 710500, '下营区', 0, 0, '', 2, 1),
(710517, 710500, '六甲区', 0, 0, '', 2, 1),
(710518, 710500, '官田区', 0, 0, '', 2, 1),
(710519, 710500, '大内区', 0, 0, '', 2, 1),
(710520, 710500, '佳里区', 0, 0, '', 2, 1),
(710521, 710500, '学甲区', 0, 0, '', 2, 1),
(710522, 710500, '西港区', 0, 0, '', 2, 1),
(710523, 710500, '七股区', 0, 0, '', 2, 1),
(710524, 710500, '将军区', 0, 0, '', 2, 1),
(710525, 710500, '北门区', 0, 0, '', 2, 1),
(710526, 710500, '新化区', 0, 0, '', 2, 1),
(710527, 710500, '善化区', 0, 0, '', 2, 1),
(710528, 710500, '新市区', 0, 0, '', 2, 1),
(710529, 710500, '安定区', 0, 0, '', 2, 1),
(710530, 710500, '山上区', 0, 0, '', 2, 1),
(710531, 710500, '玉井区', 0, 0, '', 2, 1),
(710532, 710500, '楠西区', 0, 0, '', 2, 1),
(710533, 710500, '南化区', 0, 0, '', 2, 1),
(710534, 710500, '左镇区', 0, 0, '', 2, 1),
(710535, 710500, '仁德区', 0, 0, '', 2, 1),
(710536, 710500, '归仁区', 0, 0, '', 2, 1),
(710537, 710500, '关庙区', 0, 0, '', 2, 1),
(710538, 710500, '龙崎区', 0, 0, '', 2, 1),
(710539, 710500, '永康区', 0, 0, '', 2, 1),
(710600, 710000, '新竹市', 0, 0, 'X', 1, 1),
(710601, 710600, '东区', 0, 0, '', 2, 1),
(710602, 710600, '北区', 0, 0, '', 2, 1),
(710603, 710600, '香山区', 0, 0, '', 2, 1),
(710700, 710000, '嘉义市', 0, 0, 'J', 1, 1),
(710701, 710700, '东区', 0, 0, '', 2, 1),
(710702, 710700, '西区', 0, 0, '', 2, 1),
(710800, 710000, '新北市', 0, 0, 'X', 1, 1),
(710801, 710800, '板桥区', 0, 0, '', 2, 1),
(710802, 710800, '三重区', 0, 0, '', 2, 1),
(710803, 710800, '中和区', 0, 0, '', 2, 1),
(710804, 710800, '永和区', 0, 0, '', 2, 1),
(710805, 710800, '新庄区', 0, 0, '', 2, 1),
(710806, 710800, '新店区', 0, 0, '', 2, 1),
(710807, 710800, '树林区', 0, 0, '', 2, 1),
(710808, 710800, '莺歌区', 0, 0, '', 2, 1),
(710809, 710800, '三峡区', 0, 0, '', 2, 1),
(710810, 710800, '淡水区', 0, 0, '', 2, 1),
(710811, 710800, '汐止区', 0, 0, '', 2, 1),
(710812, 710800, '瑞芳区', 0, 0, '', 2, 1),
(710813, 710800, '土城区', 0, 0, '', 2, 1),
(710814, 710800, '芦洲区', 0, 0, '', 2, 1),
(710815, 710800, '五股区', 0, 0, '', 2, 1),
(710816, 710800, '泰山区', 0, 0, '', 2, 1),
(710817, 710800, '林口区', 0, 0, '', 2, 1),
(710818, 710800, '深坑区', 0, 0, '', 2, 1),
(710819, 710800, '石碇区', 0, 0, '', 2, 1),
(710820, 710800, '坪林区', 0, 0, '', 2, 1),
(710821, 710800, '三芝区', 0, 0, '', 2, 1),
(710822, 710800, '石门区', 0, 0, '', 2, 1),
(710823, 710800, '八里区', 0, 0, '', 2, 1),
(710824, 710800, '平溪区', 0, 0, '', 2, 1),
(710825, 710800, '双溪区', 0, 0, '', 2, 1),
(710826, 710800, '贡寮区', 0, 0, '', 2, 1),
(710827, 710800, '金山区', 0, 0, '', 2, 1),
(710828, 710800, '万里区', 0, 0, '', 2, 1),
(710829, 710800, '乌来区', 0, 0, '', 2, 1),
(710900, 710000, '桃园市', 0, 0, 'T', 1, 1),
(710901, 710900, '桃园区', 0, 0, '', 2, 1),
(710902, 710900, '中坜区', 0, 0, '', 2, 1),
(710903, 710900, '平镇区', 0, 0, '', 2, 1),
(710904, 710900, '八德区', 0, 0, '', 2, 1),
(710905, 710900, '杨梅区', 0, 0, '', 2, 1),
(710906, 710900, '大溪区', 0, 0, '', 2, 1),
(710907, 710900, '芦竹区', 0, 0, '', 2, 1),
(710908, 710900, '大园区', 0, 0, '', 2, 1),
(710909, 710900, '龟山区', 0, 0, '', 2, 1),
(710910, 710900, '龙潭区', 0, 0, '', 2, 1),
(710911, 710900, '新屋区', 0, 0, '', 2, 1),
(710912, 710900, '观音区', 0, 0, '', 2, 1),
(710913, 710900, '复兴区', 0, 0, '', 2, 1),
(712200, 710000, '宜兰县', 0, 0, 'Y', 1, 1),
(712201, 712200, '宜兰市', 0, 0, '', 2, 1),
(712221, 712200, '罗东镇', 0, 0, '', 2, 1),
(712222, 712200, '苏澳镇', 0, 0, '', 2, 1),
(712223, 712200, '头城镇', 0, 0, '', 2, 1),
(712224, 712200, '礁溪乡', 0, 0, '', 2, 1),
(712225, 712200, '壮围乡', 0, 0, '', 2, 1),
(712226, 712200, '员山乡', 0, 0, '', 2, 1),
(712227, 712200, '冬山乡', 0, 0, '', 2, 1),
(712228, 712200, '五结乡', 0, 0, '', 2, 1),
(712229, 712200, '三星乡', 0, 0, '', 2, 1),
(712230, 712200, '大同乡', 0, 0, '', 2, 1),
(712231, 712200, '南澳乡', 0, 0, '', 2, 1),
(712400, 710000, '新竹县', 0, 0, 'X', 1, 1),
(712401, 712400, '竹北市', 0, 0, '', 2, 1),
(712421, 712400, '竹东镇', 0, 0, '', 2, 1),
(712422, 712400, '新埔镇', 0, 0, '', 2, 1),
(712423, 712400, '关西镇', 0, 0, '', 2, 1),
(712424, 712400, '湖口乡', 0, 0, '', 2, 1),
(712425, 712400, '新丰乡', 0, 0, '', 2, 1),
(712426, 712400, '芎林乡', 0, 0, '', 2, 1),
(712427, 712400, '橫山乡', 0, 0, '', 2, 1),
(712428, 712400, '北埔乡', 0, 0, '', 2, 1),
(712429, 712400, '宝山乡', 0, 0, '', 2, 1),
(712430, 712400, '峨眉乡', 0, 0, '', 2, 1),
(712431, 712400, '尖石乡', 0, 0, '', 2, 1),
(712432, 712400, '五峰乡', 0, 0, '', 2, 1),
(712500, 710000, '苗栗县', 0, 0, 'M', 1, 1),
(712501, 712500, '苗栗市', 0, 0, '', 2, 1),
(712521, 712500, '苑里镇', 0, 0, '', 2, 1),
(712522, 712500, '通霄镇', 0, 0, '', 2, 1),
(712523, 712500, '竹南镇', 0, 0, '', 2, 1),
(712524, 712500, '头份镇', 0, 0, '', 2, 1),
(712525, 712500, '后龙镇', 0, 0, '', 2, 1),
(712526, 712500, '卓兰镇', 0, 0, '', 2, 1),
(712527, 712500, '大湖乡', 0, 0, '', 2, 1),
(712528, 712500, '公馆乡', 0, 0, '', 2, 1),
(712529, 712500, '铜锣乡', 0, 0, '', 2, 1),
(712530, 712500, '南庄乡', 0, 0, '', 2, 1),
(712531, 712500, '头屋乡', 0, 0, '', 2, 1),
(712532, 712500, '三义乡', 0, 0, '', 2, 1),
(712533, 712500, '西湖乡', 0, 0, '', 2, 1),
(712534, 712500, '造桥乡', 0, 0, '', 2, 1),
(712535, 712500, '三湾乡', 0, 0, '', 2, 1),
(712536, 712500, '狮潭乡', 0, 0, '', 2, 1),
(712537, 712500, '泰安乡', 0, 0, '', 2, 1),
(712700, 710000, '彰化县', 0, 0, 'Z', 1, 1),
(712701, 712700, '彰化市', 0, 0, '', 2, 1),
(712721, 712700, '鹿港镇', 0, 0, '', 2, 1),
(712722, 712700, '和美镇', 0, 0, '', 2, 1),
(712723, 712700, '线西乡', 0, 0, '', 2, 1),
(712724, 712700, '伸港乡', 0, 0, '', 2, 1),
(712725, 712700, '福兴乡', 0, 0, '', 2, 1),
(712726, 712700, '秀水乡', 0, 0, '', 2, 1),
(712727, 712700, '花坛乡', 0, 0, '', 2, 1),
(712728, 712700, '芬园乡', 0, 0, '', 2, 1),
(712729, 712700, '员林镇', 0, 0, '', 2, 1),
(712730, 712700, '溪湖镇', 0, 0, '', 2, 1),
(712731, 712700, '田中镇', 0, 0, '', 2, 1),
(712732, 712700, '大村乡', 0, 0, '', 2, 1),
(712733, 712700, '埔盐乡', 0, 0, '', 2, 1),
(712734, 712700, '埔心乡', 0, 0, '', 2, 1),
(712735, 712700, '永靖乡', 0, 0, '', 2, 1),
(712736, 712700, '社头乡', 0, 0, '', 2, 1),
(712737, 712700, '二水乡', 0, 0, '', 2, 1),
(712738, 712700, '北斗镇', 0, 0, '', 2, 1),
(712739, 712700, '二林镇', 0, 0, '', 2, 1),
(712740, 712700, '田尾乡', 0, 0, '', 2, 1),
(712741, 712700, '埤头乡', 0, 0, '', 2, 1),
(712742, 712700, '芳苑乡', 0, 0, '', 2, 1),
(712743, 712700, '大城乡', 0, 0, '', 2, 1),
(712744, 712700, '竹塘乡', 0, 0, '', 2, 1),
(712745, 712700, '溪州乡', 0, 0, '', 2, 1),
(712800, 710000, '南投县', 0, 0, 'N', 1, 1),
(712801, 712800, '南投市', 0, 0, '', 2, 1),
(712821, 712800, '埔里镇', 0, 0, '', 2, 1),
(712822, 712800, '草屯镇', 0, 0, '', 2, 1),
(712823, 712800, '竹山镇', 0, 0, '', 2, 1),
(712824, 712800, '集集镇', 0, 0, '', 2, 1),
(712825, 712800, '名间乡', 0, 0, '', 2, 1),
(712826, 712800, '鹿谷乡', 0, 0, '', 2, 1),
(712827, 712800, '中寮乡', 0, 0, '', 2, 1),
(712828, 712800, '鱼池乡', 0, 0, '', 2, 1),
(712829, 712800, '国姓乡', 0, 0, '', 2, 1),
(712830, 712800, '水里乡', 0, 0, '', 2, 1),
(712831, 712800, '信义乡', 0, 0, '', 2, 1),
(712832, 712800, '仁爱乡', 0, 0, '', 2, 1),
(712900, 710000, '云林县', 0, 0, 'Y', 1, 1),
(712901, 712900, '斗六市', 0, 0, '', 2, 1),
(712921, 712900, '斗南镇', 0, 0, '', 2, 1),
(712922, 712900, '虎尾镇', 0, 0, '', 2, 1),
(712923, 712900, '西螺镇', 0, 0, '', 2, 1),
(712924, 712900, '土库镇', 0, 0, '', 2, 1),
(712925, 712900, '北港镇', 0, 0, '', 2, 1),
(712926, 712900, '古坑乡', 0, 0, '', 2, 1),
(712927, 712900, '大埤乡', 0, 0, '', 2, 1),
(712928, 712900, '莿桐乡', 0, 0, '', 2, 1),
(712929, 712900, '林内乡', 0, 0, '', 2, 1),
(712930, 712900, '二仑乡', 0, 0, '', 2, 1),
(712931, 712900, '仑背乡', 0, 0, '', 2, 1),
(712932, 712900, '麦寮乡', 0, 0, '', 2, 1),
(712933, 712900, '东势乡', 0, 0, '', 2, 1),
(712934, 712900, '褒忠乡', 0, 0, '', 2, 1),
(712935, 712900, '台西乡', 0, 0, '', 2, 1),
(712936, 712900, '元长乡', 0, 0, '', 2, 1),
(712937, 712900, '四湖乡', 0, 0, '', 2, 1),
(712938, 712900, '口湖乡', 0, 0, '', 2, 1),
(712939, 712900, '水林乡', 0, 0, '', 2, 1),
(713000, 710000, '嘉义县', 0, 0, 'J', 1, 1),
(713001, 713000, '太保市', 0, 0, '', 2, 1),
(713002, 713000, '朴子市', 0, 0, '', 2, 1),
(713023, 713000, '布袋镇', 0, 0, '', 2, 1),
(713024, 713000, '大林镇', 0, 0, '', 2, 1),
(713025, 713000, '民雄乡', 0, 0, '', 2, 1),
(713026, 713000, '溪口乡', 0, 0, '', 2, 1),
(713027, 713000, '新港乡', 0, 0, '', 2, 1),
(713028, 713000, '六脚乡', 0, 0, '', 2, 1),
(713029, 713000, '东石乡', 0, 0, '', 2, 1),
(713030, 713000, '义竹乡', 0, 0, '', 2, 1),
(713031, 713000, '鹿草乡', 0, 0, '', 2, 1),
(713032, 713000, '水上乡', 0, 0, '', 2, 1),
(713033, 713000, '中埔乡', 0, 0, '', 2, 1),
(713034, 713000, '竹崎乡', 0, 0, '', 2, 1),
(713035, 713000, '梅山乡', 0, 0, '', 2, 1),
(713036, 713000, '番路乡', 0, 0, '', 2, 1),
(713037, 713000, '大埔乡', 0, 0, '', 2, 1),
(713038, 713000, '阿里山乡', 0, 0, '', 2, 1),
(713300, 710000, '屏东县', 0, 0, 'P', 1, 1),
(713301, 713300, '屏东市', 0, 0, '', 2, 1),
(713321, 713300, '潮州镇', 0, 0, '', 2, 1),
(713322, 713300, '东港镇', 0, 0, '', 2, 1),
(713323, 713300, '恒春镇', 0, 0, '', 2, 1),
(713324, 713300, '万丹乡', 0, 0, '', 2, 1),
(713325, 713300, '长治乡', 0, 0, '', 2, 1),
(713326, 713300, '麟洛乡', 0, 0, '', 2, 1),
(713327, 713300, '九如乡', 0, 0, '', 2, 1),
(713328, 713300, '里港乡', 0, 0, '', 2, 1),
(713329, 713300, '盐埔乡', 0, 0, '', 2, 1),
(713330, 713300, '高树乡', 0, 0, '', 2, 1),
(713331, 713300, '万峦乡', 0, 0, '', 2, 1),
(713332, 713300, '内埔乡', 0, 0, '', 2, 1),
(713333, 713300, '竹田乡', 0, 0, '', 2, 1),
(713334, 713300, '新埤乡', 0, 0, '', 2, 1),
(713335, 713300, '枋寮乡', 0, 0, '', 2, 1),
(713336, 713300, '新园乡', 0, 0, '', 2, 1),
(713337, 713300, '崁顶乡', 0, 0, '', 2, 1),
(713338, 713300, '林边乡', 0, 0, '', 2, 1),
(713339, 713300, '南州乡', 0, 0, '', 2, 1),
(713340, 713300, '佳冬乡', 0, 0, '', 2, 1),
(713341, 713300, '琉球乡', 0, 0, '', 2, 1),
(713342, 713300, '车城乡', 0, 0, '', 2, 1),
(713343, 713300, '满州乡', 0, 0, '', 2, 1),
(713344, 713300, '枋山乡', 0, 0, '', 2, 1),
(713345, 713300, '三地门乡', 0, 0, '', 2, 1),
(713346, 713300, '雾台乡', 0, 0, '', 2, 1),
(713347, 713300, '玛家乡', 0, 0, '', 2, 1),
(713348, 713300, '泰武乡', 0, 0, '', 2, 1),
(713349, 713300, '来义乡', 0, 0, '', 2, 1),
(713350, 713300, '春日乡', 0, 0, '', 2, 1),
(713351, 713300, '狮子乡', 0, 0, '', 2, 1),
(713352, 713300, '牡丹乡', 0, 0, '', 2, 1),
(713400, 710000, '台东县', 0, 0, 'T', 1, 1),
(713401, 713400, '台东市', 0, 0, '', 2, 1),
(713421, 713400, '成功镇', 0, 0, '', 2, 1),
(713422, 713400, '关山镇', 0, 0, '', 2, 1),
(713423, 713400, '卑南乡', 0, 0, '', 2, 1),
(713424, 713400, '鹿野乡', 0, 0, '', 2, 1),
(713425, 713400, '池上乡', 0, 0, '', 2, 1),
(713426, 713400, '东河乡', 0, 0, '', 2, 1),
(713427, 713400, '长滨乡', 0, 0, '', 2, 1),
(713428, 713400, '太麻里乡', 0, 0, '', 2, 1),
(713429, 713400, '大武乡', 0, 0, '', 2, 1),
(713430, 713400, '绿岛乡', 0, 0, '', 2, 1),
(713431, 713400, '海端乡', 0, 0, '', 2, 1),
(713432, 713400, '延平乡', 0, 0, '', 2, 1),
(713433, 713400, '金峰乡', 0, 0, '', 2, 1),
(713434, 713400, '达仁乡', 0, 0, '', 2, 1),
(713435, 713400, '兰屿乡', 0, 0, '', 2, 1),
(713500, 710000, '花莲县', 0, 0, 'H', 1, 1),
(713501, 713500, '花莲市', 0, 0, '', 2, 1),
(713521, 713500, '凤林镇', 0, 0, '', 2, 1),
(713522, 713500, '玉里镇', 0, 0, '', 2, 1),
(713523, 713500, '新城乡', 0, 0, '', 2, 1),
(713524, 713500, '吉安乡', 0, 0, '', 2, 1),
(713525, 713500, '寿丰乡', 0, 0, '', 2, 1),
(713526, 713500, '光复乡', 0, 0, '', 2, 1),
(713527, 713500, '丰滨乡', 0, 0, '', 2, 1),
(713528, 713500, '瑞穗乡', 0, 0, '', 2, 1),
(713529, 713500, '富里乡', 0, 0, '', 2, 1),
(713530, 713500, '秀林乡', 0, 0, '', 2, 1),
(713531, 713500, '万荣乡', 0, 0, '', 2, 1),
(713532, 713500, '卓溪乡', 0, 0, '', 2, 1),
(713600, 710000, '澎湖县', 0, 0, 'P', 1, 1),
(713601, 713600, '马公市', 0, 0, '', 2, 1),
(713621, 713600, '湖西乡', 0, 0, '', 2, 1),
(713622, 713600, '白沙乡', 0, 0, '', 2, 1),
(713623, 713600, '西屿乡', 0, 0, '', 2, 1),
(713624, 713600, '望安乡', 0, 0, '', 2, 1),
(713625, 713600, '七美乡', 0, 0, '', 2, 1),
(810000, 0, '香港特别行政区', 0, 0, '', 0, 1),
(810100, 810000, '香港岛', 0, 0, 'X', 1, 1),
(810101, 810100, '中西区', 0, 0, '', 2, 1),
(810102, 810100, '湾仔区', 0, 0, '', 2, 1),
(810103, 810100, '东区', 0, 0, '', 2, 1),
(810104, 810100, '南区', 0, 0, '', 2, 1),
(810200, 810000, '九龙', 0, 0, 'J', 1, 1),
(810201, 810200, '油尖旺区', 0, 0, '', 2, 1),
(810202, 810200, '深水埗区', 0, 0, '', 2, 1),
(810203, 810200, '九龙城区', 0, 0, '', 2, 1),
(810204, 810200, '黄大仙区', 0, 0, '', 2, 1),
(810205, 810200, '观塘区', 0, 0, '', 2, 1),
(810300, 810000, '新界', 0, 0, 'X', 1, 1),
(810301, 810300, '荃湾区', 0, 0, '', 2, 1),
(810302, 810300, '屯门区', 0, 0, '', 2, 1),
(810303, 810300, '元朗区', 0, 0, '', 2, 1),
(810304, 810300, '北区', 0, 0, '', 2, 1),
(810305, 810300, '大埔区', 0, 0, '', 2, 1),
(810306, 810300, '西贡区', 0, 0, '', 2, 1),
(810307, 810300, '沙田区', 0, 0, '', 2, 1),
(810308, 810300, '葵青区', 0, 0, '', 2, 1),
(810309, 810300, '离岛区', 0, 0, '', 2, 1),
(820000, 0, '澳门特别行政区', 0, 0, '', 0, 1),
(820100, 820000, '澳门半岛', 0, 0, 'A', 1, 1),
(820101, 820100, '花地玛堂区', 0, 0, '', 2, 1),
(820102, 820100, '圣安多尼堂区', 0, 0, '', 2, 1),
(820103, 820100, '大堂区', 0, 0, '', 2, 1),
(820104, 820100, '望德堂区', 0, 0, '', 2, 1),
(820105, 820100, '风顺堂区', 0, 0, '', 2, 1),
(820200, 820000, '氹仔岛', 0, 0, 'D', 1, 1),
(820201, 820200, '嘉模堂区', 0, 0, '', 2, 1),
(820300, 820000, '路环岛', 0, 0, 'L', 1, 1),
(820301, 820300, '圣方济各堂区 ', 0, 0, '', 2, 1);

-- --------------------------------------------------------

--
-- Table structure for table `wst_articles`
--

CREATE TABLE `wst_articles` (
  `articleId` int(11) NOT NULL,
  `catId` int(11) NOT NULL,
  `articleTitle` varchar(200) NOT NULL,
  `articleImg` varchar(150) NOT NULL,
  `isShow` tinyint(4) NOT NULL DEFAULT '1',
  `articleContent` text NOT NULL,
  `articleKey` varchar(255) DEFAULT NULL,
  `staffId` int(11) NOT NULL,
  `createTime` datetime NOT NULL
) ENGINE=MyISAM DEFAULT CHARSET=utf8;

--
-- Dumping data for table `wst_articles`
--

INSERT INTO `wst_articles` (`articleId`, `catId`, `articleTitle`, `articleImg`, `isShow`, `articleContent`, `articleKey`, `staffId`, `createTime`) VALUES
(16, 6, '黑金卡说明', '', 1, '&lt;p&gt;1.咖啡吧饮品半价&lt;/p&gt;\n                        &lt;p&gt;2.会员生日当天大礼包&lt;/p&gt;\n                        &lt;p&gt;3.每周会员特价产品&lt;/p&gt;\n                        &lt;p&gt;4.线上线下均享会员价&lt;/p&gt;\n                        &lt;p&gt;5.购物积分兑换&lt;/p&gt;\n                        &lt;p&gt;6.免费体验彩妆、护肤沙龙活动&lt;/p&gt;', '会员卡', 1, '2016-11-03 18:02:18'),
(2, 2, '帐户自助服务', '', 1, '&amp;nbsp;帐户自助服务&amp;nbsp;帐户自助服务', '帐户自助服务', 1, '2015-04-09 21:37:30'),
(3, 3, '支付方式', '', 1, '支付方式&amp;nbsp;支付方式&amp;nbsp;支付方式&lt;br /&gt;', '支付方式', 1, '2015-04-09 21:37:56'),
(9, 9, '黑金卡说明', '', 1, '&lt;p&gt;1.咖啡吧饮品半价&lt;/p&gt;\n                        &lt;p&gt;2.会员生日当天大礼包&lt;/p&gt;\n                        &lt;p&gt;3.每周会员特价产品&lt;/p&gt;\n                        &lt;p&gt;4.线上线下均享会员价&lt;/p&gt;\n                        &lt;p&gt;5.购物积分兑换&lt;/p&gt;\n                        &lt;p&gt;6.免费体验彩妆、护肤沙龙活动&lt;/p&gt;', '黑金卡会员卡', 1, '2016-11-03 17:34:55'),
(13, 2, '你妈妈咪', '', 1, '111', '1111', 1, '2016-11-03 17:50:29'),
(14, 6, '要死了', '', 1, '11111', '11111', 1, '2016-11-03 17:51:15'),
(15, 10, '黑金卡说明', '', 1, '&lt;p&gt;1.咖啡吧饮品半价&lt;/p&gt;\n                        &lt;p&gt;2.会员生日当天大礼包&lt;/p&gt;\n                        &lt;p&gt;3.每周会员特价产品&lt;/p&gt;\n                        &lt;p&gt;4.线上线下均享会员价&lt;/p&gt;\n                        &lt;p&gt;5.购物积分兑换&lt;/p&gt;\n                        &lt;p&gt;6.免费体验彩妆、护肤沙龙活动&lt;/p&gt;', '黑金卡说明 会员卡', 1, '2016-11-03 17:52:36');

-- --------------------------------------------------------

--
-- Table structure for table `wst_article_cats`
--

CREATE TABLE `wst_article_cats` (
  `catId` int(11) NOT NULL,
  `parentId` int(11) NOT NULL,
  `catType` tinyint(4) NOT NULL DEFAULT '0',
  `isShow` tinyint(4) NOT NULL DEFAULT '1',
  `catName` varchar(20) NOT NULL,
  `catSort` int(11) NOT NULL DEFAULT '0',
  `catFlag` tinyint(4) NOT NULL DEFAULT '1'
) ENGINE=MyISAM DEFAULT CHARSET=utf8;

--
-- Dumping data for table `wst_article_cats`
--

INSERT INTO `wst_article_cats` (`catId`, `parentId`, `catType`, `isShow`, `catName`, `catSort`, `catFlag`) VALUES
(1, 0, 1, 1, '商城快讯', 0, 1),
(2, 0, 1, 1, '新手上路', 0, 1),
(3, 0, 1, 1, '如何付款', 0, 1),
(4, 0, 1, 1, '配送说明', 0, 1),
(5, 0, 1, 1, '售后服务', 0, 1),
(6, 0, 1, 1, '常见问题', 0, 1),
(7, 0, 1, 1, '黑金卡', 0, 1),
(9, 7, 1, 1, '黑金卡说明', 0, 1);

-- --------------------------------------------------------

--
-- Table structure for table `wst_attributes`
--

CREATE TABLE `wst_attributes` (
  `attrId` int(11) NOT NULL,
  `shopId` int(11) NOT NULL,
  `catId` int(11) NOT NULL,
  `attrName` varchar(255) NOT NULL,
  `attrType` tinyint(4) NOT NULL DEFAULT '0',
  `isPriceAttr` tinyint(4) DEFAULT '0',
  `attrContent` text,
  `attrFlag` tinyint(4) NOT NULL DEFAULT '1',
  `attrSort` int(11) DEFAULT '0',
  `createTime` datetime NOT NULL
) ENGINE=MyISAM DEFAULT CHARSET=utf8;

--
-- Dumping data for table `wst_attributes`
--

INSERT INTO `wst_attributes` (`attrId`, `shopId`, `catId`, `attrName`, `attrType`, `isPriceAttr`, `attrContent`, `attrFlag`, `attrSort`, `createTime`) VALUES
(1, 4, 1, '等级', 0, 1, NULL, 1, 1, '2015-10-12 13:56:13'),
(2, 4, 1, '产地', 2, 0, '国外,山东,四川,云南,广西,广东', 1, 2, '2015-10-12 13:56:13'),
(3, 4, 1, '营养价值', 0, 0, NULL, 1, 3, '2015-10-12 13:56:13'),
(4, 4, 2, '等级', 0, 1, NULL, 1, 1, '2015-10-12 13:57:49'),
(5, 4, 2, '产地', 2, 0, '美国,英国,法国,澳大利亚,中国,台湾', 1, 2, '2015-10-12 13:57:49'),
(6, 4, 2, '烹饪方式', 1, 0, '生食,蒸煮,烧烤,爆炒', 1, 3, '2015-10-12 13:57:49'),
(7, 4, 2, '营养价值', 0, 0, NULL, 1, 4, '2015-10-12 13:57:49');

-- --------------------------------------------------------

--
-- Table structure for table `wst_attribute_cats`
--

CREATE TABLE `wst_attribute_cats` (
  `catId` int(11) NOT NULL,
  `shopId` int(11) NOT NULL,
  `catName` varchar(255) NOT NULL,
  `catFlag` tinyint(4) NOT NULL DEFAULT '1',
  `createTime` datetime NOT NULL
) ENGINE=MyISAM DEFAULT CHARSET=utf8;

--
-- Dumping data for table `wst_attribute_cats`
--

INSERT INTO `wst_attribute_cats` (`catId`, `shopId`, `catName`, `catFlag`, `createTime`) VALUES
(1, 4, '水果', 1, '2015-10-12 13:54:29'),
(2, 4, '海产', 1, '2015-10-12 13:54:38');

-- --------------------------------------------------------

--
-- Table structure for table `wst_banks`
--

CREATE TABLE `wst_banks` (
  `bankId` int(11) NOT NULL,
  `bankName` varchar(50) DEFAULT NULL,
  `bankFlag` tinyint(4) DEFAULT '1'
) ENGINE=MyISAM DEFAULT CHARSET=utf8;

--
-- Dumping data for table `wst_banks`
--

INSERT INTO `wst_banks` (`bankId`, `bankName`, `bankFlag`) VALUES
(17, '中国工商银行', 1),
(18, '中国农业银行', 1),
(19, '中国人民银行', 1),
(20, '招商银行', 1),
(21, '中兴银行', 1),
(22, '交通银行', 1),
(23, '深圳发展银行', 1),
(24, '中国光大银行', 1);

-- --------------------------------------------------------

--
-- Table structure for table `wst_brands`
--

CREATE TABLE `wst_brands` (
  `brandId` int(11) NOT NULL,
  `brandName` varchar(100) NOT NULL,
  `brandIco` varchar(150) NOT NULL,
  `brandDesc` text,
  `createTime` datetime NOT NULL,
  `brandFlag` tinyint(4) NOT NULL DEFAULT '1'
) ENGINE=MyISAM DEFAULT CHARSET=utf8;

--
-- Dumping data for table `wst_brands`
--

INSERT INTO `wst_brands` (`brandId`, `brandName`, `brandIco`, `brandDesc`, `createTime`, `brandFlag`) VALUES
(7, '大大', 'Upload/brands/2015-05/554c248588e1a_thumb.gif', '大大', '2015-05-08 10:50:51', 1),
(8, '德芙', 'Upload/brands/2015-05/554c24a0efdb9_thumb.jpg', '德芙', '2015-05-08 10:51:18', 1),
(9, '金帝', 'Upload/brands/2015-05/554c24beef656_thumb.jpg', '金帝', '2015-05-08 10:51:47', 1),
(10, '乐天', 'Upload/brands/2015-05/554c24cfc96fa_thumb.gif', '乐天', '2015-05-08 10:52:07', 1),
(11, '好丽友', 'Upload/brands/2015-05/554c24e361a8e_thumb.gif', '好丽友', '2015-05-08 10:52:27', 1),
(12, '金莎', 'Upload/brands/2015-05/554c24fc5e3f8_thumb.jpg', '金莎', '2015-05-08 10:52:48', 1),
(13, '苏果', 'Upload/brands/2015-05/554c25d2b3b6b_thumb.jpg', '苏果', '2015-05-08 10:56:21', 1),
(14, '城市果篮', 'Upload/brands/2015-05/554c25eb1c3ac_thumb.jpg', '城市果篮', '2015-05-08 10:56:45', 1),
(15, '花果子', 'Upload/brands/2015-05/554c25ff28841_thumb.jpg', '&lt;b&gt;花果子&lt;/b&gt;', '2015-05-08 10:57:09', 1),
(16, '福果园', 'Upload/brands/2015-05/554c261f575b7_thumb.jpg', '福果园', '2015-05-08 10:57:46', 1),
(17, '香芒山', 'Upload/brands/2015-05/554c266dcce62_thumb.jpg', '香芒山', '2015-05-08 10:58:56', 1),
(18, 'berry', 'Upload/brands/2015-05/554c267f44c8a_thumb.jpg', 'berry', '2015-05-08 10:59:18', 1),
(19, '吉农沃尔特', 'Upload/brands/2015-05/556ad93feae62_thumb.png', '&lt;span style=&quot;color:#637160;font-family:宋体;font-size:16px;line-height:22px;background-color:#E53333;&quot;&gt;田间超市不错，很吸引人的眼球。&lt;/span&gt;', '2015-05-31 17:51:28', 1),
(20, '鑫明有机', 'Upload/brands/2015-05/556adab7189d1_thumb.png', '鑫明有机食物', '2015-05-31 17:56:24', 1),
(21, '一号农场', 'Upload/brands/2015-05/556adcacbfb6b_thumb.png', '一号农场一号农场一号农场', '2015-05-31 18:04:32', 1),
(22, '万家鲜', 'Upload/brands/2015-05/556adf780f49d_thumb.png', '万家鲜万家鲜万家鲜', '2015-05-31 18:16:28', 1),
(23, '新雅食品', 'Upload/brands/2015-05/556b08187ff38_thumb.png', '新雅食品新雅食品新雅食品新雅食品', '2015-05-31 21:09:46', 1),
(24, '乐多菜园', 'Upload/brands/2015-05/556b099de97fe_thumb.png', '乐多菜园乐多乐多菜园', '2015-05-31 21:16:18', 1),
(25, '乐宜美', 'Upload/brands/2015-06/556bb2e72aae5_thumb.png', '乐宜美乐宜美乐宜美', '2015-06-01 09:18:35', 1),
(26, '好雅', 'Upload/brands/2015-06/556bb59a21690_thumb.png', '&lt;h1 style=&quot;font-size:16px;font-family:\'microsoft yahei\';background-color:#FFFFFF;&quot;&gt;\n	好雅 专做真空收纳袋压缩袋整理密封袋\n&lt;/h1&gt;', '2015-06-01 09:30:04', 1),
(27, '厨之选', 'Upload/brands/2015-06/556bcffbb51c6_thumb.png', '厨之选厨之选厨之选厨之选', '2015-06-01 11:22:40', 1),
(28, '新天力', 'Upload/brands/2015-06/556bd070c5596_thumb.png', '新天力厨房品牌', '2015-06-01 11:24:41', 1),
(29, '雀巢咖啡', 'Upload/brands/2015-06/556be76dc0ded_thumb.jpg', '雀巢咖啡雀巢咖啡雀巢咖啡', '2015-06-01 13:02:46', 1),
(30, '伊利奶粉', 'Upload/brands/2015-06/556c13f105821_thumb.jpg', '&lt;p&gt;\n	伊利奶粉。。。\n&lt;/p&gt;', '2015-06-01 16:12:42', 1),
(31, '红牛', 'Upload/brands/2015-06/556c16e6cb44a_thumb.jpg', '红牛功能饮料', '2015-06-01 16:25:16', 1),
(32, '佳得乐', 'Upload/brands/2015-06/556c176b0e6b7_thumb.jpg', '佳得乐饮料品牌', '2015-06-01 16:27:30', 1),
(33, '美年达', 'Upload/brands/2015-06/556c1839c8fd5_thumb.jpg', '美年达碳酸饮料', '2015-06-01 16:30:59', 1),
(34, '芬达', 'Upload/brands/2015-06/556c18a77133d_thumb.jpg', '芬达碳酸饮料', '2015-06-01 16:32:49', 1),
(35, '康师傅', 'Upload/brands/2015-06/556c19392c43e_thumb.jpg', '康师傅康师傅康师傅康师傅', '2015-06-01 16:35:09', 1),
(36, '美汁源', 'Upload/brands/2015-06/556c1aa14e0a8_thumb.jpg', '&lt;span style=&quot;color:#333333;background-color:#FFFFFF;&quot;&gt;美汁源&lt;span style=&quot;color:#333333;line-height:28px;font-family:Tahoma, &amp;quot;microsoft yahei&amp;quot;;font-size:20px;font-style:normal;background-color:#FFFFFF;&quot;&gt;美汁源&lt;span style=&quot;color:#333333;line-height:28px;font-family:Tahoma, &amp;quot;microsoft yahei&amp;quot;;font-size:20px;font-style:normal;background-color:#FFFFFF;&quot;&gt;美汁源&lt;span style=&quot;color:#333333;background-color:#FFFFFF;&quot;&gt;美汁源&lt;/span&gt;&lt;/span&gt;&lt;/span&gt;&lt;/span&gt;', '2015-06-01 16:41:09', 1),
(37, '太古方糖', 'Upload/brands/2015-06/556c1cfe9f650_thumb.jpg', '&lt;p&gt;\n	太古方糖。。。\n&lt;/p&gt;\n&lt;p&gt;\n	&lt;br /&gt;\n&lt;/p&gt;', '2015-06-01 16:51:19', 1),
(38, '麦斯威尔咖啡', 'Upload/brands/2015-06/556c1ded1236d_thumb.jpg', '&lt;span style=&quot;color:#333333;background-color:#FFFFFF;&quot;&gt;麦斯威尔咖啡品牌&lt;/span&gt;', '2015-06-01 16:55:15', 1),
(39, '可比可拿铁咖啡', 'Upload/brands/2015-06/556c1e8a688dd_thumb.jpg', '&lt;span style=&quot;color:#333333;background-color:#FFFFFF;&quot;&gt;可比可拿铁咖啡&lt;span style=&quot;color:#333333;background-color:#FFFFFF;&quot;&gt;可比可拿铁咖啡&lt;/span&gt;&lt;/span&gt;', '2015-06-01 16:57:51', 1),
(40, '摩卡咖啡', 'Upload/brands/2015-06/556c2089222b5_thumb.jpg', '摩卡咖啡摩卡咖啡', '2015-06-01 17:06:19', 1),
(41, '福临门', 'Upload/brands/2015-06/556c261fe8586_thumb.jpg', '福临门', '2015-06-01 17:30:10', 1),
(42, '鲁花花生油', 'Upload/brands/2015-06/556c278226813_thumb.jpg', '鲁花花生油鲁花花生油鲁花花生油鲁花花生油', '2015-06-01 17:36:03', 1),
(43, '多力5珍宝', 'Upload/brands/2015-06/556c281dc1f4f_thumb.jpg', '&lt;p&gt;\n	&lt;br /&gt;\n&lt;/p&gt;\n&lt;p&gt;\n	多力5珍宝多力5珍宝\n&lt;/p&gt;', '2015-06-01 17:38:44', 1),
(44, '金龙鱼', 'Upload/brands/2015-06/556c29f537cab_thumb.jpg', '金龙鱼金龙鱼金龙鱼', '2015-06-01 17:46:31', 1),
(45, '真真老老粽子', 'Upload/brands/2015-06/556c2ce99cb6d_thumb.jpg', '真真老老粽子真真老老粽子真真老老粽子', '2015-06-01 17:59:12', 1),
(46, '五芳斋', 'Upload/brands/2015-06/556c2d94bb27c_thumb.jpg', '五芳斋 粽子', '2015-06-01 18:02:04', 1),
(47, '银鹭', 'Upload/brands/2015-06/556c2e693b534_thumb.png', '&lt;span style=&quot;color:#333333;background-color:#FFFFFF;&quot;&gt;银鹭 椰果 八宝粥 &lt;/span&gt;', '2015-06-01 18:05:36', 1),
(48, 'Walch/威露士', 'Upload/brands/2015-06/556c51eb10b5f_thumb.png', 'Walch/威露士Walch/威露士Walch/威露士', '2015-06-01 20:37:02', 1),
(49, '妍妍', 'Upload/brands/2015-06/556c52f9d84f3_thumb.png', '妍妍女性用品', '2015-06-01 20:41:31', 1),
(50, '巴黎小站', 'Upload/brands/2015-06/556c541eca2cb_thumb.png', '&lt;p&gt;\n	巴黎小站\n&lt;/p&gt;\n&lt;p&gt;\n	&lt;br /&gt;\n&lt;/p&gt;', '2015-06-01 20:46:51', 1),
(51, '施巴', 'Upload/brands/2015-06/556c5611a70a8_thumb.png', '施巴施巴', '2015-06-01 20:54:46', 1),
(52, 'Free', 'Upload/brands/2015-06/556c56c98fe30_thumb.png', '&amp;nbsp;\n&lt;h1 style=&quot;color:#000000;text-indent:0px;background-color:#FFFFFF;&quot;&gt;\n	Free&amp;nbsp;\n&lt;/h1&gt;\n&lt;h1 style=&quot;color:#000000;text-indent:0px;background-color:#FFFFFF;&quot;&gt;\n	Free\n&lt;/h1&gt;', '2015-06-01 20:57:53', 1),
(53, '西尼', 'Upload/brands/2015-06/556c586531e87_thumb.png', '西尼西尼', '2015-06-01 21:04:50', 1),
(54, 'beely', 'Upload/brands/2015-06/556c5ce375bad_thumb.png', 'beely&amp;nbsp; beely', '2015-06-01 21:23:53', 1),
(55, 'Veet/薇婷', 'Upload/brands/2015-06/556c5d7ac1a74_thumb.png', '&lt;h1 style=&quot;color:#000000;text-indent:0px;background-color:#FFFFFF;&quot;&gt;\n	Veet/薇婷\n&lt;/h1&gt;\n&lt;h1 style=&quot;color:#000000;text-indent:0px;background-color:#FFFFFF;&quot;&gt;\n	Veet/薇婷\n&lt;/h1&gt;\n&lt;h1 style=&quot;color:#000000;text-indent:0px;background-color:#FFFFFF;&quot;&gt;\n	Veet/薇婷\n&lt;/h1&gt;', '2015-06-01 21:26:24', 1),
(56, '番茄派', 'Upload/brands/2015-06/556c5f1996e13_thumb.png', '&lt;p&gt;\n	番茄派\n&lt;/p&gt;\n&lt;p&gt;\n	&lt;br /&gt;\n&lt;/p&gt;\n&lt;h1 style=&quot;color:#000000;text-indent:0px;background-color:#FFFFFF;&quot;&gt;\n	番茄派\n&lt;/h1&gt;', '2015-06-01 21:33:22', 1),
(57, '欧丽丝', 'Upload/brands/2015-06/556c5fdce2461_thumb.png', '&lt;h1 style=&quot;color:#000000;text-indent:0px;background-color:#FFFFFF;&quot;&gt;\n	欧丽丝\n&lt;/h1&gt;\n&lt;h1 style=&quot;color:#000000;text-indent:0px;background-color:#FFFFFF;&quot;&gt;\n	欧丽丝\n&lt;/h1&gt;', '2015-06-01 21:36:30', 1),
(58, 'STENDERS施丹兰', 'Upload/brands/2015-06/556c6040c9bd0_thumb.png', '&lt;h1 style=&quot;color:#000000;text-indent:0px;background-color:#FFFFFF;&quot;&gt;\n	STENDERS施丹兰\n&lt;/h1&gt;\n&lt;h1 style=&quot;color:#000000;text-indent:0px;background-color:#FFFFFF;&quot;&gt;\n	STENDERS施丹兰\n&lt;/h1&gt;', '2015-06-01 21:38:12', 1),
(59, 'Rewiwax蕾沃斯', 'Upload/brands/2015-06/556c60d90746b_thumb.png', '&lt;h1 style=&quot;color:#000000;text-indent:0px;background-color:#FFFFFF;&quot;&gt;\n	Rewiwax蕾沃斯\n&lt;/h1&gt;\n&lt;h1 style=&quot;color:#000000;text-indent:0px;background-color:#FFFFFF;&quot;&gt;\n	Rewiwax蕾沃斯\n&lt;/h1&gt;\n&lt;h1 style=&quot;color:#000000;text-indent:0px;background-color:#FFFFFF;&quot;&gt;\n	Rewiwax蕾沃斯\n&lt;/h1&gt;', '2015-06-01 21:40:44', 1);

-- --------------------------------------------------------

--
-- Table structure for table `wst_cart`
--

CREATE TABLE `wst_cart` (
  `cartId` int(11) NOT NULL,
  `userId` int(11) NOT NULL DEFAULT '0',
  `isCheck` tinyint(4) NOT NULL DEFAULT '1',
  `goodsId` int(11) NOT NULL DEFAULT '0',
  `goodsAttrId` int(11) NOT NULL DEFAULT '0',
  `goodsCnt` int(11) NOT NULL DEFAULT '0'
) ENGINE=MyISAM DEFAULT CHARSET=utf8;

--
-- Dumping data for table `wst_cart`
--

INSERT INTO `wst_cart` (`cartId`, `userId`, `isCheck`, `goodsId`, `goodsAttrId`, `goodsCnt`) VALUES
(561, 56, 0, 278, 0, 1);

-- --------------------------------------------------------

--
-- Table structure for table `wst_communitys`
--

CREATE TABLE `wst_communitys` (
  `communityId` int(11) NOT NULL,
  `areaId1` int(11) NOT NULL,
  `areaId2` int(11) NOT NULL,
  `areaId3` int(11) NOT NULL,
  `isShow` tinyint(4) NOT NULL DEFAULT '1',
  `isService` tinyint(4) NOT NULL DEFAULT '0',
  `communityName` varchar(80) NOT NULL,
  `communitySort` int(11) NOT NULL DEFAULT '0',
  `communityKey` char(255) NOT NULL,
  `communityFlag` tinyint(4) NOT NULL DEFAULT '1',
  `latitude` char(30) DEFAULT NULL,
  `longitude` char(30) DEFAULT NULL,
  `mapLevel` int(11) DEFAULT '13'
) ENGINE=MyISAM DEFAULT CHARSET=utf8;

--
-- Dumping data for table `wst_communitys`
--

INSERT INTO `wst_communitys` (`communityId`, `areaId1`, `areaId2`, `areaId3`, `isShow`, `isService`, `communityName`, `communitySort`, `communityKey`, `communityFlag`, `latitude`, `longitude`, `mapLevel`) VALUES
(15, 440000, 440100, 440106, 1, 1, '五山岑村社区', 1, '', 1, NULL, NULL, 13),
(16, 440000, 440100, 440106, 1, 1, '华南农业大学社区', 2, '', 1, NULL, NULL, 13),
(17, 440000, 440100, 440106, 1, 1, '华南理工大学社区', 3, '', 1, NULL, NULL, 13),
(18, 440000, 440100, 440106, 1, 1, '暨南大学社区', 4, '', 1, NULL, NULL, 13),
(19, 440000, 440100, 440106, 1, 1, '华南师范大学社区', 5, '', 1, NULL, NULL, 13),
(20, 440000, 440100, 440106, 1, 1, '石牌桥社区', 8, '', 1, NULL, NULL, 13),
(21, 440000, 440100, 440106, 1, 1, '岗顶社区', 6, '', 1, NULL, NULL, 13),
(22, 440000, 440100, 440106, 1, 1, '五羊新村', 6, '', 1, NULL, NULL, 13),
(23, 440000, 440100, 440106, 1, 1, '天河体育中心', 7, '', 1, NULL, NULL, 13),
(24, 110000, 110100, 110101, 1, 0, '2222', 0, '', 1, '0', '0', 10),
(25, 430000, 430400, 430405, 1, 0, '121212区', 0, '', -1, '0', '0', 7),
(26, 430000, 430400, 430408, 1, 1, '21212121', 0, '', -1, '0', '0', 10),
(27, 430000, 430400, 430408, 1, 1, '默认', 0, '', 1, '0', '0', 10);

-- --------------------------------------------------------

--
-- Table structure for table `wst_favorites`
--

CREATE TABLE `wst_favorites` (
  `favoriteId` int(11) NOT NULL,
  `userId` int(11) DEFAULT NULL,
  `favoriteType` tinyint(4) NOT NULL DEFAULT '0',
  `targetId` int(11) NOT NULL,
  `createTime` datetime NOT NULL
) ENGINE=MyISAM DEFAULT CHARSET=utf8;

--
-- Dumping data for table `wst_favorites`
--

INSERT INTO `wst_favorites` (`favoriteId`, `userId`, `favoriteType`, `targetId`, `createTime`) VALUES
(23, 44, 0, 259, '2016-10-31 11:05:34');

-- --------------------------------------------------------

--
-- Table structure for table `wst_feedbacks`
--

CREATE TABLE `wst_feedbacks` (
  `feedbackId` int(11) NOT NULL,
  `feedbackType` tinyint(4) NOT NULL DEFAULT '0',
  `content` text NOT NULL,
  `userId` int(11) DEFAULT NULL,
  `userName` varchar(50) DEFAULT NULL,
  `userPhone` varchar(20) DEFAULT NULL,
  `createTime` datetime NOT NULL,
  `adminId` int(11) DEFAULT NULL,
  `adminReply` text,
  `replyTime` datetime DEFAULT NULL
) ENGINE=MyISAM DEFAULT CHARSET=utf8;

-- --------------------------------------------------------

--
-- Table structure for table `wst_friendlinks`
--

CREATE TABLE `wst_friendlinks` (
  `friendlinkId` int(11) NOT NULL,
  `friendlinkIco` varchar(150) DEFAULT NULL,
  `friendlinkName` varchar(50) DEFAULT NULL,
  `friendlinkUrl` varchar(150) DEFAULT NULL,
  `friendlinkSort` int(11) DEFAULT '0'
) ENGINE=MyISAM DEFAULT CHARSET=utf8;

--
-- Dumping data for table `wst_friendlinks`
--

INSERT INTO `wst_friendlinks` (`friendlinkId`, `friendlinkIco`, `friendlinkName`, `friendlinkUrl`, `friendlinkSort`) VALUES
(1, 'Apps/Home/View/default/images/logo.png', 'WSTMall', 'http://www.wstmall.net', 0);

-- --------------------------------------------------------

--
-- Table structure for table `wst_goods`
--

CREATE TABLE `wst_goods` (
  `goodsId` int(11) NOT NULL,
  `goodsSn` varchar(20) NOT NULL,
  `goodsName` varchar(50) NOT NULL,
  `goodsImg` varchar(150) NOT NULL,
  `goodsThums` varchar(150) NOT NULL,
  `brandId` int(11) DEFAULT NULL,
  `shopId` int(11) NOT NULL,
  `marketPrice` decimal(11,2) NOT NULL DEFAULT '0.00',
  `shopPrice` decimal(11,2) NOT NULL DEFAULT '0.00',
  `goodsStock` int(11) NOT NULL DEFAULT '0',
  `saleCount` int(11) DEFAULT '0',
  `isBook` tinyint(4) NOT NULL DEFAULT '0',
  `bookQuantity` int(11) NOT NULL DEFAULT '0',
  `warnStock` int(11) NOT NULL DEFAULT '0',
  `goodsUnit` char(10) NOT NULL,
  `goodsSpec` text,
  `isSale` tinyint(4) NOT NULL DEFAULT '1',
  `isBest` tinyint(4) DEFAULT '1',
  `isHot` tinyint(4) DEFAULT '1',
  `isRecomm` tinyint(4) DEFAULT '1',
  `isNew` tinyint(4) DEFAULT '1',
  `isAdminBest` tinyint(4) DEFAULT '0',
  `isAdminRecom` tinyint(4) DEFAULT '0',
  `recommDesc` varchar(255) DEFAULT NULL,
  `goodsCatId1` int(11) NOT NULL,
  `goodsCatId2` int(11) NOT NULL,
  `goodsCatId3` int(11) NOT NULL,
  `shopCatId1` int(11) NOT NULL,
  `shopCatId2` int(11) NOT NULL,
  `goodsDesc` text NOT NULL,
  `isShopRecomm` tinyint(4) NOT NULL DEFAULT '0',
  `isIndexRecomm` tinyint(4) NOT NULL DEFAULT '0',
  `isActivityRecomm` tinyint(4) NOT NULL DEFAULT '0',
  `isInnerRecomm` tinyint(4) NOT NULL DEFAULT '0',
  `goodsStatus` tinyint(4) NOT NULL DEFAULT '0',
  `saleTime` datetime DEFAULT NULL,
  `attrCatId` int(11) DEFAULT '0',
  `goodsKeywords` varchar(200) DEFAULT NULL,
  `goodsFlag` tinyint(4) NOT NULL DEFAULT '1',
  `statusRemarks` varchar(255) DEFAULT NULL,
  `createTime` datetime NOT NULL
) ENGINE=MyISAM DEFAULT CHARSET=utf8;

--
-- Dumping data for table `wst_goods`
--

INSERT INTO `wst_goods` (`goodsId`, `goodsSn`, `goodsName`, `goodsImg`, `goodsThums`, `brandId`, `shopId`, `marketPrice`, `shopPrice`, `goodsStock`, `saleCount`, `isBook`, `bookQuantity`, `warnStock`, `goodsUnit`, `goodsSpec`, `isSale`, `isBest`, `isHot`, `isRecomm`, `isNew`, `isAdminBest`, `isAdminRecom`, `recommDesc`, `goodsCatId1`, `goodsCatId2`, `goodsCatId3`, `shopCatId1`, `shopCatId2`, `goodsDesc`, `isShopRecomm`, `isIndexRecomm`, `isActivityRecomm`, `isInnerRecomm`, `goodsStatus`, `saleTime`, `attrCatId`, `goodsKeywords`, `goodsFlag`, `statusRemarks`, `createTime`) VALUES
(2, '0001', 'wstmall墨西哥牛油果8个 7天内发货 8个装', 'Upload/goods/2015-05/55641875b7501.jpg', 'Upload/goods/2015-05/55641875b7501.jpg', NULL, 4, '40.00', '36.00', 497, 0, 0, 0, 0, '组', '8粒/组（8个装）', 0, 1, 1, 1, 1, 0, 0, NULL, 47, 61, 76, 9, 13, '&lt;p&gt;\n	这里省略描述一万字\n&lt;/p&gt;\n&lt;p&gt;\n	&lt;br /&gt;\n&lt;/p&gt;\n&lt;p&gt;\n	&lt;img src=&quot;/product/wstmall/Upload/image/20150526/20150526065325_58122.jpg&quot; alt=&quot;&quot; /&gt; \n&lt;/p&gt;', 0, 0, 0, 0, 1, NULL, 0, NULL, 1, NULL, '2015-05-08 11:14:28'),
(3, '223655', '进口 美国新奇士Sunkist 脐橙 6粒', 'Upload/goods/2015-05/554c2c1a6a4b9.jpg', 'Upload/goods/2015-05/554c2c1a6a4b9.jpg', 0, 4, '40.00', '40.00', 300, 0, 0, 0, 0, '箱', '1箱6粒', 0, 1, 1, 1, 1, 1, 1, NULL, 47, 61, 72, 7, 8, '蜜柚&lt;img src=&quot;/product/wstmall/Public/plugins/kindeditor/attached/image/20150508/20150508032414_33455.jpg&quot; alt=&quot;&quot; /&gt;', 0, 0, 0, 0, 1, NULL, 1, '', 1, NULL, '2015-05-08 11:24:27'),
(4, '00001', '特色菜 半成品菜肴BCP-22 糖醋排条225g', 'Upload/goods/2015-05/556b10094ea52.jpg', 'Upload/goods/2015-05/556b10094ea52.jpg', 23, 4, '20.00', '13.00', 133, 0, 0, 0, 0, '盒', '225克', 0, 1, 1, 1, 1, 0, 0, NULL, 47, 63, 318, 9, 13, '&lt;p&gt;\n	测试商品 请勿下单\n&lt;/p&gt;\n&lt;p&gt;\n	&lt;br /&gt;\n&lt;/p&gt;\n&lt;p&gt;\n	&lt;img src=&quot;/product/wstmall/Upload/image/20150531/20150531134405_46326.jpg&quot; alt=&quot;&quot; /&gt;\n&lt;/p&gt;\n&lt;p&gt;\n	&lt;br /&gt;\n&lt;/p&gt;', 0, 0, 0, 0, 1, NULL, 0, NULL, 1, NULL, '2015-05-15 10:49:19'),
(5, '0003', 'wstmal鲜果蔬 越南新鲜青芒果 5斤装 好吃的', 'Upload/goods/2015-05/5563ef4681396.jpg', 'Upload/goods/2015-05/5563ef4681396.jpg', 0, 4, '55.00', '50.00', 300, 0, 0, 0, 0, '箱', '一箱为5斤', 0, 1, 1, 1, 1, 1, 0, NULL, 47, 61, 250, 7, 10, '&lt;span style=&quot;color:#E53333;font-size:16px;&quot;&gt;&lt;strong&gt;&amp;nbsp; 温馨提示&lt;/strong&gt;&lt;/span&gt;&lt;br /&gt;\n&lt;p&gt;\n	&lt;strong&gt;&lt;span style=&quot;font-size:16px;&quot;&gt;配送说明：为了保障生鲜水果产品的最优质量，WSTMALL所有生鲜水果均使用顺丰速运进行配送。发货重量保证足斤实量，标称重量均不含包装物的重量，但因运输途中水分蒸发等客观原因，&lt;/span&gt;&lt;/strong&gt;&lt;span style=&quot;color:#E53333;font-size:16px;&quot;&gt;&lt;strong&gt;到货重量可能有所减少，此情况敬请谅解&lt;/strong&gt;&lt;/span&gt;\n&lt;/p&gt;\n&lt;p&gt;\n	&lt;span style=&quot;color:#E53333;font-size:16px;&quot;&gt;&lt;strong&gt;&lt;br /&gt;\n&lt;/strong&gt;&lt;/span&gt;\n&lt;/p&gt;\n&lt;p&gt;\n	&lt;span style=&quot;color:#E53333;font-size:16px;&quot;&gt;&lt;strong&gt;&lt;img src=&quot;/product/wstmall/Upload/image/20150526/20150526035750_75003.jpg&quot; alt=&quot;&quot; /&gt;&lt;br /&gt;\n&lt;/strong&gt;&lt;/span&gt;\n&lt;/p&gt;', 0, 0, 0, 0, 1, NULL, 1, '', 1, NULL, '2015-05-26 11:59:39'),
(6, '0003', '台湾金钻凤梨2粒/组（约2.5kg-3.2kg）', 'Upload/goods/2015-05/5563f3941bd95.jpg', 'Upload/goods/2015-05/5563f3941bd95.jpg', NULL, 4, '95.00', '56.00', 5214, 0, 0, 0, 0, '箱', '2粒/组（约2.5kg-3.2kg）', 0, 1, 1, 1, 1, 1, 0, NULL, 47, 61, 76, 9, 17, '&lt;p&gt;\n	&lt;strong&gt;&lt;span style=&quot;background-color:#E53333;font-size:18px;&quot;&gt;wstmall测试商品，勿下单&lt;/span&gt;&lt;/strong&gt;\n&lt;/p&gt;\n&lt;p&gt;\n	&lt;br /&gt;\n&lt;/p&gt;\n&lt;p&gt;\n	&lt;img src=&quot;/product/wstmall/Upload/image/20150526/20150526041510_85357.png&quot; alt=&quot;&quot; /&gt;\n&lt;/p&gt;', 0, 0, 0, 0, 1, NULL, 0, NULL, 1, NULL, '2015-05-26 12:16:25'),
(7, '543512', 'wstmall汇绿鲜果蔬 限量发售泰国金枕榴莲带壳', 'Upload/goods/2015-05/55641f039eb22.jpg', 'Upload/goods/2015-05/55641f039eb22.jpg', NULL, 4, '200.00', '150.00', 300, 0, 0, 0, 0, '组', '4-5.5斤为一组', 0, 1, 1, 1, 1, 0, 0, NULL, 47, 61, 72, 9, 15, '&lt;p&gt;\n	商品不是用来下单的，大家请勿下单\n&lt;/p&gt;\n&lt;p&gt;\n	&lt;br /&gt;\n&lt;/p&gt;\n&lt;p&gt;\n	&lt;img src=&quot;/product/wstmall/Upload/image/20150526/20150526072309_74931.jpg&quot; alt=&quot;&quot; /&gt;&lt;img src=&quot;/product/wstmall/Upload/image/20150526/20150526072320_32582.jpg&quot; alt=&quot;&quot; /&gt;\n&lt;/p&gt;', 0, 0, 0, 0, 1, NULL, 0, NULL, 1, NULL, '2015-05-26 15:23:25'),
(8, '345352', 'wstmall 进口水果 菲律宾菠萝 2只装 新鲜', 'Upload/goods/2015-05/55642c4d7b1b5.jpg', 'Upload/goods/2015-05/55642c4d7b1b5.jpg', NULL, 4, '345.00', '123.00', 1234234, 0, 0, 0, 0, '箱', '2只装', 0, 1, 1, 1, 1, 1, 0, NULL, 47, 61, 250, 9, 14, '&lt;p&gt;\n	&lt;span style=&quot;color:#666666;font-family:Arial, Verdana, 宋体;font-size:16px;background-color:#F5F5F5;&quot;&gt;wstmall 所售商品均经过严格的供应商资质审查、商品审查、入库全检、出货全检流程。由于部分商品存在厂家更换包装、不同批次、不同生产日期、不同生产工厂等情况，导致商品实物与图片存在微小差异，因此请您以收到的商品实物为准，同时我们会尽量做到及时更新，由此给您带来不便敬请谅解，谢谢！&lt;/span&gt; \n&lt;/p&gt;\n&lt;p&gt;\n	&lt;span style=&quot;color:#666666;font-family:Arial, Verdana, 宋体;font-size:16px;background-color:#F5F5F5;&quot;&gt;&lt;br /&gt;\n&lt;/span&gt; \n&lt;/p&gt;\n&lt;p&gt;\n	&lt;span style=&quot;color:#666666;font-family:Arial, Verdana, 宋体;font-size:16px;background-color:#F5F5F5;&quot;&gt;&lt;img src=&quot;/product/wstmall/Upload/image/20150526/20150526073032_88912.jpg&quot; alt=&quot;&quot; /&gt;&lt;br /&gt;\n&lt;/span&gt; \n&lt;/p&gt;', 0, 0, 0, 0, 1, NULL, 0, NULL, 1, NULL, '2015-05-26 15:30:53'),
(9, '34456', 'wstmall 阳光金果奇异果果王6粒装', 'Upload/goods/2015-05/5564222d7c7fd.jpg', 'Upload/goods/2015-05/5564222d7c7fd.jpg', NULL, 4, '566.00', '425.00', 50000, 0, 0, 0, 0, '箱', '6粒装', 0, 1, 1, 1, 1, 0, 0, NULL, 47, 61, 249, 7, 10, '&lt;p&gt;\n	&lt;span style=&quot;color:#666666;font-family:Arial, Verdana, 宋体;font-size:12px;background-color:#F5F5F5;&quot;&gt;wstmall 所售商品均经过严格的供应商资质审查、商品审查、入库全检、出货全检流程。由于部分商品存在厂家更换包装、不同批次、不同生产日期、不同生产工厂等情况，导致商品实物与图片存在微小差异，因此请您以收到的商品实物为准，同时我们会尽量做到及时更新，由此给您带来不便敬请谅解，谢谢！&lt;/span&gt;\n&lt;/p&gt;\n&lt;p&gt;\n	&lt;span style=&quot;color:#666666;font-family:Arial, Verdana, 宋体;font-size:12px;background-color:#F5F5F5;&quot;&gt;&lt;br /&gt;\n&lt;/span&gt;\n&lt;/p&gt;\n&lt;p&gt;\n	&lt;span style=&quot;color:#666666;font-family:Arial, Verdana, 宋体;font-size:12px;background-color:#F5F5F5;&quot;&gt;&lt;img src=&quot;/product/wstmall/Upload/image/20150526/20150526073618_87041.png&quot; alt=&quot;&quot; /&gt;&lt;br /&gt;\n&lt;/span&gt;\n&lt;/p&gt;', 0, 0, 0, 0, 1, NULL, 0, NULL, 1, NULL, '2015-05-26 15:36:21'),
(10, '346456', '贪吃虎 进口水果 美国新奇士橙 15只装 新鲜爽口', 'Upload/goods/2015-05/556425c1bdb76.jpg', 'Upload/goods/2015-05/556425c1bdb76.jpg', NULL, 4, '234.00', '132.00', 12311312, 0, 0, 0, 0, '15只装', '15只装', 0, 1, 1, 1, 1, 0, 0, NULL, 47, 61, 72, 7, 10, '&lt;p&gt;\n	&lt;span style=&quot;font-size:18px;&quot;&gt;wstmall&amp;nbsp;&lt;/span&gt;&lt;span style=&quot;font-size:18px;line-height:1.5;&quot;&gt;所售商品均经过严格的供应商资质审查、商品审查、入库全检、出货全检流程。由于部分商品存在厂家更换包装、不同批次、不同生产日期、不同生产工厂等情况，导致商品实物与图片存在微小差异，因此请您以收到的商品实物为准，同时我们会尽量做到及时更新，由此给您带来不便敬请谅解，谢谢！&lt;/span&gt;\n&lt;/p&gt;\n&lt;p&gt;\n	&lt;span style=&quot;font-size:12px;line-height:1.5;&quot;&gt;&lt;img src=&quot;/product/wstmall/Upload/image/20150526/20150526075220_70592.jpg&quot; alt=&quot;&quot; /&gt;&lt;br /&gt;\n&lt;/span&gt;\n&lt;/p&gt;\n&lt;p&gt;\n	&lt;span style=&quot;font-size:12px;line-height:1.5;&quot;&gt;&lt;br /&gt;\n&lt;/span&gt;\n&lt;/p&gt;', 0, 0, 0, 0, 1, NULL, 0, NULL, 1, NULL, '2015-05-26 15:52:46'),
(11, '34234', 'wstmall 测试商品 牛肉', 'Upload/goods/2015-05/5564342e87634.jpg', 'Upload/goods/2015-05/5564342e87634.jpg', NULL, 11, '45.00', '39.00', 500, 0, 0, 0, 0, '千克', '千克', 0, 1, 1, 1, 1, 0, 0, NULL, 47, 64, 326, 19, 20, '&lt;p&gt;\n	&lt;p style=&quot;color:#404040;font-family:宋体, Verdana, Arial;font-size:12px;background-color:#FFFFFF;&quot;&gt;\n		牛肉是全世界人都爱吃的食品，中国人消费的肉类食品之一，仅次于猪肉，牛肉蛋白质含量高，而脂肪含量低，所以味道鲜美，受人喜爱，享有“肉中骄子”的美称。\n	&lt;/p&gt;\n	&lt;div style=&quot;margin:0px auto;padding:0px;color:#404040;font-family:宋体, Verdana, Arial;font-size:12px;background-color:#FFFFFF;&quot;&gt;\n		&amp;nbsp;\n	&lt;/div&gt;\n	&lt;div style=&quot;margin:0px auto;padding:0px;color:#404040;font-family:宋体, Verdana, Arial;font-size:12px;background-color:#FFFFFF;&quot;&gt;\n		牛肉含有丰富的蛋白质，氨基酸组成等比猪肉更接近人体需要，能提高机体抗病能力，对生长发育及手术后、病后调养的人在补充失血和修复组织等方面特别适宜。寒冬食牛肉，有暖胃作用，为寒冬补益佳品。中医认为：牛肉有补中益气、滋养脾胃、强健筋骨、化痰息风、止渴止涎的功能。适用于中气下陷、气短体虚，筋骨酸软和贫血久病及面黄目眩之人食用。\n	&lt;/div&gt;\n	&lt;div style=&quot;margin:0px auto;padding:0px;color:#404040;font-family:宋体, Verdana, Arial;font-size:12px;background-color:#FFFFFF;&quot;&gt;\n		&amp;nbsp;\n	&lt;/div&gt;\n	&lt;div style=&quot;margin:0px auto;padding:0px;color:#404040;font-family:宋体, Verdana, Arial;font-size:12px;background-color:#FFFFFF;&quot;&gt;\n		牛肉的功效\n	&lt;/div&gt;\n	&lt;div style=&quot;margin:0px auto;padding:0px;color:#404040;font-family:宋体, Verdana, Arial;font-size:12px;background-color:#FFFFFF;&quot;&gt;\n		补脾胃、益气血、强筋骨、消水肿 。\n	&lt;/div&gt;\n	&lt;div style=&quot;margin:0px auto;padding:0px;color:#404040;font-family:宋体, Verdana, Arial;font-size:12px;background-color:#FFFFFF;&quot;&gt;\n		虚损羸瘦、消渴、脾弱不运、痞积、水肿、腰膝酸软。\n	&lt;/div&gt;\n&lt;/p&gt;\n&lt;p&gt;\n	&lt;br /&gt;\n&lt;/p&gt;\n&lt;p&gt;\n	&lt;br /&gt;\n&lt;/p&gt;\n&lt;p&gt;\n	&lt;img src=&quot;/product/wstmall/Upload/image/20150526/20150526085320_65675.jpg&quot; alt=&quot;&quot; /&gt; \n&lt;/p&gt;', 0, 0, 0, 0, 1, NULL, 0, NULL, 1, NULL, '2015-05-26 16:53:25'),
(12, '4522356', 'wstmall测试商品 清远鸡（光鸡）', 'Upload/goods/2015-05/5564355c4fcce.jpg', 'Upload/goods/2015-05/5564355c4fcce.jpg', NULL, 11, '34.00', '32.00', 1234, 0, 0, 0, 0, '千克', '千克', 0, 1, 1, 1, 1, 0, 0, NULL, 47, 64, 326, 19, 20, '&lt;p style=&quot;color:#404040;font-family:宋体, Verdana, Arial;font-size:12px;background-color:#FFFFFF;&quot;&gt;\n	清远麻鸡\n&lt;/p&gt;\n&lt;div style=&quot;margin:0px auto;padding:0px;color:#404040;font-family:宋体, Verdana, Arial;font-size:12px;background-color:#FFFFFF;&quot;&gt;\n	原产于广东省清远县（现清远市）。因母鸡背侧羽毛有细小黑色斑点，故称麻鸡。它以体型小、皮下和肌间脂肪发达、皮薄骨软而著名，素为我国活鸡出口的小型肉用名产鸡之一。\n&lt;/div&gt;\n&lt;div style=&quot;margin:0px auto;padding:0px;color:#404040;font-family:宋体, Verdana, Arial;font-size:12px;background-color:#FFFFFF;&quot;&gt;\n	&amp;nbsp;\n&lt;/div&gt;\n&lt;div style=&quot;margin:0px auto;padding:0px;color:#404040;font-family:宋体, Verdana, Arial;font-size:12px;background-color:#FFFFFF;&quot;&gt;\n	清远麻鸡以肉用品质优良而驰名，《中国家禽品种志》27个优质品种之一，也是家禽行业著名品种。\n&lt;/div&gt;\n&lt;p&gt;\n	&amp;nbsp;\n&lt;/p&gt;\n&lt;p&gt;\n	&lt;br /&gt;\n&lt;/p&gt;\n&lt;p&gt;\n	&lt;img src=&quot;/product/wstmall/Upload/image/20150526/20150526085712_33988.jpg&quot; alt=&quot;&quot; /&gt;\n&lt;/p&gt;', 0, 0, 0, 0, 1, NULL, 0, NULL, 1, NULL, '2015-05-26 16:57:15'),
(13, '345235', 'wstmall 测试商品 猪筒骨', 'Upload/goods/2015-05/556435a901b68.jpg', 'Upload/goods/2015-05/556435a901b68.jpg', NULL, 11, '123.00', '99.00', 123, 0, 0, 0, 0, '千克', '千克', 0, 1, 1, 1, 1, 0, 0, NULL, 47, 64, 327, 19, 22, '&lt;p style=&quot;color:#404040;font-family:宋体, Verdana, Arial;font-size:12px;background-color:#FFFFFF;&quot;&gt;\n	猪筒骨：&lt;br /&gt;\n&amp;nbsp;&amp;nbsp;&amp;nbsp; 中间有洞，可以容纳骨髓的大骨头。比较好的筒骨，应该是后腿的腿骨，因为这里的骨头比较粗。骨中的骨髓含有很多骨胶元，除了可以美容，还可以促进伤口愈合，增强体质。猪筒骨骨中的骨髓含有很多骨胶元，除了可以美容，还可以促进伤口愈合，增强体质。\n&lt;/p&gt;\n&lt;p style=&quot;color:#404040;font-family:宋体, Verdana, Arial;font-size:12px;background-color:#FFFFFF;&quot;&gt;\n	食疗作用：&lt;br /&gt;\n&amp;nbsp;&amp;nbsp;&amp;nbsp; 提高免疫力,养颜护肤。\n&lt;/p&gt;\n&lt;p style=&quot;color:#404040;font-family:宋体, Verdana, Arial;font-size:12px;background-color:#FFFFFF;&quot;&gt;\n	选购技巧：&lt;br /&gt;\n&amp;nbsp;&amp;nbsp;&amp;nbsp; 比较好的筒骨，应该是后腿的腿骨，因为这里的骨头比较粗。\n&lt;/p&gt;\n&lt;p style=&quot;color:#404040;font-family:宋体, Verdana, Arial;font-size:12px;background-color:#FFFFFF;&quot;&gt;\n	&lt;br /&gt;\n&lt;/p&gt;\n&lt;p style=&quot;color:#404040;font-family:宋体, Verdana, Arial;font-size:12px;background-color:#FFFFFF;&quot;&gt;\n	&lt;br /&gt;\n&lt;/p&gt;', 0, 0, 0, 0, 1, NULL, 0, NULL, 1, NULL, '2015-05-26 16:59:32'),
(14, '3453245', 'wstmall 测试商品 猪前腿上肉', 'Upload/goods/2015-05/556436339ad9a.jpg', 'Upload/goods/2015-05/556436339ad9a.jpg', NULL, 11, '344.00', '234.00', 1234, 0, 0, 0, 0, '千克', '千克', 0, 1, 1, 1, 1, 0, 1, NULL, 47, 64, 326, 19, 20, '&lt;p style=&quot;color:#404040;font-family:宋体, Verdana, Arial;font-size:12px;background-color:#FFFFFF;&quot;&gt;\n	猪前腿上肉&lt;br /&gt;\n&amp;nbsp;&amp;nbsp;&amp;nbsp; 猪前腿〈猪手〉四周的肉，叫前上肉。含蛋白质丰富,含有的必需氮基酸全面、数量多，而且比例恰当，接近于人体的蛋白质，容易消化吸收。\n&lt;/p&gt;\n&lt;p style=&quot;color:#404040;font-family:宋体, Verdana, Arial;font-size:12px;background-color:#FFFFFF;&quot;&gt;\n	食用功效&lt;br /&gt;\n&amp;nbsp;&amp;nbsp;&amp;nbsp; 有补虚强身，滋阴润燥、丰肌泽肤的作用。\n&lt;/p&gt;\n&lt;p style=&quot;color:#404040;font-family:宋体, Verdana, Arial;font-size:12px;background-color:#FFFFFF;&quot;&gt;\n	&lt;br /&gt;\n&lt;/p&gt;\n&lt;p style=&quot;color:#404040;font-family:宋体, Verdana, Arial;font-size:12px;background-color:#FFFFFF;&quot;&gt;\n	&lt;img src=&quot;/product/wstmall/Upload/image/20150526/20150526090124_45060.jpg&quot; alt=&quot;&quot; /&gt;\n&lt;/p&gt;', 0, 0, 0, 0, 1, NULL, 0, NULL, 1, NULL, '2015-05-26 17:01:30'),
(15, '2342', 'wstmall 测试商品 冰鲜红立鱼', 'Upload/goods/2015-05/556439094a571.jpg', 'Upload/goods/2015-05/556439094a571.jpg', NULL, 11, '522.00', '400.00', 2000, 0, 0, 0, 0, '千克', '千克', 0, 1, 1, 1, 1, 1, 1, NULL, 47, 65, 288, 19, 24, '&lt;p style=&quot;color:#404040;font-family:宋体, Verdana, Arial;font-size:12px;background-color:#FFFFFF;&quot;&gt;\n	红立鱼，又叫立鱼、立花、立仔、板立、长旗。正式名称是二长棘鲷，产于我国南海和东海南部、主要产地在北部湾及雷州半岛。\n&lt;/p&gt;\n&lt;p style=&quot;color:#404040;font-family:宋体, Verdana, Arial;font-size:12px;background-color:#FFFFFF;&quot;&gt;\n	暖温性底层鱼类。体长130～230毫米。栖息于近海水深20～70米的沙泥底水域。为南海经济鱼类。\n&lt;/p&gt;\n&lt;p style=&quot;color:#404040;font-family:宋体, Verdana, Arial;font-size:12px;background-color:#FFFFFF;&quot;&gt;\n	&amp;nbsp;\n&lt;/p&gt;\n&lt;p style=&quot;color:#404040;font-family:宋体, Verdana, Arial;font-size:12px;background-color:#FFFFFF;&quot;&gt;\n	红立鱼含多种人体必需氨基酸，刺少，非常适合蒸制食用。蒸制后，鱼肉爽滑鲜嫩，是过节餐桌不可多得的一道大餐。\n&lt;/p&gt;', 0, 0, 0, 0, 1, NULL, 0, NULL, 1, NULL, '2015-05-26 17:13:37'),
(16, '234234', 'wstmall 测试商品 冰鲜鸡全翅', 'Upload/goods/2015-05/5564397599f61.jpg', 'Upload/goods/2015-05/5564397599f61.jpg', NULL, 11, '25.00', '20.00', 0, 0, 0, 0, 0, '千克', '千克', 0, 1, 1, 1, 1, 1, 0, NULL, 47, 64, 326, 19, 20, '&lt;p&gt;\n	&lt;span style=&quot;color:#404040;font-family:宋体, Verdana, Arial;font-size:18px;font-weight:bold;line-height:40px;background-color:#FFFFFF;&quot;&gt;冰鲜鸡全翅&lt;/span&gt;\n&lt;/p&gt;\n&lt;p&gt;\n	&lt;span style=&quot;color:#404040;font-family:宋体, Verdana, Arial;font-size:18px;font-weight:bold;line-height:40px;background-color:#FFFFFF;&quot;&gt;&lt;br /&gt;\n&lt;/span&gt;\n&lt;/p&gt;\n&lt;p&gt;\n	&lt;span style=&quot;color:#404040;font-family:宋体, Verdana, Arial;font-size:18px;font-weight:bold;line-height:40px;background-color:#FFFFFF;&quot;&gt;&lt;img src=&quot;/product/wstmall/Upload/image/20150526/20150526091517_84847.jpg&quot; alt=&quot;&quot; /&gt;&lt;br /&gt;\n&lt;/span&gt;\n&lt;/p&gt;', 0, 0, 0, 0, 1, NULL, 0, NULL, 1, NULL, '2015-05-26 17:15:20'),
(17, '23424', 'wstmall 测试商品 皇上皇金冠腊肠400克', 'Upload/goods/2015-05/55643a2615f00.jpg', 'Upload/goods/2015-05/55643a2615f00.jpg', NULL, 11, '100.00', '50.00', 3000, 0, 0, 0, 0, '袋', '400克每袋', 0, 1, 1, 1, 1, 1, 0, NULL, 47, 64, 326, 19, 20, '&lt;p&gt;\n	&lt;span style=&quot;color:#404040;font-family:宋体, Verdana, Arial;font-size:18px;font-weight:bold;line-height:40px;background-color:#FFFFFF;&quot;&gt;皇上皇金冠二八腊肠400克&lt;span style=&quot;color:#404040;font-family:宋体, Verdana, Arial;font-size:18px;font-weight:bold;line-height:40px;background-color:#FFFFFF;&quot;&gt;皇上皇金冠二八腊肠400克&lt;span style=&quot;color:#404040;font-family:宋体, Verdana, Arial;font-size:18px;font-weight:bold;line-height:40px;background-color:#FFFFFF;&quot;&gt;皇上皇金冠二八腊肠400克&lt;/span&gt;&lt;/span&gt;&lt;/span&gt;\n&lt;/p&gt;\n&lt;p&gt;\n	&lt;span style=&quot;color:#404040;font-family:宋体, Verdana, Arial;font-size:18px;font-weight:bold;line-height:40px;background-color:#FFFFFF;&quot;&gt;&lt;span style=&quot;color:#404040;font-family:宋体, Verdana, Arial;font-size:18px;font-weight:bold;line-height:40px;background-color:#FFFFFF;&quot;&gt;&lt;br /&gt;\n&lt;/span&gt;&lt;/span&gt;\n&lt;/p&gt;\n&lt;p&gt;\n	&lt;span style=&quot;color:#404040;font-family:宋体, Verdana, Arial;font-size:18px;font-weight:bold;line-height:40px;background-color:#FFFFFF;&quot;&gt;&lt;span style=&quot;color:#404040;font-family:宋体, Verdana, Arial;font-size:18px;font-weight:bold;line-height:40px;background-color:#FFFFFF;&quot;&gt;&lt;img src=&quot;/product/wstmall/Upload/image/20150526/20150526091815_69131.jpg&quot; alt=&quot;&quot; /&gt;&lt;/span&gt;&lt;/span&gt;\n&lt;/p&gt;', 0, 0, 0, 0, 1, NULL, 0, NULL, 1, NULL, '2015-05-26 17:18:18'),
(18, '234234', 'wstmall 测试商品 肥羊肉片1000g', 'Upload/goods/2015-05/55643adeb9ba2.jpg', 'Upload/goods/2015-05/55643adeb9ba2.jpg', NULL, 11, '250.00', '200.00', 100213423, 0, 0, 0, 0, '千克', '千克', 0, 1, 1, 1, 1, 1, 1, NULL, 47, 64, 326, 19, 20, '&lt;p style=&quot;color:#404040;font-family:宋体, Verdana, Arial;font-size:12px;background-color:#FFFFFF;&quot;&gt;\n	&amp;nbsp;&amp;nbsp;羊肉既能御风寒，又可补身体，对一般风寒咳嗽、慢性气管炎、虚寒哮喘、肾亏阳痿、腹部冷痛、体虚怕冷、腰膝酸软、面黄肌瘦、气血两亏、病后或产后身体虚亏等一切虚状均有治疗和补益效果，最适宜于冬季食用，故被称为冬令补品，深受人们欢迎。由于羊肉有一股令人讨厌的羊膻怪味，故被一部分人所冷落。其实，一公斤羊肉若能放入10克甘草和适量料酒、生姜一起烹调，即能够去其膻气而又可保持其羊肉风味。\n&lt;/p&gt;\n&lt;div style=&quot;margin:0px auto;padding:0px;color:#404040;font-family:宋体, Verdana, Arial;font-size:12px;background-color:#FFFFFF;&quot;&gt;\n	&amp;nbsp;\n&lt;/div&gt;\n&lt;div style=&quot;margin:0px auto;padding:0px;color:#404040;font-family:宋体, Verdana, Arial;font-size:12px;background-color:#FFFFFF;&quot;&gt;\n	&amp;nbsp;\n&lt;/div&gt;\n&lt;div style=&quot;margin:0px auto;padding:0px;color:#404040;font-family:宋体, Verdana, Arial;font-size:12px;background-color:#FFFFFF;&quot;&gt;\n	营养分析：\n&lt;/div&gt;\n&lt;div style=&quot;margin:0px auto;padding:0px;color:#404040;font-family:宋体, Verdana, Arial;font-size:12px;background-color:#FFFFFF;&quot;&gt;\n	&amp;nbsp; &amp;nbsp; &amp;nbsp;羊肉鲜嫩，营养价值高，凡肾阳不足、腰膝酸软、腹中冷痛、虚劳不足者皆可用它作食疗品。羊肉营养丰富，对肺结核、气管炎、哮喘、贫血、产后气血两虚、腹部冷痛、体虚畏寒、营养不良、腰膝酸软,阳痿早泄以及一切虚寒病症均有很大裨益；具有补肾壮阳、补虚温中等作用，男士适合经常食用。\n&lt;/div&gt;', 0, 0, 0, 0, 1, NULL, 0, NULL, 1, NULL, '2015-05-26 17:20:49'),
(19, '315314', 'wstmall 测试商品  瘦肉', 'Upload/goods/2015-05/55643b6b72f07.jpg', 'Upload/goods/2015-05/55643b6b72f07.jpg', NULL, 11, '50.00', '35.00', 5000, 0, 0, 0, 0, '千克', '千克', 0, 1, 1, 1, 1, 1, 1, NULL, 47, 64, 326, 19, 20, '&lt;span style=&quot;color:#404040;font-family:宋体, Verdana, Arial;font-size:12px;line-height:18px;background-color:#FFFFFF;&quot;&gt;瘦肉&lt;/span&gt;&lt;br /&gt;\n&lt;span style=&quot;color:#404040;font-family:宋体, Verdana, Arial;font-size:12px;line-height:18px;background-color:#FFFFFF;&quot;&gt;&amp;nbsp;&amp;nbsp;&amp;nbsp;&amp;nbsp;&amp;nbsp; &amp;nbsp;瘦肉一般人说的瘦肉指猪，牛等家畜身上富含蛋白质的肉。&lt;/span&gt;&lt;br /&gt;\n&lt;span style=&quot;color:#404040;font-family:宋体, Verdana, Arial;font-size:12px;line-height:18px;background-color:#FFFFFF;&quot;&gt;功效&lt;/span&gt;&lt;br /&gt;\n&lt;span style=&quot;color:#404040;font-family:宋体, Verdana, Arial;font-size:12px;line-height:18px;background-color:#FFFFFF;&quot;&gt;&amp;nbsp;&amp;nbsp;&amp;nbsp;&amp;nbsp; &amp;nbsp;补肾养血、滋阴润燥&amp;nbsp;&lt;/span&gt;&lt;br /&gt;\n&lt;span style=&quot;color:#404040;font-family:宋体, Verdana, Arial;font-size:12px;line-height:18px;background-color:#FFFFFF;&quot;&gt;热病伤津、消渴羸瘦、肾虚体弱、产后血虚、燥咳、便秘、补虚、滋阴、润燥、滋肝阴，润肌肤、利二便、止消渴&lt;/span&gt;', 0, 0, 0, 0, 1, NULL, 0, NULL, 1, NULL, '2015-05-26 17:23:13'),
(20, '353523', 'wstmall 测试商品 冰鲜龙头鱼', 'Upload/goods/2015-05/556442e5a585a.jpg', 'Upload/goods/2015-05/556442e5a585a.jpg', NULL, 4, '60.00', '42.00', 20000, 0, 0, 0, 0, '斤', '斤', 0, 1, 1, 1, 1, 0, 1, NULL, 47, 65, 288, 28, 29, '&lt;p style=&quot;color:#404040;font-family:宋体, Verdana, Arial;font-size:12px;background-color:#FFFFFF;&quot;&gt;\n	龙头鱼富含蛋白质，具有维持钾钠平衡；消除水肿。提高免疫力。调低血压 ，缓冲贫血，有利于生长发育。富含胆固醇，维持细胞的稳定性，\n&lt;/p&gt;\n&lt;p style=&quot;color:#404040;font-family:宋体, Verdana, Arial;font-size:12px;background-color:#FFFFFF;&quot;&gt;\n	增加血管壁柔韧性。维持正常性功能，增加免疫力。富含镁，提高精子的活力，增强男性生育能力。有助于调节人的心脏活动，降低血压，\n&lt;/p&gt;\n&lt;p style=&quot;color:#404040;font-family:宋体, Verdana, Arial;font-size:12px;background-color:#FFFFFF;&quot;&gt;\n	预防心脏病。调节神经和肌肉活动、增强耐久力。\n&lt;/p&gt;\n&lt;p style=&quot;color:#404040;font-family:宋体, Verdana, Arial;font-size:12px;background-color:#FFFFFF;&quot;&gt;\n	钙是骨骼发育的基本原料，直接影响身高；调节酶的活性；参与神经、肌肉的活动和神经递质的释放；调节激素的分泌；调节心律、降低心\n&lt;/p&gt;\n&lt;p style=&quot;color:#404040;font-family:宋体, Verdana, Arial;font-size:12px;background-color:#FFFFFF;&quot;&gt;\n	血管的通透性；控制炎症和水肿；维持酸碱平衡等。富含钾，具有有助于维持神经健康、心跳规律正常，可以预防中风，并协助肌肉正常收\n&lt;/p&gt;\n&lt;p style=&quot;color:#404040;font-family:宋体, Verdana, Arial;font-size:12px;background-color:#FFFFFF;&quot;&gt;\n	缩。具有降血压作用。富含磷，具有构成骨骼和牙齿，促进成长及身体组织器官的修复，供给能量与活力，参与酸碱平衡的调节。富含钠，\n&lt;/p&gt;\n&lt;p style=&quot;color:#404040;font-family:宋体, Verdana, Arial;font-size:12px;background-color:#FFFFFF;&quot;&gt;\n	调节渗透压，维持酸碱平衡。维持血压正常。增强肌肉兴奋。\n&lt;/p&gt;\n&lt;p style=&quot;color:#404040;font-family:宋体, Verdana, Arial;font-size:12px;background-color:#FFFFFF;&quot;&gt;\n	适宜人群：适宜消瘦，免疫力低，记忆力下降贫血，水肿等症状的人群，生长发育停滞的儿童。中风、冠心病和糖尿病患者。出现肌肉无力、\n&lt;/p&gt;\n&lt;p style=&quot;color:#404040;font-family:宋体, Verdana, Arial;font-size:12px;background-color:#FFFFFF;&quot;&gt;\n	抽筋、记忆力衰退、神经错乱、抑郁症、幻觉、心悸等症状的人群。厌食、偏食；不易入睡、易惊醒；易感冒；头发稀疏；智力发育迟缓；\n&lt;/p&gt;\n&lt;p style=&quot;color:#404040;font-family:宋体, Verdana, Arial;font-size:12px;background-color:#FFFFFF;&quot;&gt;\n	学步、出牙晚或出牙不整齐；阵发性腹痛腹泻；X或O型腿；鸡胸的少年儿童。抽筋乏力；关节疼；头晕；贫血及产前高血压综合征；水肿及\n&lt;/p&gt;\n&lt;p style=&quot;color:#404040;font-family:宋体, Verdana, Arial;font-size:12px;background-color:#FFFFFF;&quot;&gt;\n	乳汁分泌不足的孕妇及哺乳期妇女。骨痛；牙齿松动、脱落；驼背、食欲减退、消化道溃疡多梦、失眠、烦躁、易怒的老年人。甲状腺功能\n&lt;/p&gt;\n&lt;p style=&quot;color:#404040;font-family:宋体, Verdana, Arial;font-size:12px;background-color:#FFFFFF;&quot;&gt;\n	亢进的人。高温、重体力劳动、经常出汗的人需要注意补充钠。\n&lt;/p&gt;', 0, 0, 0, 0, 1, NULL, 0, NULL, 1, NULL, '2015-05-26 17:55:22'),
(21, '14123', 'wstmall 测试商品 冰鲜鸡爪', 'Upload/goods/2015-05/5564433ac11dc.jpg', 'Upload/goods/2015-05/5564433ac11dc.jpg', NULL, 4, '34.00', '25.00', 5000, 0, 0, 0, 0, '斤', '斤', 0, 1, 1, 1, 1, 0, 0, NULL, 47, 66, 319, 9, 15, '&lt;p class=&quot;MsoNormal&quot; style=&quot;color:#404040;font-family:宋体, Verdana, Arial;font-size:12px;background-color:#FFFFFF;&quot;&gt;\n	&lt;span class=&quot;headline-content&quot;&gt;&lt;b&gt;&lt;span style=&quot;font-size:12pt;font-family:宋体;&quot;&gt;泡椒凤爪&lt;/span&gt;&lt;/b&gt;&lt;/span&gt;&lt;span style=&quot;font-family:宋体;&quot;&gt;是近年来最为流行的&lt;/span&gt;小吃之一。以麻辣有滋、皮韧肉香而著称。泡椒凤爪既能登大雅之堂，也为普通老百姓所喜爱。此款美食具有开胃生津、促进血液循环的功效。制作过程比较讲究，这样才能使泡椒的劲辣味道沁入凤爪中。正宗的泡椒凤爪丰满洁白，咀嚼时骨肉生香，具有很强的催味功效。&lt;span&gt;&lt;/span&gt;\n&lt;/p&gt;\n&lt;p class=&quot;MsoNormal&quot; style=&quot;color:#404040;font-family:宋体, Verdana, Arial;font-size:12px;background-color:#FFFFFF;&quot;&gt;\n	&lt;span class=&quot;headline-content&quot;&gt;&lt;b&gt;&lt;span style=&quot;font-size:12pt;font-family:宋体;&quot;&gt;制作方法：&lt;/span&gt;&lt;/b&gt;&lt;/span&gt;&lt;span class=&quot;headline-content&quot;&gt;&lt;b&gt;&lt;span style=&quot;font-size:12pt;&quot;&gt;&lt;/span&gt;&lt;/b&gt;&lt;/span&gt;\n&lt;/p&gt;\n&lt;p class=&quot;MsoNormal&quot; align=&quot;left&quot; style=&quot;color:#404040;font-family:宋体, Verdana, Arial;font-size:12px;background-color:#FFFFFF;text-indent:22.5pt;&quot;&gt;\n	&lt;span style=&quot;font-family:宋体;&quot;&gt;凤爪洗净去指甲对半切开。先在开水里氽过去腥气。换水，在水中放入葱姜片，黄酒，花椒，八角和适量盐，将凤爪放入，上火烧开，中小火闷煮&lt;/span&gt;&lt;span style=&quot;font-family:Arial;&quot;&gt;15-20&lt;/span&gt;&lt;span style=&quot;font-family:宋体;&quot;&gt;分钟。喜欢脆的就&lt;/span&gt;&lt;span style=&quot;font-family:Arial;&quot;&gt;15&lt;/span&gt;&lt;span style=&quot;font-family:宋体;&quot;&gt;分钟，喜欢口感软些的就&lt;/span&gt;&lt;span style=&quot;font-family:Arial;&quot;&gt;20&lt;/span&gt;&lt;span style=&quot;font-family:宋体;&quot;&gt;分钟。&lt;/span&gt;&lt;span style=&quot;font-family:Arial;&quot;&gt;&lt;/span&gt;\n&lt;/p&gt;\n&lt;p class=&quot;MsoNormal&quot; align=&quot;left&quot; style=&quot;color:#404040;font-family:宋体, Verdana, Arial;font-size:12px;background-color:#FFFFFF;text-indent:22.5pt;&quot;&gt;\n	&lt;span style=&quot;font-family:宋体;&quot;&gt;准备一个够大的带盖冰箱盛器，将一瓶泡山椒里的液体全部倒入，也就一点点，放入部分泡椒，喜辣的多放，放大约&lt;/span&gt;&lt;span style=&quot;font-family:Arial;&quot;&gt;1/5&lt;/span&gt;&lt;span style=&quot;font-family:宋体;&quot;&gt;。加饮用水至盛器的一半，加入白醋，白糖，盐，料酒调味。&lt;/span&gt;&lt;span style=&quot;font-family:Arial;&quot;&gt;&amp;nbsp;&lt;/span&gt;&lt;span style=&quot;font-family:宋体;&quot;&gt;味道要足，按个人喜好偏酸偏甜自己掌握，但要够咸，否则不入味。放些花椒和一个八角，几个厚姜片，有助于去腥提味。&lt;/span&gt;&lt;span style=&quot;font-family:Arial;&quot;&gt;&lt;/span&gt;\n&lt;/p&gt;\n&lt;p class=&quot;MsoNormal&quot; align=&quot;left&quot; style=&quot;color:#404040;font-family:宋体, Verdana, Arial;font-size:12px;background-color:#FFFFFF;text-indent:22.5pt;&quot;&gt;\n	&lt;span style=&quot;font-family:宋体;&quot;&gt;凤爪出锅后投入凉水中冷透，可以多过几遍水去油。然后放入对好的泡椒水里，要能够被汁液浸透。盖上盖子，放入冰箱。泡两天后拿出来挑出凤抓和泡椒就可以了！&lt;/span&gt;\n&lt;/p&gt;', 0, 0, 0, 0, 1, NULL, 0, NULL, 1, NULL, '2015-05-26 17:56:57'),
(22, '345235', 'wstmall 测试商品 冰鲜鱿鱼', 'Upload/goods/2015-05/5564441acf878.jpg', 'Upload/goods/2015-05/5564441acf878.jpg', NULL, 4, '234.00', '231.00', 2132134, 0, 0, 0, 0, '千克', '千克', 0, 1, 1, 1, 1, 0, 0, NULL, 47, 66, 319, 28, 29, '&lt;p style=&quot;color:#404040;font-family:宋体, Verdana, Arial;font-size:12px;background-color:#FFFFFF;&quot;&gt;\n	鱿鱼&lt;br /&gt;\n&amp;nbsp;&amp;nbsp;&amp;nbsp; 鱿鱼属软体动物类，是乌贼的一种。目前市场看到的鱿鱼有两种：一种是躯干部较肥大的鱿鱼，它的名称叫“枪乌贼”；一种是躯干部细长的鱿鱼，它的名称叫“柔鱼”，小的柔鱼俗名叫“小管仔”。\n&lt;/p&gt;\n&lt;p style=&quot;color:#404040;font-family:宋体, Verdana, Arial;font-size:12px;background-color:#FFFFFF;&quot;&gt;\n	功效&lt;br /&gt;\n&amp;nbsp;&amp;nbsp;&amp;nbsp; 益气壮志, 通妇女月经, 入肝补血, 入肾可滋水强志, 滋阴养胃, 补虚润肤。\n&lt;/p&gt;\n&lt;p style=&quot;color:#404040;font-family:宋体, Verdana, Arial;font-size:12px;background-color:#FFFFFF;&quot;&gt;\n	&lt;br /&gt;\n&lt;/p&gt;\n&lt;p style=&quot;color:#404040;font-family:宋体, Verdana, Arial;font-size:12px;background-color:#FFFFFF;&quot;&gt;\n	&lt;img src=&quot;/product/wstmall/Upload/image/20150526/20150526100008_84465.jpg&quot; alt=&quot;&quot; /&gt;\n&lt;/p&gt;', 0, 0, 0, 0, 1, NULL, 0, NULL, 1, NULL, '2015-05-26 18:00:11'),
(23, '34535', 'wstmall 测试商品 冰鲜鲈鱼', 'Upload/goods/2015-05/556448ac442c6.jpg', 'Upload/goods/2015-05/556448ac442c6.jpg', NULL, 4, '234.00', '123.00', 123234, 0, 0, 0, 0, '千克', '千克', 0, 1, 1, 1, 1, 0, 0, NULL, 47, 65, 288, 28, 29, '&lt;strong&gt;\n&lt;p style=&quot;color:#404040;font-family:宋体, Verdana, Arial;font-size:12px;background-color:#FFFFFF;&quot;&gt;\n	鲈鱼&lt;br /&gt;\n&amp;nbsp;&amp;nbsp;&amp;nbsp; 鲈鱼肉质白嫩、清香，没有腥味，肉为蒜瓣形，最宜清蒸、红烧或炖汤。尤其是秋末冬初，成熟的鲈鱼特别肥美，鱼体内积累的营养物质也最丰富，所以是吃鱼的最好时令。\n&lt;/p&gt;\n&lt;p style=&quot;color:#404040;font-family:宋体, Verdana, Arial;font-size:12px;background-color:#FFFFFF;&quot;&gt;\n	鲈鱼的功效&lt;br /&gt;\n&amp;nbsp;&amp;nbsp;&amp;nbsp; 健脾,补气,益肾,安胎,补血。\n&lt;/p&gt;\n&lt;/strong&gt;\n&lt;p&gt;\n	&lt;strong&gt;&lt;br /&gt;\n&lt;/strong&gt;\n&lt;/p&gt;\n&lt;p&gt;\n	&lt;strong&gt;&lt;br /&gt;\n&lt;/strong&gt;\n&lt;/p&gt;\n&lt;p&gt;\n	&lt;strong&gt;&lt;/strong&gt;\n&lt;/p&gt;', 0, 0, 0, 0, 1, NULL, 0, NULL, 1, NULL, '2015-05-26 18:02:10'),
(24, '6546', 'wstmall测试商品 冰鲜深海金鲳鱼约500g', 'Upload/goods/2015-05/556444c931a82.jpg', 'Upload/goods/2015-05/556444c931a82.jpg', NULL, 4, '2422.00', '1233.00', 0, 0, 0, 0, 0, '千克', '千克', 0, 1, 1, 1, 1, 0, 0, NULL, 47, 65, 292, 28, 29, '&lt;p style=&quot;color:#404040;font-family:宋体, Verdana, Arial;font-size:12px;background-color:#FFFFFF;&quot;&gt;\n	金鲳鱼&lt;br /&gt;\n&amp;nbsp;&amp;nbsp;&amp;nbsp; 金鲳鱼，又叫平鱼。是一种身体扁平的海鱼，因其刺少肉嫩，故很受人们喜爱，它富含高蛋白、不饱和脂肪酸和多种微量元素。\n&lt;/p&gt;\n&lt;p style=&quot;color:#404040;font-family:宋体, Verdana, Arial;font-size:12px;background-color:#FFFFFF;&quot;&gt;\n	功效&lt;br /&gt;\n&amp;nbsp;&amp;nbsp;&amp;nbsp; 益气养血, 补胃益精, 滑利关节, 柔筋利骨。\n&lt;/p&gt;\n&lt;p style=&quot;color:#404040;font-family:宋体, Verdana, Arial;font-size:12px;background-color:#FFFFFF;&quot;&gt;\n	&lt;br /&gt;\n&lt;/p&gt;\n&lt;p style=&quot;color:#404040;font-family:宋体, Verdana, Arial;font-size:12px;background-color:#FFFFFF;&quot;&gt;\n	&lt;img src=&quot;/product/wstmall/Upload/image/20150526/20150526100545_57518.jpg&quot; alt=&quot;&quot; /&gt;\n&lt;/p&gt;', 0, 0, 0, 0, 1, NULL, 0, NULL, 1, NULL, '2015-05-26 18:05:23'),
(25, '345234', 'wstmall 测试商品 大闸蟹', 'Upload/goods/2015-05/556445fe8e57d.jpg', 'Upload/goods/2015-05/556445fe8e57d.jpg', NULL, 4, '123.00', '100.00', 554313, 0, 0, 0, 0, '只', '', 0, 1, 1, 1, 1, 0, 0, NULL, 47, 65, 290, 28, 30, '&lt;p&gt;\n	&lt;span style=&quot;color:#404040;font-family:宋体, Verdana, Arial;font-size:18px;font-weight:bold;line-height:40px;background-color:#FFFFFF;&quot;&gt;大闸蟹&lt;/span&gt;\n&lt;/p&gt;\n&lt;p&gt;\n	&lt;span style=&quot;color:#404040;font-family:宋体, Verdana, Arial;font-size:18px;font-weight:bold;line-height:40px;background-color:#FFFFFF;&quot;&gt;\n	&lt;p style=&quot;color:#404040;font-family:宋体, Verdana, Arial;font-size:12px;background-color:#FFFFFF;&quot;&gt;\n		中华绒螯蟹又称河蟹、毛蟹、清水蟹、大闸蟹或螃蟹，味道鲜美，营养丰富。\n	&lt;/p&gt;\n	&lt;div style=&quot;margin:0px auto;padding:0px;color:#404040;font-family:宋体, Verdana, Arial;font-size:12px;background-color:#FFFFFF;&quot;&gt;\n		&amp;nbsp;\n	&lt;/div&gt;\n&lt;img src=&quot;/product/wstmall/Upload/image/20150526/20150526100818_71751.jpg&quot; alt=&quot;&quot; /&gt;&lt;br /&gt;\n&lt;/span&gt;\n&lt;/p&gt;', 0, 0, 0, 0, 1, NULL, 0, NULL, 1, NULL, '2015-05-26 18:08:21'),
(26, '2342', 'wstmall 测试商品 花蛤', 'Upload/goods/2015-05/556446e328d34.jpg', 'Upload/goods/2015-05/556446e328d34.jpg', NULL, 4, '54.00', '45.00', 5000, 0, 0, 0, 0, '千克', '千克', 0, 1, 1, 1, 1, 0, 0, NULL, 47, 65, 288, 28, 30, '食疗功效&lt;br /&gt;\n&lt;br /&gt;\n花蛤肉味鲜美、营养丰富，蛋白质含量高，氨基酸的种类组成及配比合理； 脂肪含量低，不饱和脂肪酸较高，易被人体消化吸收，还有各种维生素和药用成分。含钙、镁、铁、锌等多种人体必需的微量元素，可作为人类的营养、绿色食品，深受消费者的青睐。蛤肉以及贝类软体动物中，含一种具有降低血清胆固醇作用的代尔太7—胆固醇和24—亚甲基胆固醇，它们兼有抑制胆固醇在肝脏合成和加速排泄胆固醇的独特作用，从而使体内胆固醇下降。它们的功效比常用的降胆固醇的药物谷固醇更强。人们在食用蛤肉和贝类食物后，常有一种清爽宜人的感觉，这对解除一些烦恼症状无疑是有益的。中医认为，蛤肉有滋阴明目、软坚、化痰之功效，有的贝类还有益精润脏的作用。所有人都可以吃。高胆固醇、高血脂体质的人以及患有甲状腺肿大、支气管炎、胃病等疾病的人尤为适合。&lt;br /&gt;', 0, 0, 0, 0, 1, NULL, 0, NULL, 1, NULL, '2015-05-26 18:12:52'),
(27, '293874', 'KDT170心相印厨房纸巾70抽吸油去污 吸水锁水', 'Upload/goods/2015-05/55647ca720f9e.jpg', 'Upload/goods/2015-05/55647ca720f9e.jpg', NULL, 14, '23.00', '19.00', 123345, 0, 0, 0, 0, '提', '4提12包', 0, 1, 1, 1, 1, 1, 0, NULL, 48, 74, 262, 32, 39, '&lt;h1 style=&quot;color:#333333;text-indent:0px;font-family:微软雅黑;font-size:16px;font-style:normal;background-color:#FFFFFF;&quot;&gt;\n	KDT170心相印厨房纸巾70抽吸油去污 吸水锁水抽纸4提套装\n&lt;/h1&gt;\n&lt;p&gt;\n	&lt;span style=&quot;color:#E53333;&quot;&gt;测试商品，请勿下单&lt;/span&gt;\n&lt;/p&gt;\n&lt;p&gt;\n	&amp;nbsp;\n&lt;/p&gt;\n&lt;p&gt;\n	&lt;img alt=&quot;&quot; src=&quot;/product/wstmall/Upload/image/20150526/20150526140202_57724.jpg&quot; /&gt;\n&lt;/p&gt;', 0, 0, 0, 0, 1, NULL, 0, NULL, 1, NULL, '2015-05-26 22:02:42'),
(28, '3947829', '奥妙净蓝全效无磷洗衣粉500g/汰渍全效洗衣粉', 'Upload/goods/2015-05/556480e66c840.jpg', 'Upload/goods/2015-05/556480e66c840.jpg', NULL, 14, '15.00', '12.50', 9003, 0, 0, 0, 0, '包', '', 0, 1, 1, 1, 1, 1, 0, NULL, 48, 258, 329, 34, 41, '&lt;p&gt;\n	测试商品 请勿下单\n&lt;/p&gt;\n&lt;p&gt;\n	&amp;nbsp;\n&lt;/p&gt;\n&lt;p&gt;\n	&lt;img alt=&quot;&quot; src=&quot;/product/wstmall/Upload/image/20150526/20150526141901_86734.jpg&quot; /&gt;\n&lt;/p&gt;', 0, 0, 0, 0, 1, NULL, 0, NULL, 1, NULL, '2015-05-26 22:19:27'),
(29, '3598', 'wstmall测试商品 汰渍 净白去渍无磷洗衣粉', 'Upload/goods/2015-05/5564818910da2.jpg', 'Upload/goods/2015-05/5564818910da2.jpg', NULL, 14, '25.00', '20.00', 123242, 0, 0, 0, 0, '包', '', 0, 1, 1, 1, 1, 0, 0, NULL, 48, 258, 329, 34, 41, '&lt;p&gt;\n	wstmall测试商品\n&lt;/p&gt;\n&lt;p&gt;\n	&amp;nbsp;\n&lt;/p&gt;\n&lt;p&gt;\n	&lt;img alt=&quot;&quot; src=&quot;/product/wstmall/Upload/image/20150526/20150526142311_19107.jpg&quot; /&gt;\n&lt;/p&gt;', 0, 0, 0, 0, 1, NULL, 0, NULL, 1, NULL, '2015-05-26 22:23:30'),
(30, '347294', '奥妙洗衣粉净500g*3袋', 'Upload/goods/2015-05/55648222cc241.jpg', 'Upload/goods/2015-05/55648222cc241.jpg', NULL, 14, '30.00', '27.00', 239473, 0, 0, 0, 0, '组', '3袋为一组', 0, 1, 1, 1, 1, 1, 0, NULL, 48, 258, 329, 34, 41, '&lt;p&gt;\n	&amp;nbsp;\n&lt;/p&gt;\n&lt;p&gt;\n	&lt;strong&gt;&lt;span style=&quot;color:#E53333;font-size:16px;&quot;&gt;wstmall测试商品，请勿下单&lt;/span&gt;&lt;/strong&gt;\n&lt;/p&gt;\n&lt;p&gt;\n	&amp;nbsp;\n&lt;/p&gt;\n&lt;p&gt;\n	&lt;img alt=&quot;&quot; src=&quot;/product/wstmall/Upload/image/20150526/20150526142518_93795.jpg&quot; /&gt;\n&lt;/p&gt;', 0, 0, 0, 0, 1, NULL, 0, NULL, 1, NULL, '2015-05-26 22:25:42'),
(31, '2347982', '洗衣氧颗粒浓缩型600g+多功能洗涤氧颗粒600g', 'Upload/goods/2015-05/556485b17d4cb.jpg', 'Upload/goods/2015-05/556485b17d4cb.jpg', NULL, 14, '24.00', '21.00', 24234, 0, 0, 0, 0, '组', '2包为一组', 0, 1, 1, 1, 1, 0, 0, NULL, 48, 258, 329, 34, 41, '&lt;p&gt;\n	&amp;nbsp;\n&lt;/p&gt;\n&lt;p&gt;\n	&lt;strong&gt;&lt;span style=&quot;color:#E53333;font-size:16px;&quot;&gt;wstmall测试商品，请勿下单&lt;/span&gt;&lt;/strong&gt;\n&lt;/p&gt;\n&lt;p&gt;\n	&amp;nbsp;\n&lt;/p&gt;\n&lt;p&gt;\n	&lt;img alt=&quot;&quot; src=&quot;/product/wstmall/Upload/image/20150526/20150526144047_49784.jpg&quot; /&gt;\n&lt;/p&gt;', 0, 0, 0, 0, 1, NULL, 0, NULL, 1, NULL, '2015-05-26 22:41:14'),
(32, '345345', '得宝纸巾软抽餐巾纸组合套装4提抽纸共12包', 'Upload/goods/2015-05/55648d1d30566.jpg', 'Upload/goods/2015-05/55648d1d30566.jpg', NULL, 14, '88.00', '77.00', 234789, 0, 0, 0, 0, '组', '4提抽纸共12包', 0, 1, 1, 1, 1, 1, 0, NULL, 48, 74, 262, 32, 39, '&lt;p&gt;\n	4提抽纸共12包\n&lt;/p&gt;\n&lt;p&gt;\n	测试商品 请勿下单&lt;img alt=&quot;&quot; src=&quot;/product/wstmall/Upload/image/20150526/20150526151135_88373.jpg&quot; /&gt;\n&lt;/p&gt;', 0, 0, 0, 0, 1, NULL, 0, NULL, 1, NULL, '2015-05-26 23:11:37'),
(33, '2347982', '维达卷纸3提蓝色经典卷筒纸家用大卷纸200g', 'Upload/goods/2015-05/55648dc7335f0.jpg', 'Upload/goods/2015-05/55648dc7335f0.jpg', NULL, 14, '220.00', '198.00', 234879, 0, 0, 0, 0, '箱', '整箱', 0, 1, 1, 1, 1, 0, 0, NULL, 48, 74, 262, 32, 39, '&lt;p&gt;\n	wstmall测试商品，卷纸\n&lt;/p&gt;\n&lt;p&gt;\n	&amp;nbsp;\n&lt;/p&gt;\n&lt;p&gt;\n	请勿下单\n&lt;/p&gt;', 0, 0, 0, 0, 1, NULL, 0, NULL, 1, NULL, '2015-05-26 23:15:19'),
(34, '294387', '维达卷筒纸蓝色经典卫生纸家庭装卷纸柔韧140g*3', 'Upload/goods/2015-05/55648f06c76e2.jpg', 'Upload/goods/2015-05/55648f06c76e2.jpg', NULL, 14, '98.00', '92.00', 234928, 0, 0, 0, 0, '组', '3提为一组', 0, 1, 1, 1, 1, 1, 0, NULL, 48, 74, 262, 32, 39, '&lt;p&gt;\n	&lt;span style=&quot;color:#E53333;font-size:16px;&quot;&gt;wstmall测试商品&lt;/span&gt;\n&lt;/p&gt;\n&lt;p&gt;\n	&lt;img alt=&quot;&quot; src=&quot;/product/wstmall/Upload/image/20150526/20150526152022_21285.jpg&quot; /&gt;\n&lt;/p&gt;', 0, 0, 0, 0, 1, NULL, 0, NULL, 1, NULL, '2015-05-26 23:20:45'),
(35, '234979', '泉林本色纸巾 不漂白原浆面巾纸卫生纸 14*240', 'Upload/goods/2015-05/55649029417c3.jpg', 'Upload/goods/2015-05/55649029417c3.jpg', NULL, 14, '65.00', '58.90', 87689, 0, 0, 0, 0, '箱', '“买20卷加送四卷，加量不加价” 泉林本色是国内唯一食品级安全用纸 真正无添加 可以吃的纸', 0, 1, 1, 1, 1, 0, 0, NULL, 48, 74, 262, 32, 39, '&lt;p&gt;\n	&lt;span style=&quot;font-size:16px;&quot;&gt;测试商品 请勿下单&lt;/span&gt;\n&lt;/p&gt;\n&lt;p&gt;\n	&amp;nbsp;\n&lt;/p&gt;\n&lt;p&gt;\n	&lt;img alt=&quot;&quot; src=&quot;/product/wstmall/Upload/image/20150526/20150526152551_15660.jpg&quot; /&gt;\n&lt;/p&gt;', 0, 0, 0, 0, 1, NULL, 0, NULL, 1, NULL, '2015-05-26 23:26:12'),
(36, '329874', '维达蓝色经典140g卫生卷纸共20卷 卷筒卫生纸', 'Upload/goods/2015-05/55649c4137436.jpg', 'Upload/goods/2015-05/55649c4137436.jpg', NULL, 14, '89.00', '69.00', 3248, 0, 0, 0, 0, '组', '20卷为一组', 0, 1, 1, 1, 1, 1, 0, NULL, 48, 74, 262, 32, 39, '&lt;p&gt;\n	wstmall测试商品，请勿下单\n&lt;/p&gt;\n&lt;p&gt;\n	&lt;img alt=&quot;&quot; src=&quot;/product/wstmall/Upload/image/20150526/20150526161704_71372.jpg&quot; /&gt;\n&lt;/p&gt;', 0, 0, 0, 0, 1, NULL, 0, NULL, 1, NULL, '2015-05-27 00:17:21'),
(37, '3749', '维达150抽家用纸巾餐巾纸 抽纸巾 加厚 15包', 'Upload/goods/2015-05/55649d4fc27fc.jpg', 'Upload/goods/2015-05/55649d4fc27fc.jpg', NULL, 14, '78.00', '69.00', 58943, 0, 0, 0, 0, '组', '15包一组', 0, 1, 1, 1, 1, 1, 0, NULL, 48, 74, 75, 32, 40, '&lt;p&gt;\n	wstmall测试商品，请勿下单\n&lt;/p&gt;\n&lt;p&gt;\n	&amp;nbsp;\n&lt;/p&gt;\n&lt;p&gt;\n	&lt;img alt=&quot;&quot; src=&quot;/product/wstmall/Upload/image/20150526/20150526162119_90595.jpg&quot; /&gt;\n&lt;/p&gt;', 0, 0, 0, 0, 1, NULL, 0, NULL, 1, NULL, '2015-05-27 00:21:23'),
(38, '34789', '心相印特柔纸巾三层140g卷筒卫生纸卷纸 五提/组', 'Upload/goods/2015-05/55649dcd962a0.jpg', 'Upload/goods/2015-05/55649dcd962a0.jpg', NULL, 14, '150.00', '138.00', 237489, 0, 0, 0, 0, '组', '五提/组', 0, 1, 1, 1, 1, 0, 0, NULL, 48, 74, 262, 32, 39, '&lt;p&gt;\n	&lt;span style=&quot;color:#E53333;&quot;&gt;wstmall测试商品，请勿下单&lt;/span&gt;\n&lt;/p&gt;\n&lt;p&gt;\n	&lt;span style=&quot;color:#E53333;&quot;&gt;&lt;/span&gt;&amp;nbsp;\n&lt;/p&gt;\n&lt;p&gt;\n	&lt;span style=&quot;color:#E53333;&quot;&gt;&lt;img alt=&quot;&quot; src=&quot;/product/wstmall/Upload/image/20150526/20150526162331_10164.jpg&quot; /&gt;&lt;/span&gt;\n&lt;/p&gt;', 0, 0, 0, 0, 1, NULL, 0, NULL, 1, NULL, '2015-05-27 00:23:33'),
(39, '23794', 'B1-0284超威洁厕精1+1洁厕500g2瓶', 'Upload/goods/2015-05/5564a125c1e50.jpg', 'Upload/goods/2015-05/5564a125c1e50.jpg', NULL, 14, '26.00', '19.00', 2348, 0, 0, 0, 0, '组', '2瓶一组', 0, 1, 1, 1, 1, 0, 0, NULL, 48, 258, 274, 31, 38, '&lt;p&gt;\n	wstmall测试商品，请勿下单\n&lt;/p&gt;\n&lt;p&gt;\n	&lt;img alt=&quot;&quot; src=&quot;/product/wstmall/Upload/image/20150526/20150526163005_26619.jpg&quot; /&gt;\n&lt;/p&gt;', 0, 0, 0, 0, 1, NULL, 0, NULL, 1, NULL, '2015-05-27 00:30:07'),
(40, '237894', '迪可浓洁厕宝马桶自动清洁剂（2个装）2*50g', 'Upload/goods/2015-05/55649fe956459.jpg', 'Upload/goods/2015-05/55649fe956459.jpg', NULL, 14, '56.00', '47.00', 34923, 0, 0, 0, 0, '包', '2个为一包', 0, 1, 1, 1, 1, 1, 0, NULL, 48, 258, 274, 31, 38, '&lt;p&gt;\n	wstmall测试商品，请勿下单\n&lt;/p&gt;\n&lt;p&gt;\n	&amp;nbsp;\n&lt;/p&gt;\n&lt;p&gt;\n	&lt;img alt=&quot;&quot; src=&quot;/product/wstmall/Upload/image/20150526/20150526163229_89010.jpg&quot; /&gt;\n&lt;/p&gt;', 0, 0, 0, 0, 1, NULL, 0, NULL, 1, NULL, '2015-05-27 00:32:32'),
(41, '3249', 'wstmall测试商品 洁厕灵', 'Upload/goods/2015-05/5564a40b42496.jpg', 'Upload/goods/2015-05/5564a40b42496.jpg', NULL, 14, '19.00', '15.00', 23422, 0, 0, 0, 0, '瓶', '', 0, 1, 1, 0, 1, 0, 0, NULL, 48, 258, 274, 31, 38, '&lt;p style=&quot;color:#666666;text-indent:0px;&quot;&gt;\n	&amp;nbsp;\n&lt;/p&gt;\n&lt;p style=&quot;color:#666666;text-indent:0px;&quot;&gt;\n	&lt;span style=&quot;color:#666666;font-family:SimSun;font-size:16px;&quot;&gt;品名：加多洁洁厕灵&lt;/span&gt;\n&lt;/p&gt;\n&lt;p style=&quot;color:#666666;text-indent:0px;&quot;&gt;\n	&lt;span style=&quot;color:#666666;font-family:SimSun;font-size:16px;&quot;&gt;品牌：加多洁&lt;/span&gt;\n&lt;/p&gt;\n&lt;p style=&quot;color:#666666;text-indent:0px;&quot;&gt;\n	&lt;span style=&quot;color:#666666;font-family:SimSun;font-size:16px;&quot;&gt;产地：湖北&lt;/span&gt;\n&lt;/p&gt;\n&lt;p style=&quot;color:#666666;text-indent:0px;&quot;&gt;\n	&lt;span style=&quot;color:#666666;font-family:SimSun;font-size:16px;&quot;&gt;生产厂商：湖北铭高商贸有限公司&lt;/span&gt;\n&lt;/p&gt;\n&lt;p style=&quot;color:#666666;text-indent:0px;&quot;&gt;\n	&lt;span style=&quot;color:#666666;font-family:SimSun;font-size:16px;&quot;&gt;净含量： 500ml/瓶&lt;/span&gt;\n&lt;/p&gt;\n&lt;p style=&quot;color:#666666;text-indent:0px;&quot;&gt;\n	&lt;span style=&quot;color:#666666;font-family:SimSun;font-size:16px;&quot;&gt;生产日期：近期&lt;/span&gt;\n&lt;/p&gt;\n&lt;p style=&quot;color:#666666;text-indent:0px;&quot;&gt;\n	&lt;span style=&quot;color:#666666;font-family:SimSun;font-size:16px;&quot;&gt;保质期：3年&lt;/span&gt;\n&lt;/p&gt;\n&lt;p style=&quot;color:#666666;text-indent:0px;&quot;&gt;\n	&lt;br /&gt;\n&amp;nbsp;\n&lt;/p&gt;\n&lt;p style=&quot;color:#666666;text-indent:0px;&quot;&gt;\n	&amp;nbsp;&lt;span style=&quot;color:#666666;font-family:SimSun;font-size:16px;&quot;&gt;强力去污：添加强力去垢因子，轻松去除尿渍、污渍等。&lt;br /&gt;\n快速除菌：高效杀菌成分，快速清除隐藏在厕盆内的细菌。&lt;br /&gt;\n清香辟味：气味清香，迅速辟味。&lt;br /&gt;\n压力喷嘴：方便将液体挤射到难以清洗的暗沟，清洁更轻松&lt;/span&gt;\n&lt;/p&gt;\n&lt;p style=&quot;color:#666666;text-indent:0px;&quot;&gt;\n	&lt;br /&gt;\n&lt;/p&gt;\n&lt;p style=&quot;color:#666666;text-indent:0px;&quot;&gt;\n	&amp;nbsp;\n&lt;/p&gt;\n&lt;p align=&quot;left&quot; style=&quot;color:#666666;text-indent:0px;&quot;&gt;\n	&lt;span style=&quot;color:#666666;font-family:SimSun;font-size:16px;&quot;&gt;将洁厕液挤射到厕盆内壁四周及边缘暗沟，10分钟后冲水即净，对顽固污渍可适当延长时间或用刷子轻刷。&lt;/span&gt;\n&lt;/p&gt;\n&lt;p style=&quot;color:#666666;text-indent:0px;&quot;&gt;\n	&amp;nbsp;\n&lt;/p&gt;\n&lt;p style=&quot;color:#666666;text-indent:0px;&quot;&gt;\n	&amp;nbsp;\n&lt;/p&gt;\n&lt;p align=&quot;left&quot; style=&quot;color:#666666;text-indent:0px;&quot;&gt;\n	&lt;span style=&quot;color:#666666;font-family:SimSun;font-size:16px;&quot;&gt;1、勿让儿童接触；&lt;br /&gt;\n2、勿与漂白剂等化学品混用；&lt;br /&gt;\n3、避免清洁液接触皮肤或眼部，触及后即用清水冲洗。&lt;br /&gt;\n4、勿用于金属表面和非陶瓷器具。&lt;/span&gt;\n&lt;/p&gt;', 0, 0, 0, 0, 1, NULL, 0, NULL, 1, NULL, '2015-05-27 00:40:55'),
(42, '237948', '威猛先生 强效洁厕液双包装 优惠套装 去污 500', 'Upload/goods/2015-05/5564a29f169b7.jpg', 'Upload/goods/2015-05/5564a29f169b7.jpg', NULL, 14, '234.00', '123.00', 234, 0, 0, 0, 0, '组', '2瓶一组', 0, 1, 1, 1, 1, 0, 0, NULL, 48, 258, 274, 31, 45, '&lt;div style=&quot;margin:0px;padding:0px;color:#404040;&quot;&gt;\n	商品特色：\n&lt;/div&gt;\n&lt;div style=&quot;margin:0px;padding:0px;color:#404040;&quot;&gt;\n	采用欧洲先进技术，彻底清洁，且不伤马桶表面，有效去除异味，用后留下清新气味。\n&lt;/div&gt;\n&lt;div style=&quot;margin:0px;padding:0px;color:#404040;&quot;&gt;\n	第一款会变色的洁厕液！洁厕液溶解污垢后，酸碱中和，洁厕液从绿变蓝。\n&lt;/div&gt;\n&lt;div style=&quot;margin:0px;padding:0px;color:#404040;&quot;&gt;\n	适用范围：\n&lt;/div&gt;\n&lt;div style=&quot;margin:0px;padding:0px;color:#404040;&quot;&gt;\n	座式或者蹲式马桶。\n&lt;/div&gt;\n&lt;div style=&quot;margin:0px;padding:0px;color:#404040;&quot;&gt;\n	使用方法：\n&lt;/div&gt;\n&lt;div style=&quot;margin:0px;padding:0px;color:#404040;&quot;&gt;\n	翻起厕盆盖。\n&lt;/div&gt;\n&lt;div style=&quot;margin:0px;padding:0px;color:#404040;&quot;&gt;\n	倾倒瓶身，使液体充满瓶颈。\n&lt;/div&gt;\n&lt;div style=&quot;margin:0px;padding:0px;color:#404040;&quot;&gt;\n	沿水位线轻刷厕盆，用水冲净。\n&lt;/div&gt;\n&lt;div style=&quot;margin:0px;padding:0px;color:#404040;&quot;&gt;\n	如需对付顽固污垢，轻刷厕盆后，可静待片刻再用水冲净。\n&lt;/div&gt;\n&lt;div style=&quot;margin:0px;padding:0px;color:#404040;&quot;&gt;\n	定期使用可保持您的厕盆清洁卫生，防止顽垢形成。\n&lt;/div&gt;\n&lt;div style=&quot;margin:0px;padding:0px;color:#404040;&quot;&gt;\n	注意事项：\n&lt;/div&gt;\n&lt;div style=&quot;margin:0px;padding:0px;color:#404040;&quot;&gt;\n	请勿接触眼睛。\n&lt;/div&gt;\n&lt;div style=&quot;margin:0px;padding:0px;color:#404040;&quot;&gt;\n	请勿吞食。\n&lt;/div&gt;\n&lt;div style=&quot;margin:0px;padding:0px;color:#404040;&quot;&gt;\n	请放置在儿童和宠物不易接触的地方。\n&lt;/div&gt;\n&lt;div style=&quot;margin:0px;padding:0px;color:#404040;&quot;&gt;\n	切勿与漂白剂或者其他化学品一同使用，以免产生有害气体。\n&lt;/div&gt;', 0, 0, 0, 0, 1, NULL, 0, NULL, 1, NULL, '2015-05-27 00:43:57'),
(43, '4535', '七度香 清香型（消正） 铁观音 250g书型硬盒装', 'Upload/goods/2015-05/556529ba1430c.jpg', 'Upload/goods/2015-05/556529ba1430c.jpg', NULL, 18, '234.00', '114.00', 24235, 0, 0, 0, 0, '克', '采摘季节：春茶\n香型：清香型\n工艺：袋泡茶\n茶叶等级：二级\n产地：安溪祥华\n规格：7.8g*32泡\n保质期：18个月\n储藏方法：阴凉干燥', 0, 1, 1, 1, 1, 1, 0, NULL, 49, 80, 303, 52, 53, '&lt;p&gt;\n	wstmall 测试商品，请勿下单\n&lt;/p&gt;\n&lt;p&gt;\n	&lt;br /&gt;\n&lt;/p&gt;\n&lt;p&gt;\n	&lt;img src=&quot;/product/wstmall/Upload/image/20150527/20150527022049_79636.jpg&quot; alt=&quot;&quot; /&gt;\n&lt;/p&gt;', 0, 0, 0, 0, 1, NULL, 0, NULL, 1, NULL, '2015-05-27 10:21:10'),
(44, '45335', '正品八马 安溪铁观音 浓香型 特级赛珍珠1000', 'Upload/goods/2015-05/55652b3d68f16.jpg', 'Upload/goods/2015-05/55652b3d68f16.jpg', NULL, 18, '344.00', '233.00', 24335, 0, 0, 0, 0, '包', '采摘季节：春茶\n香型：浓香型\n工艺：袋泡茶\n功效：消肉食，逐风痰，泄热，解毒，生津，止渴。\n茶叶等级：特级\n产地：福建安溪\n规格：8.35克/泡×15泡/盒×2盒 礼盒规格：32*32*8.5\n保质期：24个月\n储藏方法：防潮湿，防异味，避光直射', 0, 1, 1, 1, 1, 1, 0, NULL, 49, 80, 303, 52, 53, '&lt;p&gt;\n	WSTMALL测试商品，请勿下单\n&lt;/p&gt;\n&lt;p&gt;\n	&lt;br /&gt;\n&lt;/p&gt;\n&lt;p&gt;\n	&lt;img src=&quot;/product/wstmall/Upload/image/20150527/20150527022710_93237.jpg&quot; alt=&quot;&quot; /&gt;\n&lt;/p&gt;', 0, 0, 0, 0, 1, NULL, 0, NULL, 1, NULL, '2015-05-27 10:27:48'),
(45, 'HS546464', '新疆哈密瓜', 'Upload/goods/2015-05/55652d139de45.jpg', 'Upload/goods/2015-05/55652d139de45.jpg', NULL, 4, '30.00', '20.00', 1000, 0, 0, 0, 0, 'Kg', '件', 0, 1, 1, 1, 1, 0, 0, NULL, 47, 61, 76, 7, 8, '商品描述', 0, 0, 0, 0, 1, NULL, 0, NULL, 1, NULL, '2015-05-27 10:34:02'),
(46, '3516354', '正品八马 安溪铁观音 清香型 特级韵香 250g', 'Upload/goods/2015-05/55652d25a41b7.jpg', 'Upload/goods/2015-05/55652d25a41b7.jpg', NULL, 18, '500.00', '250.00', 35436546, 0, 0, 0, 0, '盒', '采摘季节：春茶\n香型：清香型\n工艺：袋泡茶\n功效：提神消疲，降脂减肥，清热解暑，醒酒敌烟，抗衰老抗辐射\n茶叶等级：特级\n产地：福建安溪\n规格：8.35g*30泡 礼盒32cm*22cm*8.2cm\n保质期：18个月\n储藏方法：防潮湿，防异味，避光直射', 0, 1, 1, 1, 1, 1, 0, NULL, 49, 80, 303, 52, 53, '&lt;p&gt;\n	wstmall测试商品，请勿下单\n&lt;/p&gt;\n&lt;p&gt;\n	&lt;br /&gt;\n&lt;/p&gt;\n&lt;p&gt;\n	&lt;img src=&quot;/product/wstmall/Upload/image/20150527/20150527023540_32730.jpg&quot; alt=&quot;&quot; /&gt;\n&lt;/p&gt;', 0, 0, 0, 0, 1, NULL, 0, NULL, 1, NULL, '2015-05-27 10:35:47'),
(47, '359783', '正宗安溪铁观音 清香型特级QGY1296-250g', 'Upload/goods/2015-05/55652db0d98c7.jpg', 'Upload/goods/2015-05/55652db0d98c7.jpg', NULL, 18, '633.00', '522.00', 537464, 0, 0, 0, 0, '盒', '配料：安溪铁观音\n采摘季节：春茶\n香型：清香型\n工艺：袋泡茶\n功效：消肉食，逐风痰，泄热，解毒，生津，止渴。\n茶叶等级：特级\n产地：福建省安溪县\n规格：33x11x6.5cm 7.8g/泡x32泡\n保质期：18个月', 0, 1, 1, 1, 1, 1, 0, NULL, 49, 80, 303, 52, 53, '&lt;p&gt;\n	测试商品，请勿下单\n&lt;/p&gt;\n&lt;p&gt;\n	&lt;br /&gt;\n&lt;/p&gt;\n&lt;p&gt;\n	&lt;img src=&quot;/product/wstmall/Upload/image/20150527/20150527023942_44266.jpg&quot; alt=&quot;&quot; /&gt;\n&lt;/p&gt;', 0, 0, 0, 0, 1, NULL, 0, NULL, 1, NULL, '2015-05-27 10:37:39'),
(48, '23498723', '五十五年老茶师精制 最传统最地道的铁观音', 'Upload/goods/2015-05/55652e10dc119.jpg', 'Upload/goods/2015-05/55652e10dc119.jpg', NULL, 18, '345.00', '345.00', 24235255, 0, 0, 0, 0, '盒', '配料：安溪铁观音\n采摘季节：春茶\n香型：清香型\n工艺：袋泡茶\n功效：提神消疲，降脂减肥，生津止渴\n茶叶等级：特级', 0, 1, 1, 1, 1, 0, 0, NULL, 49, 80, 303, 52, 53, '&lt;p&gt;\n	wstmall测试商品，请勿下单\n&lt;/p&gt;\n&lt;p&gt;\n	&lt;br /&gt;\n&lt;/p&gt;\n&lt;p&gt;\n	&lt;img src=&quot;/product/wstmall/Upload/image/20150527/20150527023924_65464.jpg&quot; alt=&quot;&quot; /&gt;\n&lt;/p&gt;', 0, 0, 0, 0, 1, NULL, 0, NULL, 1, NULL, '2015-05-27 10:39:01'),
(49, '234235', '正宗安溪铁观音 清香型特级469g 典藏礼盒', 'Upload/goods/2015-05/5565309d7b672.jpg', 'Upload/goods/2015-05/5565309d7b672.jpg', NULL, 18, '435.00', '345.00', 345456, 0, 0, 0, 0, '盒', '采摘季节：春茶\n香型：清香型\n工艺：袋泡茶\n茶叶等级：特级\n产地：福建省安溪感德\n规格：15泡/罐\n保质期：18个月', 0, 1, 1, 1, 1, 0, 0, NULL, 49, 80, 303, 52, 53, '&lt;p&gt;\n	wstmall测试商品，请勿下单\n&lt;/p&gt;\n&lt;p&gt;\n	&lt;br /&gt;\n&lt;/p&gt;\n&lt;p&gt;\n	&lt;img src=&quot;/product/wstmall/Upload/image/20150527/20150527025006_15369.jpg&quot; alt=&quot;&quot; /&gt;\n&lt;/p&gt;', 0, 0, 0, 0, 1, NULL, 0, NULL, 1, NULL, '2015-05-27 10:50:10'),
(50, '534435', '世博第一名茶 八马力荐巅峰制作 商政礼品茶', 'Upload/goods/2015-05/55653369c81f3.jpg', 'Upload/goods/2015-05/55653369c81f3.jpg', NULL, 18, '566.00', '455.00', 235345, 0, 0, 0, 0, '盒', '采摘季节：春茶\n香型：浓香型\n工艺：袋泡茶\n功效：提神消疲，降脂减肥，清热解暑，醒酒敌烟，抗衰老抗辐射\n茶叶等级：特级\n食品生产许可证：闽卫食证字（2007）第350524008273号\n产地：福建安溪\n规格：125克/罐×2罐 礼盒规格：30cm×21cm\n保质期：18个月', 0, 1, 1, 1, 1, 0, 0, NULL, 49, 80, 303, 52, 53, '&lt;p&gt;\n	wstmall测试商品，请勿上架\n&lt;/p&gt;\n&lt;p&gt;\n	&lt;br /&gt;\n&lt;/p&gt;\n&lt;p&gt;\n	&lt;img src=&quot;/product/wstmall/Upload/image/20150527/20150527030203_36573.jpg&quot; alt=&quot;&quot; /&gt;\n&lt;/p&gt;', 0, 0, 0, 0, 1, NULL, 0, NULL, 1, NULL, '2015-05-27 11:02:06'),
(51, '30945390', '安溪铁观音 韵香型（炭焙） 特级 234g 禅悦竹', 'Upload/goods/2015-05/55653554971db.jpg', 'Upload/goods/2015-05/55653554971db.jpg', NULL, 18, '455.00', '422.00', 375465, 0, 0, 0, 0, '盒', '采摘季节：秋茶\n香型：韵香型\n工艺：袋泡茶\n功效：提神消疲，降脂减肥，清热解暑，醒酒敌烟，抗衰老抗辐射\n茶叶等级：特级\n食品生产许可证：QS3502 1401 0650\n产地：安溪\n规格：7.8g/包*30包\n保质期：36个月', 0, 1, 1, 1, 1, 0, 0, NULL, 49, 80, 303, 52, 53, '&lt;p&gt;\n	wstmall 测试商品，请勿下单\n&lt;/p&gt;\n&lt;p&gt;\n	&lt;br /&gt;\n&lt;/p&gt;\n&lt;p&gt;\n	&lt;img src=&quot;/product/wstmall/Upload/image/20150527/20150527031023_22804.jpg&quot; alt=&quot;&quot; /&gt;\n&lt;/p&gt;', 0, 0, 0, 0, 1, NULL, 0, NULL, 1, NULL, '2015-05-27 11:10:28'),
(52, '3536', '52°泸州老窖醇香2A 500ml*4', 'Upload/goods/2015-05/55653991385af.jpg', 'Upload/goods/2015-05/55653991385af.jpg', NULL, 19, '342.00', '234.00', 435345, 0, 0, 0, 0, '箱', '4瓶为一箱', 0, 1, 1, 1, 1, 0, 0, NULL, 49, 78, 293, 54, 61, '&lt;p&gt;\n	&lt;span style=&quot;color:#666666;font-family:Arial, Helvetica, sans-serif, 宋体;font-size:12px;line-height:24px;background-color:#FFFFFF;&quot;&gt;根据新修订的《商标法》及国家工商总局最新文件要求，2014年5月1日之后不得将“驰名商标”字样用于商品宣传，wstmall依法对商品图片中含“驰名商标”字样做马赛克处理；同时，涉及厂家正在按照新规定逐步更换包装，在此期间，我们将对新旧包装货品随机发货，请以实际收到的货物为准。&lt;/span&gt; \n&lt;/p&gt;\n&lt;p&gt;\n	&lt;span style=&quot;color:#666666;font-family:Arial, Helvetica, sans-serif, 宋体;font-size:12px;line-height:24px;background-color:#FFFFFF;&quot;&gt;&lt;br /&gt;\n&lt;/span&gt; \n&lt;/p&gt;\n&lt;p&gt;\n	&lt;span style=&quot;color:#666666;font-family:Arial, Helvetica, sans-serif, 宋体;font-size:12px;line-height:24px;background-color:#FFFFFF;&quot;&gt;&lt;img src=&quot;/product/wstmall/Upload/image/20150527/20150527032840_33219.jpg&quot; alt=&quot;&quot; /&gt;&lt;br /&gt;\n&lt;/span&gt; \n&lt;/p&gt;', 0, 0, 0, 0, 1, NULL, 0, NULL, 1, NULL, '2015-05-27 11:28:43'),
(53, '4646456', '爱洛依丝酒类联盟 阿根廷原瓶进口红酒 维特红葡萄酒', 'Upload/goods/2015-05/55653e240b326.jpg', 'Upload/goods/2015-05/55653e240b326.jpg', NULL, 19, '123.00', '89.00', 345345, 0, 0, 0, 0, '瓶', '瓶', 0, 1, 1, 1, 1, 0, 0, NULL, 49, 78, 294, 55, 62, '&lt;p&gt;\n	wstmall测试商品，请勿下单\n&lt;/p&gt;\n&lt;p&gt;\n	&lt;br /&gt;\n&lt;/p&gt;\n&lt;p&gt;\n	&lt;img src=&quot;/product/wstmall/Upload/image/20150527/20150527034737_22137.jpg&quot; alt=&quot;&quot; /&gt;\n&lt;/p&gt;\n&lt;p&gt;\n	&lt;br /&gt;\n&lt;/p&gt;\n&lt;p&gt;\n	&lt;br /&gt;\n&lt;/p&gt;', 0, 0, 0, 0, 1, NULL, 0, NULL, 1, NULL, '2015-05-27 11:47:40');
INSERT INTO `wst_goods` (`goodsId`, `goodsSn`, `goodsName`, `goodsImg`, `goodsThums`, `brandId`, `shopId`, `marketPrice`, `shopPrice`, `goodsStock`, `saleCount`, `isBook`, `bookQuantity`, `warnStock`, `goodsUnit`, `goodsSpec`, `isSale`, `isBest`, `isHot`, `isRecomm`, `isNew`, `isAdminBest`, `isAdminRecom`, `recommDesc`, `goodsCatId1`, `goodsCatId2`, `goodsCatId3`, `shopCatId1`, `shopCatId2`, `goodsDesc`, `isShopRecomm`, `isIndexRecomm`, `isActivityRecomm`, `isInnerRecomm`, `goodsStatus`, `saleTime`, `attrCatId`, `goodsKeywords`, `goodsFlag`, `statusRemarks`, `createTime`) VALUES
(54, '342535', '张裕干红酿酒师系列巴狄多奇美乐红酒葡萄酒整箱', 'Upload/goods/2015-05/55653f2249b3d.jpg', 'Upload/goods/2015-05/55653f2249b3d.jpg', NULL, 19, '566.00', '366.00', 3453563, 0, 0, 0, 0, '箱', '6瓶一箱', 0, 1, 1, 1, 1, 1, 0, NULL, 49, 78, 294, 55, 64, '&lt;p&gt;\n	wstmall测试商品，请勿下单\n&lt;/p&gt;\n&lt;p&gt;\n	&lt;br /&gt;\n&lt;/p&gt;\n&lt;p&gt;\n	&lt;img src=&quot;/product/wstmall/Upload/image/20150527/20150527035247_51141.jpg&quot; alt=&quot;&quot; /&gt;\n&lt;/p&gt;', 0, 0, 0, 0, 1, NULL, 0, NULL, 1, NULL, '2015-05-27 11:52:49'),
(55, '345354', '拉菲传说波尔多AOC干红葡萄酒 瓶装红酒 法国原装', 'Upload/goods/2015-05/55653ff51c0a3.jpg', 'Upload/goods/2015-05/55653ff51c0a3.jpg', NULL, 19, '345.00', '234.00', 23425, 0, 0, 0, 0, '瓶', '', 0, 1, 1, 1, 1, 0, 0, NULL, 49, 78, 294, 55, 62, '&lt;p&gt;\n	wstmall测试商品 请勿下单\n&lt;/p&gt;\n&lt;p&gt;\n	&lt;br /&gt;\n&lt;/p&gt;\n&lt;p&gt;\n	&lt;img src=&quot;/product/wstmall/Upload/image/20150527/20150527035508_32510.jpg&quot; alt=&quot;&quot; /&gt;\n&lt;/p&gt;', 0, 0, 0, 0, 1, NULL, 0, NULL, 1, NULL, '2015-05-27 11:55:10'),
(56, '6846541', '长城葡萄酒 中粮长城黑标解百纳干红葡萄酒 长城解百', 'Upload/goods/2015-05/556540f9b9d83.jpg', 'Upload/goods/2015-05/556540f9b9d83.jpg', NULL, 19, '123.00', '89.00', 35325, 0, 0, 0, 0, '瓶', '储藏方法：避光卧放保质期：3650 天食品添加剂：焦亚硫酸钾品牌: Great Wall/长城系列: 长城黑标干红套装规格: 单支', 0, 1, 1, 1, 1, 1, 0, NULL, 49, 78, 294, 55, 64, '&lt;p&gt;\n	wstmall测试商品，请勿下单\n&lt;/p&gt;\n&lt;p&gt;\n	&lt;br /&gt;\n&lt;/p&gt;\n&lt;p&gt;\n	&lt;img src=&quot;/product/wstmall/Upload/image/20150527/20150527035956_53077.jpg&quot; alt=&quot;&quot; /&gt;\n&lt;/p&gt;', 0, 0, 0, 0, 1, NULL, 0, NULL, 1, NULL, '2015-05-27 12:00:08'),
(57, '345234', '长城葡萄酒 中粮长城特制宝石解百纳干红 750ml', 'Upload/goods/2015-05/55654198066e7.jpg', 'Upload/goods/2015-05/55654198066e7.jpg', NULL, 19, '455.00', '432.00', 23435, 0, 0, 0, 0, '瓶', '保质期：3650 天食品添加剂：焦亚硫酸钾品牌: Great Wall/长城系列: 长城特制宝石解百纳套装规格: 单支', 0, 1, 1, 1, 1, 1, 0, NULL, 49, 78, 294, 55, 64, '&lt;p&gt;\n	wstmall测试商品，请勿下单\n&lt;/p&gt;\n&lt;p&gt;\n	&lt;br /&gt;\n&lt;/p&gt;\n&lt;p&gt;\n	&lt;img src=&quot;/product/wstmall/Upload/image/20150527/20150527040229_68375.jpg&quot; alt=&quot;&quot; /&gt;\n&lt;/p&gt;', 0, 0, 0, 0, 1, NULL, 0, NULL, 1, NULL, '2015-05-27 12:02:44'),
(58, '684564', '长城干红葡萄酒 特酿三年解百纳红酒750ml*6支', 'Upload/goods/2015-05/556542738dc8f.jpg', 'Upload/goods/2015-05/556542738dc8f.jpg', NULL, 19, '566.00', '411.00', 85321, 0, 0, 0, 0, '箱', '储藏方法：避光、卧放保质期：3650 天食品添加剂：焦亚硫酸钾品牌: Great Wall/长城系列: 特酿3年解百纳干红套装规格: 整箱', 0, 1, 1, 1, 1, 0, 0, NULL, 49, 78, 294, 55, 64, '&lt;p&gt;\n	wstmall测试商品，请勿下单\n&lt;/p&gt;\n&lt;p&gt;\n	&lt;br /&gt;\n&lt;/p&gt;\n&lt;p&gt;\n	&lt;img src=&quot;/product/wstmall/Upload/image/20150527/20150527040604_98645.jpg&quot; alt=&quot;&quot; /&gt;\n&lt;/p&gt;', 0, 0, 0, 0, 1, NULL, 0, NULL, 1, NULL, '2015-05-27 12:06:06'),
(59, '354654', '正品拉菲红酒 法国原瓶进口拉菲珍藏波尔多干红葡萄酒', 'Upload/goods/2015-05/5565431b14689.jpg', 'Upload/goods/2015-05/5565431b14689.jpg', NULL, 19, '233.00', '133.00', 5345345, 0, 0, 0, 0, '箱', '2瓶一箱', 0, 1, 1, 1, 1, 1, 0, NULL, 49, 78, 294, 55, 62, '&lt;p&gt;\n	wstmall测试商品，请勿下单\n&lt;/p&gt;\n&lt;p&gt;\n	&lt;br /&gt;\n&lt;/p&gt;\n&lt;p&gt;\n	&lt;img src=&quot;/product/wstmall/Upload/image/20150527/20150527040848_71528.jpg&quot; alt=&quot;&quot; /&gt;\n&lt;/p&gt;', 0, 0, 0, 0, 1, NULL, 0, NULL, 1, NULL, '2015-05-27 12:08:50'),
(60, '234234', '楼兰蜜语新疆特产零食小吃大枣红枣和田枣500g玉枣', 'Upload/goods/2015-05/55656eaf4c368.jpg', 'Upload/goods/2015-05/55656eaf4c368.jpg', NULL, 22, '42.00', '38.00', 234224, 0, 0, 0, 0, '包', '500g', 0, 1, 1, 1, 1, 1, 0, NULL, 50, 219, 226, 76, 77, '&lt;p style=&quot;color:#3F3F3F;font-family:simsun;font-size:12px;background-color:#FFFFFF;&quot;&gt;\n	规格：500g/袋\n&lt;/p&gt;\n&lt;p style=&quot;color:#3F3F3F;font-family:simsun;font-size:12px;background-color:#FFFFFF;&quot;&gt;\n	产地：新疆维吾尔自治区和田地区&lt;img src=&quot;/product/wstmall/Upload/image/20150527/20150527071518_35812.jpg&quot; alt=&quot;&quot; /&gt;\n&lt;/p&gt;\n&lt;p style=&quot;color:#3F3F3F;font-family:simsun;font-size:12px;background-color:#FFFFFF;&quot;&gt;\n	功能：休闲零食&amp;nbsp;\n&lt;/p&gt;\n&lt;p style=&quot;color:#3F3F3F;font-family:simsun;font-size:12px;background-color:#FFFFFF;&quot;&gt;\n	食用方法：开袋即食\n&lt;/p&gt;\n&lt;p style=&quot;color:#3F3F3F;font-family:simsun;font-size:12px;background-color:#FFFFFF;&quot;&gt;\n	贮存方法：常温、密封保存\n&lt;/p&gt;\n&lt;p style=&quot;color:#3F3F3F;font-family:simsun;font-size:12px;background-color:#FFFFFF;&quot;&gt;\n	适用人群：老少、男女皆宜\n&lt;/p&gt;\n&lt;p style=&quot;color:#3F3F3F;font-family:simsun;font-size:12px;background-color:#FFFFFF;&quot;&gt;\n	&lt;br /&gt;\n&lt;/p&gt;\n&lt;p style=&quot;color:#3F3F3F;font-family:simsun;font-size:12px;background-color:#FFFFFF;&quot;&gt;\n	&lt;br /&gt;\n&lt;/p&gt;', 0, 0, 0, 0, 1, NULL, 0, NULL, 1, NULL, '2015-05-27 15:15:35'),
(61, '234234', '良品铺子 若羌灰枣415g 新疆一级正宗红枣 皮薄', 'Upload/goods/2015-05/556570158edfd.jpg', 'Upload/goods/2015-05/556570158edfd.jpg', NULL, 22, '35.00', '30.00', 345345, 0, 0, 0, 0, '包', '', 0, 1, 1, 1, 1, 0, 0, NULL, 50, 219, 226, 76, 77, '&lt;h1 style=&quot;font-size:16px;font-family:\'microsoft yahei\';background-color:#FFFFFF;&quot;&gt;\n	良品铺子 若羌灰枣415g 新疆一级正宗红枣 皮薄核小\n&lt;/h1&gt;\n&lt;p&gt;\n	&lt;br /&gt;\n&lt;/p&gt;\n&lt;p&gt;\n	&lt;img src=&quot;/product/wstmall/Upload/image/20150527/20150527072039_39624.jpg&quot; alt=&quot;&quot; /&gt;\n&lt;/p&gt;', 0, 0, 0, 0, 1, NULL, 0, NULL, 1, NULL, '2015-05-27 15:20:42'),
(62, '235345', '西域良品 若羌灰枣特级红枣500g 新疆枣子干', 'Upload/goods/2015-05/556570f099cf0.jpg', 'Upload/goods/2015-05/556570f099cf0.jpg', NULL, 22, '56.00', '50.00', 235345, 0, 0, 0, 0, '包', '', 0, 1, 1, 1, 1, 1, 0, NULL, 50, 219, 226, 76, 77, '&lt;h1 style=&quot;font-size:16px;font-family:\'microsoft yahei\';background-color:#FFFFFF;&quot;&gt;\n	&amp;nbsp;西域良品 若羌灰枣特级红枣500g 新疆枣子 干果零食\n&lt;/h1&gt;\n&lt;p&gt;\n	&lt;br /&gt;\n&lt;/p&gt;\n&lt;p&gt;\n	&lt;img src=&quot;/product/wstmall/Upload/image/20150527/20150527072501_44552.jpg&quot; alt=&quot;&quot; /&gt;\n&lt;/p&gt;', 0, 0, 0, 0, 1, NULL, 0, NULL, 1, NULL, '2015-05-27 15:25:04'),
(63, '34523', '双汇火腿肠Q趣孜然味火腿肠85g 特产零食品香肠', 'Upload/goods/2015-05/556572b570dcf.jpg', 'Upload/goods/2015-05/556572b570dcf.jpg', NULL, 22, '23.00', '18.00', 234252, 0, 0, 0, 0, '包', '规格：85g/支\n产地：河南\n保质期：90天', 0, 1, 1, 1, 1, 0, 0, NULL, 50, 223, 330, 75, 81, '&lt;h1 style=&quot;font-size:16px;font-family:\'microsoft yahei\';background-color:#FFFFFF;&quot;&gt;\n	双汇火腿肠Q趣孜然味火腿肠85g 特产零食品香肠 小吃\n&lt;/h1&gt;\n&lt;p&gt;\n	&lt;br /&gt;\n&lt;/p&gt;\n&lt;p&gt;\n	&lt;img src=&quot;/product/wstmall/Upload/image/20150527/20150527073159_54890.jpg&quot; alt=&quot;&quot; /&gt;\n&lt;/p&gt;', 0, 0, 0, 0, 1, NULL, 0, NULL, 1, NULL, '2015-05-27 15:32:05'),
(64, '234234', '双汇火腿肠王中王骨香风味30g*9支肉类零食香肠小', 'Upload/goods/2015-05/55657483bf521.jpg', 'Upload/goods/2015-05/55657483bf521.jpg', NULL, 22, '23.00', '21.00', 234234, 0, 0, 0, 0, '袋', '规格：30g*9支/袋', 0, 1, 1, 1, 1, 1, 0, NULL, 50, 223, 330, 75, 81, '&lt;p style=&quot;color:#404040;font-family:tahoma, arial, 宋体, sans-serif;font-size:14px;background-color:#FFFFFF;&quot;&gt;\n	规格：30g*9支/袋\n&lt;/p&gt;\n&lt;p style=&quot;color:#404040;font-family:tahoma, arial, 宋体, sans-serif;font-size:14px;background-color:#FFFFFF;&quot;&gt;\n	产地：中国大陆\n&lt;/p&gt;\n&lt;p style=&quot;color:#404040;font-family:tahoma, arial, 宋体, sans-serif;font-size:14px;background-color:#FFFFFF;&quot;&gt;\n	保质期：180天\n&lt;/p&gt;\n&lt;p style=&quot;color:#404040;font-family:tahoma, arial, 宋体, sans-serif;font-size:14px;background-color:#FFFFFF;&quot;&gt;\n	新老包装随机发货\n&lt;/p&gt;\n&lt;p style=&quot;color:#404040;font-family:tahoma, arial, 宋体, sans-serif;font-size:14px;background-color:#FFFFFF;&quot;&gt;\n	&lt;br /&gt;\n&lt;/p&gt;\n&lt;p style=&quot;color:#404040;font-family:tahoma, arial, 宋体, sans-serif;font-size:14px;background-color:#FFFFFF;&quot;&gt;\n	&lt;img src=&quot;/product/wstmall/Upload/image/20150527/20150527073942_46153.png&quot; alt=&quot;&quot; /&gt;\n&lt;/p&gt;', 0, 0, 0, 0, 1, NULL, 0, NULL, 1, NULL, '2015-05-27 15:39:58'),
(65, '34535', '统一100 红烧牛肉面 103g*5包/袋 方便面', 'Upload/goods/2015-05/5565762b886fa.jpg', 'Upload/goods/2015-05/5565762b886fa.jpg', NULL, 22, '31.00', '23.00', 2345235, 0, 0, 0, 0, '包', '', 0, 1, 1, 1, 1, 1, 0, NULL, 50, 223, 232, 75, 81, '&lt;p&gt;\n	wstmall测试商品，请勿下单\n&lt;/p&gt;\n&lt;p&gt;\n	&lt;br /&gt;\n&lt;/p&gt;\n&lt;p&gt;\n	&lt;img src=&quot;/product/wstmall/Upload/image/20150527/20150527074756_24930.jpg&quot; alt=&quot;&quot; /&gt;\n&lt;/p&gt;', 0, 0, 0, 0, 1, NULL, 0, NULL, 1, NULL, '2015-05-27 15:47:59'),
(66, '324234', '新加坡进口方便面 KOKA原味干捞快熟面85g*5', 'Upload/goods/2015-05/5565771503f78.jpg', 'Upload/goods/2015-05/5565771503f78.jpg', NULL, 22, '34.00', '23.00', 234234, 0, 0, 0, 0, '85g/袋*5小包', '规格：85g/袋*5小包\n\n产地：新加坡\n\n保质期：365天', 0, 1, 1, 1, 1, 1, 0, NULL, 50, 223, 232, 75, 82, '&lt;p&gt;\n	85g/袋*5小包\n&lt;/p&gt;\n&lt;p&gt;\n	&lt;br /&gt;\n&lt;/p&gt;\n&lt;p&gt;\n	&lt;img src=&quot;/product/wstmall/Upload/image/20150527/20150527075122_11947.png&quot; alt=&quot;&quot; /&gt;\n&lt;/p&gt;', 0, 0, 0, 0, 1, NULL, 0, NULL, 1, NULL, '2015-05-27 15:51:24'),
(67, '2323423', '新加坡进口方便面 KOKA可口辣味星洲面85g*5', 'Upload/goods/2015-05/556579f34fbf9.jpg', 'Upload/goods/2015-05/556579f34fbf9.jpg', NULL, 22, '52.00', '45.00', 5622455, 0, 0, 0, 0, '包', '规格：85g/袋*5小包\n产地：新加坡\n保质期：365天', 0, 1, 1, 1, 1, 1, 0, NULL, 50, 223, 232, 75, 82, '&lt;table border=&quot;0&quot; cellpadding=&quot;0&quot; cellspacing=&quot;0&quot; width=&quot;750&quot; style=&quot;margin:0px;padding:0px;border-collapse:separate;color:#404040;font-family:tahoma, arial, 宋体, sans-serif;font-size:14px;background-color:#FFFFFF;&quot; class=&quot;ke-zeroborder&quot;&gt;\n	&lt;tbody&gt;\n		&lt;tr&gt;\n			&lt;td&gt;\n				&lt;p&gt;\n					规格：85g/袋*5小包\n				&lt;/p&gt;\n				&lt;p&gt;\n					产地：新加坡\n				&lt;/p&gt;\n				&lt;p&gt;\n					保质期：365天\n				&lt;/p&gt;\n				&lt;p&gt;\n					&amp;nbsp;&lt;img src=&quot;/product/wstmall/Upload/image/20150527/20150527080310_10271.jpg&quot; alt=&quot;&quot; /&gt;\n				&lt;/p&gt;\n			&lt;/td&gt;\n		&lt;/tr&gt;\n	&lt;/tbody&gt;\n&lt;/table&gt;', 0, 0, 0, 0, 1, NULL, 0, NULL, 1, NULL, '2015-05-27 16:03:12'),
(68, '5465463', '幸运谷 团圆礼盒B款 干货礼盒 大枣 桂圆 核桃', 'Upload/goods/2015-05/55657baeb432b.jpg', 'Upload/goods/2015-05/55657baeb432b.jpg', NULL, 22, '234.00', '123.00', 124234, 0, 0, 0, 0, '盒', '食品保质期：12个月种类：桂圆国家：中国大陆进口/国产：国产净重(g)：2500', 0, 1, 1, 1, 1, 0, 0, NULL, 50, 219, 228, 76, 78, '&lt;p&gt;\n	食品保质期：12个月种类：桂圆国家：中国大陆进口/国产：国产净重(g)：2500\n&lt;/p&gt;\n&lt;p&gt;\n	&lt;br /&gt;\n&lt;/p&gt;\n&lt;p&gt;\n	&lt;img src=&quot;/product/wstmall/Upload/image/20150527/20150527081053_15009.jpg&quot; alt=&quot;&quot; /&gt;\n&lt;/p&gt;', 0, 0, 0, 0, 1, NULL, 0, NULL, 1, NULL, '2015-05-27 16:10:59'),
(69, '2342', '闽龙达 大三元桂圆 500g/袋', 'Upload/goods/2015-05/556589e1c8fec.jpg', 'Upload/goods/2015-05/556589e1c8fec.jpg', NULL, 22, '45.00', '25.00', 5896221, 0, 0, 0, 0, '包', '规格参数\n食品保质期：365种类：桂圆国家：中国大陆进口/国产：国产净重(g)：500包装方式：袋装', 0, 1, 1, 1, 1, 1, 0, NULL, 50, 219, 225, 76, 79, '规格参数\n食品保质期：365种类：桂圆国家：中国大陆进口/国产：国产净重(g)：500包装方式：袋装', 0, 0, 0, 0, 1, NULL, 0, NULL, 1, NULL, '2015-05-27 17:11:39'),
(70, '535345', '豪雄 福建桂圆肉 350g/袋', 'Upload/goods/2015-05/55658aa5c47cf.jpg', 'Upload/goods/2015-05/55658aa5c47cf.jpg', NULL, 22, '23.00', '21.00', 123213123, 0, 0, 0, 0, '包', '食品保质期：270种类：桂圆肉国家：中国大陆进口/国产：国产净重(g)：350', 0, 1, 1, 1, 1, 0, 0, NULL, 50, 219, 225, 76, 79, '&lt;p&gt;\n	食品保质期：270种类：桂圆肉国家：中国大陆进口/国产：国产净重(g)：350\n&lt;/p&gt;\n&lt;p&gt;\n	&lt;br /&gt;\n&lt;/p&gt;\n&lt;p&gt;\n	&lt;img src=&quot;/product/wstmall/Upload/image/20150527/20150527091402_35631.jpg&quot; alt=&quot;&quot; /&gt;\n&lt;/p&gt;', 0, 0, 0, 0, 1, NULL, 0, NULL, 1, NULL, '2015-05-27 17:14:04'),
(71, '23425235', '山珍礼盒 744g 黑木耳 香菇 银耳 猴头菇', 'Upload/goods/2015-05/55658bbe19e29.jpg', 'Upload/goods/2015-05/55658bbe19e29.jpg', NULL, 22, '34.00', '23.00', 42335, 0, 0, 0, 0, '盒', '食品保质期：12个月种类：猴头菇国家：中国大陆进口/国产：国产净重(g)：744包装方式：礼盒', 0, 1, 1, 1, 1, 1, 0, NULL, 50, 219, 225, 76, 79, '食品保质期：12个月种类：猴头菇国家：中国大陆进口/国产：国产净重(g)：744包装方式：礼盒', 0, 0, 0, 0, 1, NULL, 0, NULL, 1, NULL, '2015-05-27 17:18:48'),
(72, '234324', '百瑞源 宁夏枸杞500g', 'Upload/goods/2015-05/55658c7c032e7.jpg', 'Upload/goods/2015-05/55658c7c032e7.jpg', NULL, 22, '96.00', '52.00', 958658, 0, 0, 0, 0, '包', '净重(g)：500是否为有机食品：非有机国别：中国大陆食品保质期：365', 0, 1, 1, 1, 1, 1, 0, NULL, 50, 219, 224, 76, 79, '&lt;p&gt;\n	净重(g)：500是否为有机食品：非有机国别：中国大陆食品保质期：365\n&lt;/p&gt;\n&lt;p&gt;\n	&lt;br /&gt;\n&lt;/p&gt;\n&lt;p&gt;\n	&lt;img src=&quot;/product/wstmall/Upload/image/20150527/20150527092158_60276.jpg&quot; alt=&quot;&quot; /&gt;\n&lt;/p&gt;', 0, 0, 0, 0, 1, NULL, 0, NULL, 1, NULL, '2015-05-27 17:22:03'),
(73, '2347923', '韩束红石榴化妆品套装 春夏补水保湿控油爽肤水乳液美', 'Upload/goods/2015-05/5565bff6050d5.jpg', 'Upload/goods/2015-05/5565bff6050d5.jpg', NULL, 26, '235.00', '200.00', 23492384, 0, 0, 0, 0, '套', '上市时间: 2009年颜色分类: 基础护肤套组 眼部护肤套组 夏季护肤套组 红石榴六件套(滋润)功效: 补水 保湿 控油 收缩毛孔 抗氧化 滋润 清洁毛孔规格类型: 正常规格品牌: Kans/韩束面部护理套装: 红石榴完美套装适合肤质: 任何肤质产地: 中国保质期: 5年', 0, 1, 1, 1, 1, 1, 0, NULL, 51, 167, 331, 88, 96, '&lt;p&gt;\n	wstmall测试商品，请勿下单\n&lt;/p&gt;\n&lt;p&gt;\n	&amp;nbsp;\n&lt;/p&gt;\n&lt;p&gt;\n	&lt;img alt=&quot;&quot; src=&quot;/product/wstmall/Upload/image/20150527/20150527130705_15748.gif&quot; /&gt;\n&lt;/p&gt;', 0, 0, 0, 0, 1, NULL, 0, NULL, 1, NULL, '2015-05-27 21:07:13'),
(74, '23748927', '墨菊化妆品套装五件套 爽肤水乳液春夏补水保湿护肤化', 'Upload/goods/2015-05/5565c3ab246ef.png', 'Upload/goods/2015-05/5565c3ab246ef.png', NULL, 26, '245.00', '210.00', 234923, 0, 0, 0, 0, '套', '', 0, 1, 1, 1, 1, 0, 0, NULL, 51, 167, 331, 88, 97, '&lt;p&gt;\n	wstmall测试商品，请勿下单\n&lt;/p&gt;\n&lt;p&gt;\n	&amp;nbsp;\n&lt;/p&gt;\n&lt;p&gt;\n	&lt;img alt=&quot;&quot; src=&quot;/product/wstmall/Upload/image/20150527/20150527131731_26353.jpg&quot; /&gt;\n&lt;/p&gt;', 0, 0, 0, 0, 1, NULL, 0, NULL, 1, NULL, '2015-05-27 21:17:34'),
(75, '234324', '红石榴化妆品套装 夏季补水保湿控油爽肤水乳液士护肤', 'Upload/goods/2015-05/5565c4634bb60.jpg', 'Upload/goods/2015-05/5565c4634bb60.jpg', NULL, 26, '345.00', '324.00', 2132424, 0, 0, 0, 0, '套', '', 0, 1, 1, 1, 1, 1, 0, NULL, 51, 167, 331, 88, 96, '&lt;p&gt;\n	wstmall测试商品，请勿下单\n&lt;/p&gt;\n&lt;p&gt;\n	&amp;nbsp;\n&lt;/p&gt;\n&lt;p&gt;\n	&lt;img alt=&quot;&quot; src=&quot;/product/wstmall/Upload/image/20150527/20150527132014_53275.gif&quot; /&gt;\n&lt;/p&gt;', 0, 0, 0, 0, 1, NULL, 0, NULL, 1, NULL, '2015-05-27 21:20:42'),
(76, '3324', '植美村bb霜化妆品套装正品玫瑰白皙去黄深层补水保湿', 'Upload/goods/2015-05/5565c52fbcdce.jpg', 'Upload/goods/2015-05/5565c52fbcdce.jpg', NULL, 26, '322.00', '233.00', 32423535, 0, 0, 0, 0, '套', '', 0, 1, 1, 1, 1, 1, 0, NULL, 51, 167, 331, 88, 96, '&lt;p&gt;\n	wstmall测试商品，请勿下单\n&lt;/p&gt;\n&lt;p&gt;\n	&amp;nbsp;\n&lt;/p&gt;\n&lt;p&gt;\n	&lt;img alt=&quot;&quot; src=&quot;/product/wstmall/Upload/image/20150527/20150527132335_39204.jpg&quot; /&gt;\n&lt;/p&gt;', 0, 0, 0, 0, 1, NULL, 0, NULL, 1, NULL, '2015-05-27 21:23:50'),
(77, '2342432', '韩后化妆品套装正品雪玲珑套装美白祛黄补水保湿面部', 'Upload/goods/2015-05/5565c5f6e2fa2.jpg', 'Upload/goods/2015-05/5565c5f6e2fa2.jpg', NULL, 26, '300.00', '278.00', 232432, 0, 0, 0, 0, '套', '', 0, 1, 1, 1, 1, 1, 0, NULL, 51, 167, 331, 88, 96, '&lt;p&gt;\n	wstmall测试商品，请勿下单\n&lt;/p&gt;\n&lt;p&gt;\n	&amp;nbsp;\n&lt;/p&gt;\n&lt;p&gt;\n	&lt;img alt=&quot;&quot; src=&quot;/product/wstmall/Upload/image/20150527/20150527132749_77810.jpg&quot; /&gt;\n&lt;/p&gt;', 0, 0, 0, 0, 1, NULL, 0, NULL, 1, NULL, '2015-05-27 21:28:01'),
(78, '3534534', '瑾泉化妆品正品套装护肤品套装女新活净白补水保湿白皙', 'Upload/goods/2015-05/5565c70e138da.jpg', 'Upload/goods/2015-05/5565c70e138da.jpg', NULL, 26, '456.00', '345.00', 2147483647, 0, 0, 0, 0, '套', '', 0, 1, 1, 1, 1, 0, 0, NULL, 51, 167, 331, 88, 96, '&lt;p&gt;\n	wstmall测试商品， 请勿下单\n&lt;/p&gt;\n&lt;p&gt;\n	&amp;nbsp;\n&lt;/p&gt;\n&lt;p&gt;\n	&lt;img alt=&quot;&quot; src=&quot;/product/wstmall/Upload/image/20150527/20150527133149_74789.jpg&quot; /&gt;\n&lt;/p&gt;', 0, 0, 0, 0, 1, NULL, 0, NULL, 1, NULL, '2015-05-27 21:31:52'),
(79, '398473294', '美肤宝自然白套装化妆品护肤女士国货正品美白补水防晒', 'Upload/goods/2015-05/5565c7d90b5a5.jpg', 'Upload/goods/2015-05/5565c7d90b5a5.jpg', NULL, 26, '378.00', '299.00', 293482384, 0, 0, 0, 0, '套', '', 0, 1, 1, 1, 1, 0, 0, NULL, 51, 167, 331, 88, 96, '&lt;p&gt;\n	wstmall测试商品，请勿下单\n&lt;/p&gt;\n&lt;p&gt;\n	&amp;nbsp;\n&lt;/p&gt;\n&lt;p&gt;\n	&lt;img alt=&quot;&quot; src=&quot;/product/wstmall/Upload/image/20150527/20150527133456_45282.jpg&quot; /&gt;\n&lt;/p&gt;', 0, 0, 0, 0, 1, NULL, 0, NULL, 1, NULL, '2015-05-27 21:35:12'),
(80, '2374932', '兰可欣红石榴女士化妆品护肤套装 美白补水提亮保湿', 'Upload/goods/2015-05/5565c8a4ebde6.jpg', 'Upload/goods/2015-05/5565c8a4ebde6.jpg', NULL, 26, '234.00', '211.00', 324345, 0, 0, 0, 0, '套', '', 0, 1, 1, 1, 1, 1, 0, NULL, 51, 167, 331, 88, 96, '&lt;p&gt;\n	wstmall测试商品 请勿下单\n&lt;/p&gt;\n&lt;p&gt;\n	&amp;nbsp;\n&lt;/p&gt;\n&lt;p&gt;\n	&lt;img alt=&quot;&quot; src=&quot;/product/wstmall/Upload/image/20150527/20150527133901_25801.jpg&quot; /&gt;\n&lt;/p&gt;', 0, 0, 0, 0, 1, NULL, 0, NULL, 1, NULL, '2015-05-27 21:39:04'),
(81, '2384792', '丝蓓绮洗护套装奢耀柔艳洗发水护发素套装 补水资生堂', 'Upload/goods/2015-05/5565cbbebc44f.jpg', 'Upload/goods/2015-05/5565cbbebc44f.jpg', NULL, 26, '134.00', '119.00', 124234, 0, 0, 0, 0, '套', '', 0, 1, 1, 1, 1, 1, 0, NULL, 51, 164, 184, 90, 93, '&lt;p&gt;\n	沐浴套装，请勿下单\n&lt;/p&gt;\n&lt;p&gt;\n	&amp;nbsp;\n&lt;/p&gt;\n&lt;p&gt;\n	&lt;img alt=&quot;&quot; src=&quot;/product/wstmall/Upload/image/20150527/20150527135155_68823.jpg&quot; /&gt;\n&lt;/p&gt;', 0, 0, 0, 0, 1, NULL, 0, NULL, 1, NULL, '2015-05-27 21:52:38'),
(82, '237498', 'COCO沐浴露洗发水护发素身体乳套装全身美白补水润', 'Upload/goods/2015-05/5565cca839a3b.jpg', 'Upload/goods/2015-05/5565cca839a3b.jpg', NULL, 26, '234.00', '213.00', 2423423, 0, 0, 0, 0, '套', '', 0, 1, 1, 1, 1, 0, 0, NULL, 51, 164, 184, 90, 93, '&lt;p&gt;\n	&amp;nbsp;\n&lt;/p&gt;\n&lt;p&gt;\n	wstmall测试商品，请勿下单\n&lt;/p&gt;\n&lt;p&gt;\n	&amp;nbsp;\n&lt;/p&gt;\n&lt;p&gt;\n	&lt;img alt=&quot;&quot; src=&quot;/product/wstmall/Upload/image/20150527/20150527135542_95827.jpg&quot; /&gt;\n&lt;/p&gt;', 0, 0, 0, 0, 1, NULL, 0, NULL, 1, NULL, '2015-05-27 21:56:01'),
(83, '77979', '霸王女士防脱洗发水套装1200ml 防脱发掉发断发', 'Upload/goods/2015-05/5565ce1f1eb14.jpg', 'Upload/goods/2015-05/5565ce1f1eb14.jpg', NULL, 26, '134.00', '112.00', 4324234, 0, 0, 0, 0, '套', '', 0, 1, 1, 1, 1, 0, 0, NULL, 51, 164, 184, 90, 93, '&lt;p&gt;\n	&lt;strong&gt;&lt;span style=&quot;font-size:24px;&quot;&gt;wstmall测试商品&lt;/span&gt;&lt;/strong&gt;\n&lt;/p&gt;\n&lt;p&gt;\n	&lt;img alt=&quot;&quot; src=&quot;/product/wstmall/Upload/image/20150527/20150527140233_51127.jpg&quot; /&gt;\n&lt;/p&gt;\n&lt;p&gt;\n	&amp;nbsp;\n&lt;/p&gt;', 0, 0, 0, 0, 1, NULL, 0, NULL, 1, NULL, '2015-05-27 22:03:05'),
(84, '3522234', '韩国进口ks爱敬kerasys东洋顺滑洗发水护发素', 'Upload/goods/2015-05/5565cf60af461.jpg', 'Upload/goods/2015-05/5565cf60af461.jpg', NULL, 26, '324.00', '234.00', 0, 0, 0, 0, 0, '套', '', 0, 1, 1, 1, 1, 0, 0, NULL, 51, 164, 184, 90, 93, '&lt;h3&gt;\n	wstmall测试商品，请勿下单\n&lt;/h3&gt;\n&lt;p&gt;\n	&lt;img alt=&quot;&quot; src=&quot;/product/wstmall/Upload/image/20150527/20150527140726_62830.jpg&quot; /&gt;\n&lt;/p&gt;', 0, 0, 0, 0, 1, NULL, 0, NULL, 1, NULL, '2015-05-27 22:08:28'),
(85, '35345', '洗发水护发素套装 正品 优妮 深层修复滋养洗发露', 'Upload/goods/2015-05/5565d037c631b.jpg', 'Upload/goods/2015-05/5565d037c631b.jpg', NULL, 26, '50.00', '45.00', 2344, 0, 0, 0, 0, '套', '', 0, 1, 1, 1, 1, 0, 0, NULL, 51, 164, 184, 90, 93, '&lt;p&gt;\n	wstmall测试商品，请勿下单\n&lt;/p&gt;\n&lt;p&gt;\n	&amp;nbsp;\n&lt;/p&gt;\n&lt;p&gt;\n	&lt;img alt=&quot;&quot; src=&quot;/product/wstmall/Upload/image/20150527/20150527141208_30165.jpg&quot; /&gt;\n&lt;/p&gt;', 0, 0, 0, 0, 1, NULL, 0, NULL, 1, NULL, '2015-05-27 22:12:15'),
(86, '234324', '洗发水护发素套装 深层修复原装正品共3瓶增250m', 'Upload/goods/2015-05/5565d106dc0ae.jpg', 'Upload/goods/2015-05/5565d106dc0ae.jpg', NULL, 26, '345.00', '245.00', 6878689, 0, 0, 0, 0, '套', '', 0, 1, 1, 1, 1, 1, 0, NULL, 51, 164, 184, 90, 93, '&lt;p&gt;\n	&lt;span style=&quot;font-size:18px;&quot;&gt;wstmall洗浴套装，商品测试&lt;/span&gt;\n&lt;/p&gt;\n&lt;p&gt;\n	&lt;img alt=&quot;&quot; src=&quot;/product/wstmall/Upload/image/20150527/20150527141417_73978.jpg&quot; /&gt;\n&lt;/p&gt;\n&lt;p&gt;\n	&amp;nbsp;\n&lt;/p&gt;', 0, 0, 0, 0, 1, NULL, 0, NULL, 1, NULL, '2015-05-27 22:14:41'),
(87, '233454', '正品拉芳COCO香水洗发水+护发素+沐浴露 洗护套', 'Upload/goods/2015-05/5565d1e7a5082.jpg', 'Upload/goods/2015-05/5565d1e7a5082.jpg', NULL, 26, '87.00', '78.00', 324325, 0, 0, 0, 0, '套', '', 0, 1, 1, 1, 1, 0, 0, NULL, 51, 164, 184, 90, 93, '&lt;ul id=&quot;J_AttrUL&quot; style=&quot;color:#404040;text-indent:0px;background-color:#FFFFFF;&quot;&gt;\n	&lt;li style=&quot;color:#666666;vertical-align:top;&quot;&gt;\n		功效:&amp;nbsp;柔软顺滑&amp;nbsp;去屑止痒&amp;nbsp;深层修复&amp;nbsp;深度清洁&amp;nbsp;滋润营养&amp;nbsp;脆弱开叉护理&amp;nbsp;丰盈蓬松&amp;nbsp;改善毛躁&amp;nbsp;改善头痒&amp;nbsp;强韧防断发&amp;nbsp;控油&amp;nbsp;头皮舒缓&amp;nbsp;滋润&amp;nbsp;补水\n	&lt;/li&gt;\n	&lt;li id=&quot;J_attrBrandName&quot; style=&quot;color:#666666;vertical-align:top;&quot;&gt;\n		品牌:&amp;nbsp;拉芳\n	&lt;/li&gt;\n	&lt;li style=&quot;color:#666666;vertical-align:top;&quot;&gt;\n		型号:&amp;nbsp;COCO香氛洗发水护发素沐浴露套装\n	&lt;/li&gt;\n	&lt;li style=&quot;color:#666666;vertical-align:top;&quot;&gt;\n		是否量贩装:&amp;nbsp;是\n	&lt;/li&gt;\n	&lt;li style=&quot;color:#666666;vertical-align:top;&quot;&gt;\n		净含量:&amp;nbsp;其他\n	&lt;/li&gt;\n	&lt;li style=&quot;color:#666666;vertical-align:top;&quot;&gt;\n		适用对象:&amp;nbsp;通用\n	&lt;/li&gt;\n	&lt;li style=&quot;color:#666666;vertical-align:top;&quot;&gt;\n		规格类型:&amp;nbsp;套装\n	&lt;/li&gt;\n	&lt;li style=&quot;color:#666666;vertical-align:top;&quot;&gt;\n		件数:&amp;nbsp;3件\n	&lt;/li&gt;\n	&lt;li style=&quot;color:#666666;vertical-align:top;&quot;&gt;\n		保质期:&amp;nbsp;3年\n	&lt;/li&gt;\n	&lt;li style=&quot;color:#666666;vertical-align:top;&quot;&gt;\n		产地:&amp;nbsp;中国大陆\n	&lt;/li&gt;\n	&lt;li style=&quot;color:#666666;vertical-align:top;&quot;&gt;\n		适用发质:&amp;nbsp;所有发质\n	&lt;/li&gt;\n	&lt;li style=&quot;color:#666666;vertical-align:top;&quot;&gt;\n		是否进口:&amp;nbsp;国产\n	&lt;/li&gt;\n	&lt;li style=&quot;color:#666666;vertical-align:top;&quot;&gt;\n	&lt;/li&gt;\n&lt;/ul&gt;\n&lt;ul style=&quot;color:#404040;text-indent:0px;background-color:#FFFFFF;&quot;&gt;\n&lt;/ul&gt;\n&lt;ul style=&quot;color:#404040;text-indent:0px;background-color:#FFFFFF;&quot;&gt;\n&lt;/ul&gt;', 0, 0, 0, 0, 1, NULL, 0, NULL, 1, NULL, '2015-05-27 22:18:14'),
(88, '87687', '资生堂日本原装进口丝蓓绮奢华光艳洗发水220ml*', 'Upload/goods/2015-05/5565d2a7b6145.jpg', 'Upload/goods/2015-05/5565d2a7b6145.jpg', NULL, 26, '89.00', '76.00', 569008, 0, 0, 0, 0, '套', '', 0, 1, 1, 1, 1, 1, 0, NULL, 51, 164, 184, 90, 93, '&lt;p&gt;\n	&amp;nbsp;\n&lt;/p&gt;\n&lt;p&gt;\n	&lt;span style=&quot;font-size:18px;&quot;&gt;wstmall测试商品，请勿下单&lt;/span&gt;\n&lt;/p&gt;\n&lt;p&gt;\n	&lt;img alt=&quot;&quot; src=&quot;/product/wstmall/Upload/image/20150527/20150527142118_69570.jpg&quot; /&gt;\n&lt;/p&gt;', 0, 0, 0, 0, 1, NULL, 0, NULL, 1, NULL, '2015-05-27 22:21:34'),
(89, '32253', '风味猪肉脯自然片200g 靖江特产 休闲零食', 'Upload/goods/2015-05/5565e0d8e9641.jpg', 'Upload/goods/2015-05/5565e0d8e9641.jpg', NULL, 30, '34.00', '23.00', 34235345, 0, 0, 0, 0, '包', '200克每包', 0, 1, 0, 1, 1, 1, 0, NULL, 52, 190, 205, 98, 106, '&lt;p&gt;\n	wstmall测试商品，请勿下单\n&lt;/p&gt;\n&lt;p&gt;\n	&amp;nbsp;\n&lt;/p&gt;\n&lt;p&gt;\n	&lt;img alt=&quot;&quot; src=&quot;/product/wstmall/Upload/image/20150527/20150527152216_79172.jpg&quot; /&gt;\n&lt;/p&gt;', 0, 0, 0, 0, 1, NULL, 0, NULL, 1, NULL, '2015-05-27 23:22:19'),
(90, '3579284', '百草味 白芝麻猪肉脯180g 靖江特产零食独立小包', 'Upload/goods/2015-05/5565e20c175b5.jpg', 'Upload/goods/2015-05/5565e20c175b5.jpg', NULL, 30, '34.00', '25.00', 243424, 0, 0, 0, 0, '包', '', 0, 1, 1, 1, 1, 1, 0, NULL, 52, 190, 205, 98, 106, '&lt;p&gt;\n	&lt;em&gt;&lt;span style=&quot;font-size:16px;&quot;&gt;wstmall测试商品，请勿下单&lt;/span&gt;&lt;/em&gt;\n&lt;/p&gt;\n&lt;p&gt;\n	&lt;em&gt;&lt;span style=&quot;font-size:16px;&quot;&gt;&lt;/span&gt;&lt;/em&gt;&amp;nbsp;\n&lt;/p&gt;\n&lt;p&gt;\n	&lt;em&gt;&lt;span style=&quot;font-size:16px;&quot;&gt;&lt;img alt=&quot;&quot; src=&quot;/product/wstmall/Upload/image/20150527/20150527152716_33571.jpg&quot; /&gt;&lt;/span&gt;&lt;/em&gt;\n&lt;/p&gt;\n&lt;p&gt;\n	&lt;em&gt;&lt;/em&gt;&amp;nbsp;\n&lt;/p&gt;\n&lt;p&gt;\n	&lt;em&gt;&lt;/em&gt;&amp;nbsp;\n&lt;/p&gt;', 0, 0, 0, 0, 1, NULL, 0, NULL, 1, NULL, '2015-05-27 23:27:18'),
(91, '354', '良品铺子 麻辣灯影牛肉丝250g重庆特产休闲零食', 'Upload/goods/2015-05/5565e2eca30d7.jpg', 'Upload/goods/2015-05/5565e2eca30d7.jpg', NULL, 30, '34.00', '24.00', 2435354, 0, 0, 0, 0, '包', '', 0, 1, 1, 1, 1, 1, 0, NULL, 52, 190, 205, 98, 106, '&lt;p&gt;\n	&lt;strong&gt;&lt;span style=&quot;font-size:18px;&quot;&gt;wstmall测试商品&lt;/span&gt;&lt;/strong&gt;\n&lt;/p&gt;\n&lt;p&gt;\n	&amp;nbsp;\n&lt;/p&gt;\n&lt;p&gt;\n	&lt;img alt=&quot;&quot; src=&quot;/product/wstmall/Upload/image/20150527/20150527153117_59023.jpg&quot; /&gt;\n&lt;/p&gt;', 0, 0, 0, 0, 1, NULL, 0, NULL, 1, NULL, '2015-05-27 23:31:28'),
(92, '354', '良品铺子 麻辣灯影牛肉丝250g重庆特产休闲零食', 'Upload/goods/2015-05/5565e2eca30d7.jpg', 'Upload/goods/2015-05/5565e2eca30d7.jpg', NULL, 30, '34.00', '24.00', 2435354, 0, 0, 0, 0, '包', '', 0, 1, 1, 1, 1, 0, 0, NULL, 52, 190, 205, 98, 106, '&lt;p&gt;\n	&lt;strong&gt;&lt;span style=&quot;font-size:18px;&quot;&gt;wstmall测试商品&lt;/span&gt;&lt;/strong&gt;\n&lt;/p&gt;\n&lt;p&gt;\n	&amp;nbsp;\n&lt;/p&gt;\n&lt;p&gt;\n	&lt;img alt=&quot;&quot; src=&quot;/product/wstmall/Upload/image/20150527/20150527153117_59023.jpg&quot; /&gt;\n&lt;/p&gt;', 0, 0, 0, 0, 1, NULL, 0, NULL, 1, NULL, '2015-05-27 23:31:32'),
(93, '354', '良品铺子 麻辣灯影牛肉丝250g重庆特产休闲零食', 'Upload/goods/2015-05/5565e2eca30d7.jpg', 'Upload/goods/2015-05/5565e2eca30d7.jpg', NULL, 30, '34.00', '24.00', 2435354, 0, 0, 0, 0, '包', '', 0, 1, 1, 1, 1, 1, 0, NULL, 52, 190, 205, 98, 106, '&lt;p&gt;\n	&lt;strong&gt;&lt;span style=&quot;font-size:18px;&quot;&gt;wstmall测试商品&lt;/span&gt;&lt;/strong&gt;\n&lt;/p&gt;\n&lt;p&gt;\n	&amp;nbsp;\n&lt;/p&gt;\n&lt;p&gt;\n	&lt;img alt=&quot;&quot; src=&quot;/product/wstmall/Upload/image/20150527/20150527153117_59023.jpg&quot; /&gt;\n&lt;/p&gt;', 0, 0, 0, 0, 1, NULL, 0, NULL, 1, NULL, '2015-05-27 23:31:34'),
(94, '86788', '姚太太 香辣鸭脖子200g 独立小包装卤味熟食鸭肉', 'Upload/goods/2015-05/5565e478a8ab7.jpg', 'Upload/goods/2015-05/5565e478a8ab7.jpg', 0, 30, '89.00', '67.00', 3424, 0, 0, 0, 0, '78', '', 0, 1, 1, 1, 1, 1, 0, NULL, 52, 190, 208, 98, 106, '&lt;p&gt;\n	&lt;strong&gt;&lt;span style=&quot;font-size:18px;&quot;&gt;wstmall测试商品&lt;/span&gt;&lt;/strong&gt;\n&lt;/p&gt;\n&lt;p&gt;\n	&amp;nbsp;\n&lt;/p&gt;\n&lt;p&gt;\n	&lt;img alt=&quot;&quot; src=&quot;/product/wstmall/Upload/image/20150527/20150527154106_36152.jpg&quot; /&gt;\n&lt;/p&gt;', 0, 0, 0, 0, 1, NULL, 0, NULL, 1, NULL, '2015-05-27 23:42:00'),
(95, '86898', '萨啦咪卤制 焗盐双翅66g 休闲零食温州特产美味', 'Upload/goods/2015-05/5565e680acb2f.jpg', 'Upload/goods/2015-05/5565e680acb2f.jpg', 0, 30, '65.00', '45.00', 8767856, 0, 0, 0, 0, '78', '', 0, 1, 1, 1, 1, 1, 0, NULL, 52, 190, 208, 98, 106, '&lt;p&gt;\n	测试商品 请勿下载\n&lt;/p&gt;\n&lt;p&gt;\n	&amp;nbsp;\n&lt;/p&gt;\n&lt;p&gt;\n	&lt;img alt=&quot;&quot; src=&quot;/product/wstmall/Upload/image/20150527/20150527154646_57543.jpg&quot; /&gt;\n&lt;/p&gt;', 0, 0, 0, 0, 1, NULL, 0, NULL, 1, NULL, '2015-05-27 23:46:51'),
(96, '8678', '香巴佬 香酥鸭腿35g/袋 鸭腿 乡巴佬 温州风味', 'Upload/goods/2015-05/5565e757750a7.jpg', 'Upload/goods/2015-05/5565e757750a7.jpg', 10, 30, '67.00', '56.00', 674675, 0, 0, 0, 0, '789', '', 0, 1, 1, 1, 1, 1, 0, NULL, 52, 190, 208, 98, 105, '&lt;p&gt;\n	wstmall 测试商品，请勿下单\n&lt;/p&gt;\n&lt;p&gt;\n	&amp;nbsp;\n&lt;/p&gt;\n&lt;p&gt;\n	&lt;img alt=&quot;&quot; src=&quot;/product/wstmall/Upload/image/20150527/20150527154937_22172.jpg&quot; /&gt;\n&lt;/p&gt;', 0, 0, 0, 0, 1, NULL, 0, NULL, 1, NULL, '2015-05-27 23:49:59'),
(97, '7565', '绿盛百卤坊酱鸭舌50g/袋 鸭舌 鸭舌头 原味鸭舌', 'Upload/goods/2015-05/5565e7f76cd33.jpg', 'Upload/goods/2015-05/5565e7f76cd33.jpg', 13, 30, '56.00', '45.00', 76565, 0, 0, 0, 0, '6', '', 0, 1, 1, 1, 1, 1, 0, NULL, 52, 190, 208, 98, 106, '&lt;p&gt;\n	wstmall测试商品，请勿下单\n&lt;/p&gt;\n&lt;p&gt;\n	&amp;nbsp;\n&lt;/p&gt;\n&lt;p&gt;\n	&lt;img alt=&quot;&quot; src=&quot;/product/wstmall/Upload/image/20150527/20150527155242_52695.jpg&quot; /&gt;\n&lt;/p&gt;', 0, 0, 0, 0, 1, NULL, 0, NULL, 1, NULL, '2015-05-27 23:52:52'),
(98, '75674', '黄胜记猪肉松150g 厦门特产肉干休闲美味小吃零食', 'Upload/goods/2015-05/5565e8bea28ad.jpg', 'Upload/goods/2015-05/5565e8bea28ad.jpg', 9, 30, '23.00', '12.00', 2324, 0, 0, 0, 0, '34', '', 0, 1, 1, 1, 1, 1, 0, NULL, 52, 190, 207, 98, 104, '&lt;p&gt;\n	测试商品，请勿下单\n&lt;/p&gt;\n&lt;p&gt;\n	&amp;nbsp;\n&lt;/p&gt;\n&lt;p&gt;\n	&lt;img alt=&quot;&quot; src=&quot;/product/wstmall/Upload/image/20150527/20150527155532_43925.jpg&quot; /&gt;\n&lt;/p&gt;', 0, 0, 0, 0, 1, NULL, 0, NULL, 1, NULL, '2015-05-27 23:55:36'),
(99, '32523', '徽记川辣子蚕豆202g麻辣味四川特产下酒菜休闲零食', 'Upload/goods/2015-05/5565e9a9b6768.jpg', 'Upload/goods/2015-05/5565e9a9b6768.jpg', 0, 30, '123.00', '67.00', 2342354, 0, 0, 0, 0, '23', '', 0, 1, 1, 1, 1, 1, 0, NULL, 52, 189, 199, 98, 104, '&lt;p&gt;\n	测试商品，请勿下单\n&lt;/p&gt;\n&lt;p&gt;\n	&amp;nbsp;\n&lt;/p&gt;\n&lt;p&gt;\n	&lt;img alt=&quot;&quot; src=&quot;/product/wstmall/Upload/image/20150527/20150527155939_97478.jpg&quot; /&gt;\n&lt;/p&gt;', 0, 0, 0, 0, 1, NULL, 0, NULL, 1, NULL, '2015-05-27 23:59:59'),
(100, 'A001', '情侣对戒', 'Upload/goods/2015-05/5566ae4c3264c.jpg', 'Upload/goods/2015-05/5566ae4c3264c.jpg', 17, 10, '0.00', '0.00', 0, 0, 0, 0, 0, '阿萨德', '阿萨的', 0, 1, 1, 1, 1, 0, 0, NULL, 51, 166, 176, 107, 108, '阿萨德阿萨的', 0, 0, 0, 0, 1, NULL, 0, NULL, 1, NULL, '2015-05-28 13:57:58'),
(101, '23424', '马齿苋(长寿菜)', 'Upload/goods/2015-05/556ad57b1b3c2.jpg', 'Upload/goods/2015-05/556ad57b1b3c2.jpg', 0, 12, '5.00', '4.00', 1234, 0, 0, 0, 0, '千克', '包装规格：250g/盒', 0, 1, 1, 1, 1, 0, 0, NULL, 47, 62, 254, 112, 115, '&lt;h4 style=&quot;color:#666666;font-family:宋体, Verdana, Arial;&quot;&gt;\n	&lt;span style=&quot;font-size:small;&quot;&gt;&lt;strong&gt;&lt;span style=&quot;color:#FF0000;&quot;&gt;有机马齿苋在生产种植过程中绝不适用农药、化肥、生产调节剂及有毒有害化学合成的物质，而是遵循自然规律和生态学原理；从而使人食用以后无有毒有害物质，在人体内的有毒有害物质的累加效应的产生，使人身体更健康、更快乐，这是普通马齿苋无法达到的作用。本商品是真正的有机蔬菜，由专业有机认证机构认证，可登陆“中国食品农产品认证信息系统”输入我们的证书号查询&lt;/span&gt;&lt;/strong&gt;&lt;/span&gt;\n&lt;/h4&gt;', 0, 0, 0, 0, 1, NULL, 0, NULL, 1, NULL, '2015-05-31 17:35:33'),
(102, '3535435', '有机莴笋500g', 'Upload/goods/2015-05/556ad7bf2ad0e.jpg', 'Upload/goods/2015-05/556ad7bf2ad0e.jpg', 20, 12, '20.00', '17.00', 12313, 0, 0, 0, 0, '千克', '包装规格：500g/袋', 0, 1, 1, 1, 1, 0, 0, NULL, 47, 62, 254, 112, 115, '&lt;p style=&quot;color:#666666;font-family:宋体, Verdana, Arial;&quot;&gt;\n	&lt;strong&gt;&amp;nbsp;&lt;span style=&quot;font-size:small;&quot;&gt;营养价值&lt;/span&gt;&lt;/strong&gt;\n&lt;/p&gt;\n&lt;p style=&quot;color:#666666;font-family:宋体, Verdana, Arial;&quot;&gt;\n	&lt;strong&gt;&lt;span style=&quot;font-size:small;&quot;&gt;&lt;br /&gt;\n&lt;/span&gt;&lt;/strong&gt;&lt;span style=&quot;font-size:small;&quot;&gt;1、开通疏利、消积下气：莴苣味道清新且略带苦味，可刺激消化酶分泌，增进食欲。其乳状浆液，可增强胃液、消化腺的分泌和胆汁的分泌，从而促进各消化器官的功能，对消化功能减弱、消化道中酸性降低和便秘的病人尤其有利；&lt;/span&gt;\n&lt;/p&gt;\n&lt;p style=&quot;color:#666666;font-family:宋体, Verdana, Arial;&quot;&gt;\n	&amp;nbsp;\n&lt;/p&gt;\n&lt;p style=&quot;color:#666666;font-family:宋体, Verdana, Arial;&quot;&gt;\n	&lt;span style=&quot;font-size:small;&quot;&gt;2、利尿通乳：莴苣钾含量大大高于钠含量，有利于体内的水电解质平衡，促进排尿和&lt;/span&gt;&lt;span style=&quot;font-size:small;&quot;&gt;乳汁的分泌。对高血压、水肿、心脏病人有一定的食疗作用；&lt;/span&gt;\n&lt;/p&gt;\n&lt;p style=&quot;color:#666666;font-family:宋体, Verdana, Arial;&quot;&gt;\n	&amp;nbsp;\n&lt;/p&gt;\n&lt;p style=&quot;color:#666666;font-family:宋体, Verdana, Arial;&quot;&gt;\n	&lt;span style=&quot;font-size:small;&quot;&gt;3、强壮机体、防癌抗癌：莴苣含有多种维生素和矿物质，具有调节神经系统功能的作用，其所含有机化含物中富含人体可吸收的铁元素，对有缺铁性贫血病人十分有利。莴苣的热水提取物对某些癌细胞有很高的抑制率，故又可用来防癌抗癌；&lt;/span&gt;\n&lt;/p&gt;\n&lt;p style=&quot;color:#666666;font-family:宋体, Verdana, Arial;&quot;&gt;\n	&amp;nbsp;\n&lt;/p&gt;\n&lt;p style=&quot;color:#666666;font-family:宋体, Verdana, Arial;&quot;&gt;\n	&lt;span style=&quot;font-size:small;&quot;&gt;4、宽肠通便：莴苣含有大量植物纤维素，能促进肠壁蠕动，通利消化道，帮助大便排泄，可用于治疗各种便秘。&lt;/span&gt;\n&lt;/p&gt;', 0, 0, 0, 0, 1, NULL, 0, NULL, 1, NULL, '2015-05-31 17:52:18'),
(103, '384782', '黑冰有机无花果热选品牌中（1斤装）', 'Upload/goods/2015-05/556ada2a6686f.jpg', 'Upload/goods/2015-05/556ada2a6686f.jpg', 19, 12, '60.00', '58.00', 24322, 0, 0, 0, 0, '千克', '1斤装 盒装', 0, 1, 1, 1, 1, 0, 0, NULL, 47, 62, 254, 112, 115, '商品详情：\n黑冰有机无花果\n规格：1斤装/盒\n价格：58元/斤\n特色：黑冰牌有机无花果属于有机食品，源自黑冰有机农场，无化学农药、无化肥，无添加剂，口感自然清香；\n功效：中医认为无花果性质平和，味甘，能够健胃，清肠，消肿解毒，可以用来治疗肠炎，痢疾，便秘，痔疮，喉痛及痈疮疥癣等。', 0, 0, 0, 0, 1, NULL, 0, NULL, 1, NULL, '2015-05-31 17:54:32'),
(104, '398472', '有机菠菜(250g/盒)', 'Upload/goods/2015-05/556adbbcd341d.jpg', 'Upload/goods/2015-05/556adbbcd341d.jpg', 20, 12, '24.00', '23.00', 53453, 0, 0, 0, 0, '盒', '250g/盒', 0, 1, 1, 1, 1, 0, 0, NULL, 47, 62, 254, 112, 115, '菠菜营养成分极其丰富，菠菜叶含锌56～68毫克/公斤(干重)，叶酸1.22微克/克，氨基酸和叶黄素、β-胡萝卜素、新-β-胡萝卜素B、新-β-胡萝卜;菠菜素U等类胡萝卜素、还含α-菠菜甾醇、胆甾醇以及甾醇酯和甾醇甙、万寿菊素、菠叶素，和一种青紫色萤光物质2-乙酰基-3-对羟基苯丙烯酰基内消旋酒石酸;根含菠菜皂甙A和B每100克含水分91.8克，蛋白质2.4克，脂肪0.5克，碳水化合物3.1克，粗纤维0.7克，灰分1.5克，胡萝卜素 3.87毫克，维生素B10.04毫克，维生素B20.13毫克，尼克酸0.6毫克，维生素C 39毫克，钙72毫克，磷53毫克，铁1.8毫克，钾502毫克，钠98.6毫克，镁34.3毫克，氯200毫克。热量 (24.00千卡) ·维生素B6 (0.30毫克) · ·脂肪 (0.30克) ·泛酸 (0.20毫克) · ·叶酸 (110.00微克) ·膳食纤维 (1.70克) ·维生素A (487.00微克) · ·硫胺素 (0.04毫克) ·核黄素 (0.11毫克) ·尼克酸 (0.60毫克) 维生素E (1.74毫克) ·锌 (0.85毫克) ·硒 (0.97微克) ·铜 (0.10毫克) ·锰 (0.66毫克) 钾 (311.00毫克)\n \n1、 通肠导便、防治痔疮：菠菜含有大量的植物粗纤维，具有促进肠道蠕动的作用，利于排便，且能促进胰腺分泌，帮助消化。对于痔疮、慢性胰腺炎、便秘、肛裂等病症有治疗作用 　　\n2、 促进生长发育、增强抗病能力：菠菜中所含的胡萝卜素，在人体内转变成维生素A，能维护正常视力和上皮细胞的健康，增加预防传染病的能力，促进儿童生长发育。\n3、保障营养、增进健康：菠菜中含有丰富的胡萝卜素、维生素C、钙、磷及一定量的铁、维生素E等有益成分，能供给人体多种营养物质；其所含铁质，对缺铁性贫血有较好的辅助治疗作用 　　\n4、促进人体新陈代谢：菠菜中所含微量元素物质，能促进人体新陈代谢，增进身体健康。大量食用菠菜，可降低中风的危险 　　\n5． 清洁皮肤、抗衰老：菠菜提取物具有促进培养细胞增殖的作用，既抗衰老又能增强青春活力。中国民间以菠菜捣烂取汁，每周洗脸数次，连续使用一段时间，可清洁皮肤毛孔，减少皱纹及色素斑，保持皮肤光洁。', 0, 0, 0, 0, 1, NULL, 0, NULL, 1, NULL, '2015-05-31 18:01:01'),
(105, '35345', '有机西兰花(400g/盒)', 'Upload/goods/2015-05/556adc06211b7.jpg', 'Upload/goods/2015-05/556adc06211b7.jpg', 20, 12, '23.00', '20.00', 234235, 0, 0, 0, 0, '盒', '400g/盒', 0, 1, 1, 1, 1, 0, 0, NULL, 47, 62, 254, 112, 115, '有机西兰花在生产种植过程中绝不适用农药、化肥、生产调节剂及有毒有害化学合成的物质，而是遵循自然规律和生态学原理；从而使人食用以后无有毒有害物质，在人体内的有毒有害物质的累加效应的产生，使人身体更健康、更快乐，这是普通西兰花无法达到的作用。本商品是真正的有机蔬菜，由专业有机认证机构认证，可登陆“中国食品农产品认证信息系统”输入我们的证书号查询', 0, 0, 0, 0, 1, NULL, 0, NULL, 1, NULL, '2015-05-31 18:02:36'),
(106, '34539', '一号农场 有机新鲜蔬菜套餐 蔬菜1.8KG单次卡', 'Upload/goods/2015-05/556add323cd84.jpg', 'Upload/goods/2015-05/556add323cd84.jpg', 21, 12, '100.00', '85.00', 353498, 0, 0, 0, 0, '千克', '', 0, 1, 1, 1, 1, 0, 0, NULL, 47, 62, 254, 112, 115, '&lt;p&gt;\n	友情提醒：因为是体验特惠套餐，每个ID，每个地址，每个手机限购1次哦！！\n&lt;/p&gt;\n&lt;p&gt;\n	&lt;br /&gt;\n&lt;/p&gt;\n&lt;p&gt;\n	&lt;img src=&quot;/product/wstmall/Upload/image/20150531/20150531100916_97525.jpg&quot; alt=&quot;&quot; /&gt;\n&lt;/p&gt;', 0, 0, 0, 0, 1, NULL, 0, NULL, 1, NULL, '2015-05-31 18:07:30'),
(107, '33948739', '礼品卡 1088C套餐 现摘配送 全程冷链四点半前', 'Upload/goods/2015-05/556adeb90abba.jpg', 'Upload/goods/2015-05/556adeb90abba.jpg', 21, 12, '2000.00', '1088.00', 866767, 0, 0, 0, 0, '千克', '每次8份，一共6次', 0, 1, 1, 1, 1, 0, 0, NULL, 47, 62, 253, 112, 115, '&lt;p&gt;\n	201310161012234526\n&lt;/p&gt;\n&lt;p&gt;\n	&lt;br /&gt;\n&lt;/p&gt;\n&lt;p&gt;\n	&lt;img src=&quot;/product/wstmall/Upload/image/20150531/20150531101358_99964.jpg&quot; alt=&quot;&quot; /&gt;\n&lt;/p&gt;', 0, 0, 0, 0, 1, NULL, 0, NULL, 1, NULL, '2015-05-31 18:14:28'),
(108, '374928', '家鲜 西兰花 凌晨采购 全程冷链', 'Upload/goods/2015-05/556adfc15c22b.jpg', 'Upload/goods/2015-05/556adfc15c22b.jpg', 22, 12, '234.00', '123.00', 242342, 0, 0, 0, 0, '克', '约500g/份', 0, 1, 1, 1, 1, 0, 0, NULL, 47, 62, 255, 112, 114, '&lt;p&gt;\n	&lt;a class=&quot;on li_gwSelect_b&quot;&gt;约500g/份&lt;/a&gt;\n&lt;/p&gt;\n&lt;p&gt;\n	&lt;a class=&quot;on li_gwSelect_b&quot;&gt;&lt;br /&gt;\n&lt;/a&gt;\n&lt;/p&gt;\n&lt;p&gt;\n	&lt;a class=&quot;on li_gwSelect_b&quot;&gt;&lt;img src=&quot;/product/wstmall/Upload/image/20150531/20150531101838_76030.jpg&quot; alt=&quot;&quot; /&gt;&lt;br /&gt;\n&lt;/a&gt;\n&lt;/p&gt;', 0, 0, 0, 0, 1, NULL, 0, NULL, 1, NULL, '2015-05-31 18:18:40'),
(109, '453454', '私房菜现做现卖BCP-29 鱼香肉丝225g', 'Upload/goods/2015-05/556b086948b12.jpg', 'Upload/goods/2015-05/556b086948b12.jpg', 23, 12, '35.00', '31.00', 23422423, 0, 0, 0, 0, '包', '225克每包', 0, 1, 1, 1, 1, 0, 0, NULL, 47, 63, 318, 124, 125, '&lt;p&gt;\n	新雅食品\n&lt;/p&gt;\n&lt;p&gt;\n	&lt;br /&gt;\n&lt;/p&gt;\n&lt;p&gt;\n	&lt;img src=&quot;/product/wstmall/Upload/image/20150531/20150531131231_29855.jpg&quot; alt=&quot;&quot; /&gt;\n&lt;/p&gt;', 0, 0, 0, 0, 1, NULL, 0, NULL, 1, NULL, '2015-05-31 21:12:32'),
(110, '325435', '可乐鸡中翅', 'Upload/goods/2015-05/556b09c99ee67.jpg', 'Upload/goods/2015-05/556b09c99ee67.jpg', 24, 12, '24.00', '20.00', 42334, 0, 0, 0, 0, '包', '200克每包', 0, 1, 1, 1, 1, 0, 0, NULL, 47, 63, 318, 124, 125, '测试商品，请勿下单', 0, 0, 0, 0, 1, NULL, 0, NULL, 1, NULL, '2015-05-31 21:18:00'),
(111, '345353', '新雅半成品BCP-34盐焗鸡翅225g/盒 无穷美', 'Upload/goods/2015-05/556b0a573e8a9.jpg', 'Upload/goods/2015-05/556b0a573e8a9.jpg', 23, 12, '34.00', '29.00', 3523423, 0, 0, 0, 0, '盒', '225g/盒', 0, 1, 1, 1, 1, 0, 0, NULL, 47, 63, 318, 124, 125, '&lt;p&gt;\n	测试商品 请勿下单\n&lt;/p&gt;\n&lt;p&gt;\n	&lt;br /&gt;\n&lt;/p&gt;\n&lt;p&gt;\n	&lt;img src=&quot;/product/wstmall/Upload/image/20150531/20150531132018_26169.jpg&quot; alt=&quot;&quot; /&gt;\n&lt;/p&gt;', 0, 0, 0, 0, 1, NULL, 0, NULL, 1, NULL, '2015-05-31 21:20:34'),
(112, '23324', 'BCP-28冷冻半成品菜家常豆腐225克/盒', 'Upload/goods/2015-05/556b0b0fbb724.jpg', 'Upload/goods/2015-05/556b0b0fbb724.jpg', 23, 12, '35.00', '32.00', 324234, 0, 0, 0, 0, '盒', '225克/盒', 0, 1, 1, 1, 1, 0, 0, NULL, 47, 63, 318, 124, 125, '新雅食品\n\n测试商品，请勿下单', 0, 0, 0, 0, 1, NULL, 0, NULL, 1, NULL, '2015-05-31 21:24:16'),
(113, '2234', '冷冻半成品菜BCP-12 蚝油牛肉 就餐必点招牌菜', 'Upload/goods/2015-05/556b0bf3850b6.jpg', 'Upload/goods/2015-05/556b0bf3850b6.jpg', 23, 12, '45.00', '42.00', 234234, 0, 0, 0, 0, '盒', '225g/盒', 0, 1, 1, 1, 1, 0, 0, NULL, 47, 63, 318, 124, 125, '&lt;p&gt;\n	新雅食品\n&lt;/p&gt;\n&lt;p&gt;\n	&lt;img src=&quot;/product/wstmall/Upload/image/20150531/20150531132655_31464.jpg&quot; alt=&quot;&quot; /&gt;\n&lt;/p&gt;', 0, 0, 0, 0, 1, NULL, 0, NULL, 1, NULL, '2015-05-31 21:27:12'),
(114, '4535', '冷冻半成品BCP-08 黑椒牛排  225g/盒', 'Upload/goods/2015-05/556b0f081380a.jpg', 'Upload/goods/2015-05/556b0f081380a.jpg', 23, 12, '67.00', '45.00', 343453, 0, 0, 0, 0, '盒', ' 225g/盒', 0, 1, 1, 1, 1, 0, 0, NULL, 47, 63, 318, 124, 125, '&lt;p&gt;\n	测试商品，请勿下单\n&lt;/p&gt;\n&lt;p&gt;\n	&lt;br /&gt;\n&lt;/p&gt;\n&lt;p&gt;\n	&lt;img src=&quot;/product/wstmall/Upload/image/20150531/20150531133911_50275.jpg&quot; alt=&quot;&quot; /&gt;\n&lt;/p&gt;', 0, 0, 0, 0, 1, NULL, 0, NULL, 1, NULL, '2015-05-31 21:39:24'),
(115, '32424', '粤菜馆 BCP-28冷冻半成品菜家常豆腐225g', 'Upload/goods/2015-05/556b0f55de11a.jpg', 'Upload/goods/2015-05/556b0f55de11a.jpg', 23, 12, '56.00', '45.00', 35345, 0, 0, 0, 0, '盒', '225g/盒', 0, 1, 1, 1, 1, 0, 0, NULL, 47, 63, 318, 124, 125, '&lt;p&gt;\n	新雅食品\n&lt;/p&gt;\n&lt;p&gt;\n	&lt;img src=&quot;/product/wstmall/Upload/image/20150531/20150531134119_12727.jpg&quot; alt=&quot;&quot; /&gt;\n&lt;/p&gt;', 0, 0, 0, 0, 1, NULL, 0, NULL, 1, NULL, '2015-05-31 21:41:21'),
(116, '234223', '十头鲍鱼仔（每只配粉丝、蒜蓉次日12点发货外围不送', 'Upload/goods/2015-05/556b10c8c0b33.jpg', 'Upload/goods/2015-05/556b10c8c0b33.jpg', 21, 4, '36.00', '23.00', 300, 0, 0, 0, 0, '225克一盒', '', 0, 1, 1, 1, 1, 0, 0, NULL, 47, 65, 288, 28, 30, '&lt;p&gt;\n	测试商品，请勿下单\n&lt;/p&gt;\n&lt;p&gt;\n	&lt;br /&gt;\n&lt;/p&gt;\n&lt;p&gt;\n	&lt;img src=&quot;/product/wstmall/Upload/image/20150531/20150531134818_53390.jpg&quot; alt=&quot;&quot; /&gt;\n&lt;/p&gt;', 0, 0, 0, 0, 1, NULL, 2, '', 1, NULL, '2015-05-31 21:48:20'),
(117, '35354', '北极贝拼三文鱼（超新鲜刺身三文鱼净肉150g', 'Upload/goods/2015-05/556b11d28f92f.jpg', 'Upload/goods/2015-05/556b11d28f92f.jpg', 24, 4, '657.00', '650.00', 300, 0, 0, 0, 0, '盒', '190克/盒', 0, 1, 1, 1, 1, 0, 0, NULL, 47, 65, 288, 28, 29, '测试商品，请勿下单', 0, 0, 0, 0, 1, NULL, 2, '', 1, NULL, '2015-05-31 21:53:49'),
(118, '35353', 'FINE FOOD 烟熏三文鱼切片 150G/袋', 'Upload/goods/2015-05/556b13a826385.jpg', 'Upload/goods/2015-05/556b13a826385.jpg', 24, 13, '34.00', '23.00', 23353, 0, 0, 0, 0, '袋', '150G/袋', 0, 1, 1, 1, 1, 0, 0, NULL, 47, 66, 332, 127, 128, '&lt;p&gt;\n	测试商品，请勿下单\n&lt;/p&gt;\n&lt;p&gt;\n	&lt;br /&gt;\n&lt;/p&gt;\n&lt;p&gt;\n	&lt;img src=&quot;/product/wstmall/Upload/image/20150531/20150531140018_93097.jpg&quot; alt=&quot;&quot; /&gt;\n&lt;/p&gt;', 0, 0, 0, 0, 1, NULL, 0, NULL, 1, NULL, '2015-05-31 22:00:29'),
(119, '86834', 'FINE FOOD 裹面包屑凤尾虾 460G', 'Upload/goods/2015-05/556b14281d098.jpg', 'Upload/goods/2015-05/556b14281d098.jpg', 19, 13, '34.00', '23.00', 325324, 0, 0, 0, 0, '盒', ' 460G/盒', 0, 1, 1, 1, 1, 0, 0, NULL, 47, 66, 332, 127, 128, '测试商品，请勿下单', 0, 0, 0, 0, 1, NULL, 0, NULL, 1, NULL, '2015-05-31 22:01:51'),
(120, '353545', 'SF定海针粒冻虾仁 200-300 250G/袋', 'Upload/goods/2015-05/556b14668ae61.jpg', 'Upload/goods/2015-05/556b14668ae61.jpg', 19, 13, '56.00', '45.00', 2342353, 0, 0, 0, 0, '袋', '250G/袋', 0, 1, 1, 1, 1, 0, 0, NULL, 47, 66, 332, 127, 128, '&lt;p&gt;\n	测试商品，请勿下单\n&lt;/p&gt;\n&lt;p&gt;\n	&lt;br /&gt;\n&lt;/p&gt;\n&lt;p&gt;\n	&lt;span style=&quot;color:#333333;font-family:Tahoma, \'microsoft yahei\';font-size:20px;font-weight:bold;line-height:28px;background-color:#FFFFFF;&quot;&gt;SF定海针粒冻虾仁 200-300 250G/袋&lt;/span&gt;\n&lt;/p&gt;\n&lt;p&gt;\n	&lt;br /&gt;\n&lt;/p&gt;\n&lt;p&gt;\n	&lt;img src=&quot;/product/wstmall/Upload/image/20150531/20150531140255_47878.jpg&quot; alt=&quot;&quot; /&gt;\n&lt;/p&gt;', 0, 0, 0, 0, 1, NULL, 0, NULL, 1, NULL, '2015-05-31 22:02:57'),
(121, '3535', '扇贝 8-9枚 375G/袋', 'Upload/goods/2015-05/556b1c2d47fe2.jpg', 'Upload/goods/2015-05/556b1c2d47fe2.jpg', 19, 13, '35.00', '27.00', 323235, 0, 0, 0, 0, '袋', '【品名】：扇贝 8-9枚 375G/袋\n【品牌】：新海宝\n【净含量】：375G\n【原产地】：福建福州\n【配料】：扇贝\n【生产日期】：见包装\n【保质期限】：≤-18℃18个月', 0, 1, 1, 1, 1, 0, 0, NULL, 47, 66, 332, 127, 128, '【品名】：扇贝 8-9枚 375G/袋\n【品牌】：新海宝\n【净含量】：375G\n【原产地】：福建福州\n【配料】：扇贝\n【生产日期】：见包装\n【保质期限】：≤-18℃18个月', 0, 0, 0, 0, 1, NULL, 0, NULL, 1, NULL, '2015-05-31 22:37:35'),
(122, '334534', 'SF东海大黄鱼200-300G 500G', 'Upload/goods/2015-05/556b1cca6fcc9.jpg', 'Upload/goods/2015-05/556b1cca6fcc9.jpg', 19, 13, '56.00', '53.00', 34535345, 0, 0, 0, 0, '袋', '', 0, 1, 1, 1, 1, 0, 0, NULL, 47, 66, 332, 127, 128, 'SF东海大黄鱼200-300G 500G', 0, 0, 0, 0, 1, NULL, 0, NULL, 1, NULL, '2015-05-31 22:39:06'),
(123, '23543534', 'SF 定海针水晶虾仁抽肠 70/100 750G', 'Upload/goods/2015-05/556b1d2981c09.jpg', 'Upload/goods/2015-05/556b1d2981c09.jpg', 19, 13, '67.00', '34.00', 23325435, 0, 0, 0, 0, '袋', '【品名】SF 定海针水晶虾仁抽肠 70/100 750G\n【品牌】定海针\n【配料】海洋捕捞虾、水、食品添加剂\n【贮存条件】冷藏\n【净含量】750G', 0, 1, 1, 1, 1, 0, 0, NULL, 47, 66, 332, 127, 128, '&lt;strong&gt;&lt;span&gt;【品名】SF 定海针水晶虾仁抽肠 70/100 750G&lt;br /&gt;\n【品牌】定海针&lt;br /&gt;\n【配料】海洋捕捞虾、水、食品添加剂&lt;br /&gt;\n【贮存条件】冷藏&lt;br /&gt;\n【净含量】750G&lt;/span&gt;&lt;/strong&gt;', 0, 0, 0, 0, 1, NULL, 0, NULL, 1, NULL, '2015-05-31 22:40:37'),
(124, '543346456', '新雅粤菜馆 冷冻半成品私房菜BCP-09 三鲜汤3', 'Upload/goods/2015-05/556b1d96836e7.jpg', 'Upload/goods/2015-05/556b1d96836e7.jpg', 19, 13, '45.00', '34.00', 65464, 0, 0, 0, 0, '袋', '', 0, 1, 1, 1, 1, 0, 0, NULL, 47, 71, 320, 127, 128, '新雅粤菜馆 冷冻半成品私房菜BCP-09 三鲜汤300g 当天16点之前提交的订单，当天发货', 0, 0, 0, 0, 1, NULL, 0, NULL, 1, NULL, '2015-05-31 22:42:05'),
(125, '45336', '新雅BCP-18酸汤肥牛225g 酒店半成品肉类私', 'Upload/goods/2015-05/556b1dd367c42.jpg', 'Upload/goods/2015-05/556b1dd367c42.jpg', 19, 13, '56.00', '34.00', 23425, 0, 0, 0, 0, '盘', '', 0, 1, 1, 1, 1, 0, 0, NULL, 47, 71, 320, 127, 128, '&lt;span style=&quot;color:#333333;font-family:Tahoma, \'microsoft yahei\';font-size:20px;font-weight:bold;line-height:28px;background-color:#FFFFFF;&quot;&gt;新雅BCP-18酸汤肥牛225g 酒店半成品肉类私房菜 微波速食方便炒菜&lt;/span&gt;', 0, 0, 0, 0, 1, NULL, 0, NULL, 1, NULL, '2015-05-31 22:42:56'),
(126, '353543', '菜根香特制 八宝甜饭（真空袋装）450G', 'Upload/goods/2015-05/556b1f8ec2136.jpg', 'Upload/goods/2015-05/556b1f8ec2136.jpg', 19, 11, '56.00', '34.00', 5346, 0, 0, 0, 0, '袋', '450G', 0, 1, 1, 1, 1, 0, 0, NULL, 47, 71, 320, 18, 25, '&lt;span style=&quot;color:#333333;font-family:Tahoma, \'microsoft yahei\';font-size:20px;font-weight:bold;line-height:28px;background-color:#FFFFFF;&quot;&gt;菜根香特制 八宝甜饭（真空袋装）450G&lt;/span&gt;', 0, 0, 0, 0, 1, NULL, 0, NULL, 1, NULL, '2015-05-31 22:50:25'),
(127, '64564', '常温熟食SS-02 香卤牛肉250g方便菜卤味', 'Upload/goods/2015-05/556b1fc88604e.jpg', 'Upload/goods/2015-05/556b1fc88604e.jpg', 19, 11, '34.00', '23.00', 24234, 0, 0, 0, 0, '盘', '', 0, 1, 1, 1, 1, 0, 0, NULL, 47, 71, 320, 18, 25, '常温熟食SS-02 香卤牛肉250g方便菜卤味', 0, 0, 0, 0, 1, NULL, 0, NULL, 1, NULL, '2015-05-31 22:51:14'),
(128, '453635', '新雅大厨YL-03 常温腊味广式腊肠特色私房菜42', 'Upload/goods/2015-05/556b200b476d6.jpg', 'Upload/goods/2015-05/556b200b476d6.jpg', 19, 11, '34.00', '30.00', 3453636, 0, 0, 0, 0, '千克', '', 0, 1, 1, 1, 1, 0, 0, NULL, 47, 71, 320, 18, 25, '新雅大厨YL-03 常温腊味广式腊肠特色私房菜425g ', 0, 0, 0, 0, 1, NULL, 0, NULL, 1, NULL, '2015-05-31 22:52:28'),
(129, '354664', '新雅大厨YL-04 常温腊味腊青鱼干250g 真空', 'Upload/goods/2015-05/556b2046d3c6d.jpg', 'Upload/goods/2015-05/556b2046d3c6d.jpg', 19, 11, '67.00', '45.00', 43634, 0, 0, 0, 0, '千克', '', 0, 1, 1, 1, 1, 0, 0, NULL, 47, 71, 320, 18, 25, '新雅大厨YL-04 常温腊味腊青鱼干250g 真空包装 方便菜 ', 0, 0, 0, 0, 1, NULL, 0, NULL, 1, NULL, '2015-05-31 22:53:21'),
(130, '45426546', '万家鲜 320g富贵人家鲜肉粽', 'Upload/goods/2015-05/556b207b3d959.jpg', 'Upload/goods/2015-05/556b207b3d959.jpg', 19, 11, '9.00', '8.00', 0, 0, 0, 0, 0, '个', '320g', 0, 1, 1, 1, 1, 0, 0, NULL, 47, 71, 320, 18, 25, '万家鲜 320g富贵人家鲜肉粽', 0, 0, 0, 0, 1, NULL, 0, NULL, 1, NULL, '2015-05-31 22:54:17'),
(131, '463554', '常温熟食SS-07 秘制酱鸭450g 真空卤味方便', 'Upload/goods/2015-05/556b20c74da42.jpg', 'Upload/goods/2015-05/556b20c74da42.jpg', 19, 11, '78.00', '65.00', 345264, 0, 0, 0, 0, '千克', '', 0, 1, 1, 1, 1, 0, 0, NULL, 47, 71, 320, 18, 25, '&lt;p&gt;\n	&lt;span style=&quot;color:#333333;font-family:Tahoma, \'microsoft yahei\';font-size:20px;font-weight:bold;line-height:28px;background-color:#FFFFFF;&quot;&gt;常温熟食SS-07 秘制酱鸭450g 真空卤味方便菜&lt;/span&gt;\n&lt;/p&gt;\n&lt;p&gt;\n	&lt;span style=&quot;color:#333333;font-family:Tahoma, \'microsoft yahei\';font-size:20px;font-weight:bold;line-height:28px;background-color:#FFFFFF;&quot;&gt;&lt;br /&gt;\n&lt;/span&gt;\n&lt;/p&gt;\n&lt;p&gt;\n	&lt;span style=&quot;color:#333333;font-family:Tahoma, \'microsoft yahei\';font-size:20px;font-weight:bold;line-height:28px;background-color:#FFFFFF;&quot;&gt;&lt;img src=&quot;/product/wstmall/Upload/image/20150531/20150531145555_75374.jpg&quot; alt=&quot;&quot; /&gt;&lt;br /&gt;\n&lt;/span&gt;\n&lt;/p&gt;', 0, 0, 0, 0, 1, NULL, 0, NULL, 1, NULL, '2015-05-31 22:55:57'),
(132, '373924', '日本进口 昭和SHOWA 手套（M号绿色）', 'Upload/goods/2015-06/556baca5abd97.jpg', 'Upload/goods/2015-06/556baca5abd97.jpg', 0, 15, '45.00', '34.00', 234532, 0, 0, 0, 0, '双', '', 0, 1, 1, 1, 1, 0, 0, NULL, 48, 259, 281, 130, 144, '日本进口 昭和SHOWA 手套（M号绿色）', 0, 0, 0, 0, 1, NULL, 0, NULL, 1, NULL, '2015-06-01 08:52:38'),
(133, '3534534', '日本进口 斯凯达 DBD5 立体垃圾桶5升', 'Upload/goods/2015-06/556bad657d757.jpg', 'Upload/goods/2015-06/556bad657d757.jpg', 0, 15, '56.00', '34.00', 23534534, 0, 0, 0, 0, '只', '', 0, 1, 1, 1, 1, 0, 0, NULL, 48, 259, 281, 130, 145, '&lt;p&gt;\n	&lt;span style=&quot;color:#333333;font-family:Tahoma, \'microsoft yahei\';font-size:20px;font-weight:bold;line-height:28px;background-color:#FFFFFF;&quot;&gt;日本进口 斯凯达 DBD5 立体垃圾桶5升 Hello Kitty－Basic 0181&lt;/span&gt;\n&lt;/p&gt;\n&lt;p&gt;\n	&lt;span style=&quot;color:#333333;font-family:Tahoma, \'microsoft yahei\';font-size:20px;font-weight:bold;line-height:28px;background-color:#FFFFFF;&quot;&gt;&lt;br /&gt;\n&lt;/span&gt;\n&lt;/p&gt;\n&lt;p&gt;\n	&lt;span style=&quot;color:#333333;font-family:Tahoma, \'microsoft yahei\';font-size:20px;font-weight:bold;line-height:28px;background-color:#FFFFFF;&quot;&gt;&lt;br /&gt;\n&lt;/span&gt;\n&lt;/p&gt;\n&lt;p&gt;\n	&lt;span style=&quot;color:#333333;font-family:Tahoma, \'microsoft yahei\';font-size:20px;font-weight:bold;line-height:28px;background-color:#FFFFFF;&quot;&gt;&lt;img src=&quot;/product/wstmall/Upload/image/20150601/20150601005532_19772.jpg&quot; alt=&quot;&quot; /&gt;&lt;br /&gt;\n&lt;/span&gt;\n&lt;/p&gt;', 0, 0, 0, 0, 1, NULL, 0, NULL, 1, NULL, '2015-06-01 08:55:48'),
(134, '53453', '日本COGIT 儿童款小熊/小兔竹炭鞋撑 从小识左', 'Upload/goods/2015-06/556badd5e0688.jpg', 'Upload/goods/2015-06/556badd5e0688.jpg', 0, 15, '56.00', '45.00', 2343253, 0, 0, 0, 0, '个', '', 0, 1, 1, 1, 1, 0, 0, NULL, 48, 259, 280, 130, 144, '日本COGIT 儿童款小熊/小兔竹炭鞋撑 从小识左右', 0, 0, 0, 0, 1, NULL, 0, NULL, 1, NULL, '2015-06-01 08:57:32'),
(135, '3424434', '日本COGIT 血型竹炭除湿消臭靴撑（四款可选）', 'Upload/goods/2015-06/556bae1378d17.jpg', 'Upload/goods/2015-06/556bae1378d17.jpg', 0, 15, '45.00', '34.00', 453453, 0, 0, 0, 0, '个', '', 0, 1, 1, 1, 1, 0, 0, NULL, 48, 259, 279, 130, 144, '　【商品名称】：日本COGIT 血型竹炭除湿消臭靴撑（四款可选）　　【品　　牌】：COGIT　　【商品编码】：7420053　　【货　　号】：46837卡通狮/46838卡通兔/46836卡通猴/46835长颈鹿　　【商品颜色】：粉色卡通兔(AB型)、橙色卡通狮(O型)、蓝色卡通猴(B型)、黄色长颈鹿(A型)　　【产　　地】：中国 　　日本专柜价：1260日元(约合人民币101元) ', 0, 0, 0, 0, 1, NULL, 0, NULL, 1, NULL, '2015-06-01 08:58:28'),
(136, '45345', '台湾正品热选品牌 Bone 心形狗骨头 3.5mm情侣', 'Upload/goods/2015-06/556bb082eb7fc.jpg', 'Upload/goods/2015-06/556bb082eb7fc.jpg', 0, 15, '46.00', '34.00', 325343, 0, 0, 0, 0, '个', '', 0, 1, 1, 1, 1, 0, 0, NULL, 48, 259, 279, 130, 146, '台湾正品热选品牌 Bone 心形狗骨头 3.5mm情侣耳机分享器 分线器', 0, 0, 0, 0, 1, NULL, 0, NULL, 1, NULL, '2015-06-01 09:09:10'),
(137, '553534', '日本白元 一年冰箱冷冻室脱臭剂（可用1年）50g', 'Upload/goods/2015-06/556bb0f5e6236.jpg', 'Upload/goods/2015-06/556bb0f5e6236.jpg', 0, 15, '56.00', '54.00', 3345345, 0, 0, 0, 0, '盒', '', 0, 1, 1, 1, 1, 0, 0, NULL, 48, 259, 280, 130, 144, '日本白元 一年冰箱冷冻室脱臭剂（可用1年）50g', 0, 0, 0, 0, 1, NULL, 0, NULL, 1, NULL, '2015-06-01 09:10:28');
INSERT INTO `wst_goods` (`goodsId`, `goodsSn`, `goodsName`, `goodsImg`, `goodsThums`, `brandId`, `shopId`, `marketPrice`, `shopPrice`, `goodsStock`, `saleCount`, `isBook`, `bookQuantity`, `warnStock`, `goodsUnit`, `goodsSpec`, `isSale`, `isBest`, `isHot`, `isRecomm`, `isNew`, `isAdminBest`, `isAdminRecom`, `recommDesc`, `goodsCatId1`, `goodsCatId2`, `goodsCatId3`, `shopCatId1`, `shopCatId2`, `goodsDesc`, `isShopRecomm`, `isIndexRecomm`, `isActivityRecomm`, `isInnerRecomm`, `goodsStatus`, `saleTime`, `attrCatId`, `goodsKeywords`, `goodsFlag`, `statusRemarks`, `createTime`) VALUES
(138, '3535345', '妙管家固體芳香劑120g', 'Upload/goods/2015-06/556bb1152b173.jpg', 'Upload/goods/2015-06/556bb1152b173.jpg', 0, 15, '86.00', '56.00', 5345345, 0, 0, 0, 0, '盒', '', 0, 1, 1, 1, 1, 0, 0, NULL, 48, 259, 281, 130, 144, '妙管家固體芳香劑120g', 0, 0, 0, 0, 1, NULL, 0, NULL, 1, NULL, '2015-06-01 09:11:10'),
(139, '345354', '日本白元 一年冰箱冷藏室脱臭剂（可用1年）80g', 'Upload/goods/2015-06/556bb15544f3c.jpg', 'Upload/goods/2015-06/556bb15544f3c.jpg', 0, 15, '3453.00', '3242.00', 343242, 0, 0, 0, 0, '盒', '', 0, 1, 1, 1, 1, 0, 0, NULL, 48, 259, 279, 130, 146, '日本白元 一年冰箱冷藏室脱臭剂（可用1年）80g', 0, 0, 0, 0, 1, NULL, 0, NULL, 1, NULL, '2015-06-01 09:12:22'),
(140, '354353', '乐宜美加厚11丝真空压缩袋 11件套送手泵收纳袋', 'Upload/goods/2015-06/556bb41b13390.jpg', 'Upload/goods/2015-06/556bb41b13390.jpg', 25, 15, '67.00', '59.00', 2332, 0, 0, 0, 0, '盒', ' 11件套', 0, 1, 1, 1, 1, 0, 0, NULL, 48, 260, 287, 131, 139, '&lt;p&gt;\n	&amp;nbsp;11件套\n&lt;/p&gt;\n&lt;p&gt;\n	&lt;br /&gt;\n&lt;/p&gt;\n&lt;p&gt;\n	&lt;img src=&quot;/product/wstmall/Upload/image/20150601/20150601012427_58007.jpg&quot; alt=&quot;&quot; /&gt;\n&lt;/p&gt;', 0, 0, 0, 0, 1, NULL, 0, NULL, 1, NULL, '2015-06-01 09:24:42'),
(141, '3535435', '好雅 真空收纳袋压缩袋整理密封袋 7件套赠抽气泵', 'Upload/goods/2015-06/556bbd2085b1f.jpg', 'Upload/goods/2015-06/556bbd2085b1f.jpg', 26, 15, '45.00', '42.00', 42342, 0, 0, 0, 0, '盒', '规格： 特大号2个 大号2个 中号2个', 0, 1, 1, 1, 1, 0, 0, NULL, 48, 260, 284, 131, 141, '好雅 真空收纳袋压缩袋整理密封袋 7件套赠抽气泵', 0, 0, 0, 0, 1, NULL, 0, NULL, 1, NULL, '2015-06-01 10:03:00'),
(142, '35345', '太力抗菌真空压缩袋棉被衣物收纳袋彩盒装带双泵', 'Upload/goods/2015-06/556bbf15bbcb9.jpg', 'Upload/goods/2015-06/556bbf15bbcb9.jpg', 26, 15, '56.00', '45.00', 353453, 0, 0, 0, 0, '盒', '真空压缩袋彩盒装10件套(2大+2中+3小+2手卷+1手动双泵)', 0, 1, 1, 1, 1, 0, 0, NULL, 48, 260, 287, 131, 142, '真空压缩袋彩盒装10件套(2大+2中+3小+2手卷+1手动双泵)', 0, 0, 0, 0, 1, NULL, 0, NULL, 1, NULL, '2015-06-01 10:11:23'),
(143, '日5573495', '乐宜美大号真空压缩袋70*100cm 2只装', 'Upload/goods/2015-06/556bc612a2298.jpg', 'Upload/goods/2015-06/556bc612a2298.jpg', 25, 15, '67.00', '54.00', 32534, 0, 0, 0, 0, '只', ' 2只装', 0, 1, 1, 1, 1, 0, 0, NULL, 48, 260, 287, 131, 143, ' 2只装\n乐宜美大号真空压缩袋70*100cm 2只装', 0, 0, 0, 0, 1, NULL, 0, NULL, 1, NULL, '2015-06-01 10:41:16'),
(144, '435345', '太力真空压缩袋羽绒服衣物收纳袋2个装送小香包 中号', 'Upload/goods/2015-06/556bcb77ab0aa.jpg', 'Upload/goods/2015-06/556bcb77ab0aa.jpg', 25, 15, '56.00', '43.00', 25345, 0, 0, 0, 0, '个', '规格： 60*70㎝(2个)', 0, 1, 1, 1, 1, 0, 0, NULL, 48, 260, 287, 131, 139, '&lt;p&gt;\n	wstmall测试商品，请勿下单\n&lt;/p&gt;\n&lt;p&gt;\n	&lt;br /&gt;\n&lt;/p&gt;\n&lt;p&gt;\n	&lt;img src=&quot;/product/wstmall/Upload/image/20150601/20150601030346_54623.jpg&quot; alt=&quot;&quot; /&gt;\n&lt;/p&gt;', 0, 0, 0, 0, 1, NULL, 0, NULL, 1, NULL, '2015-06-01 11:04:36'),
(145, '53543', '飞达三和 多用储物盒收纳箱药箱多用杂物箱 颜色随机', 'Upload/goods/2015-06/556bcc1b10cf6.jpg', 'Upload/goods/2015-06/556bcc1b10cf6.jpg', 25, 15, '45.00', '42.00', 343, 0, 0, 0, 0, '个', '', 0, 1, 1, 1, 1, 0, 0, NULL, 48, 260, 284, 131, 142, '飞达三和 多用储物盒收纳箱药箱多用杂物箱 颜色随机', 0, 0, 0, 0, 1, NULL, 0, NULL, 1, NULL, '2015-06-01 11:06:33'),
(146, '33453', '双艺家居 韩式盖式十五格分类收纳盒收纳箱 颜色随机', 'Upload/goods/2015-06/556bcc75af177.jpg', 'Upload/goods/2015-06/556bcc75af177.jpg', 25, 15, '45.00', '43.00', 34353, 0, 0, 0, 0, '个', '', 0, 1, 1, 1, 1, 0, 0, NULL, 48, 260, 284, 131, 142, '双艺家居 韩式盖式十五格分类收纳盒收纳箱 颜色随机', 0, 0, 0, 0, 1, NULL, 0, NULL, 1, NULL, '2015-06-01 11:08:10'),
(147, '234534', '塑风尚梅花形密封塑料盘干零食盘糖果盒JL-5244', 'Upload/goods/2015-06/556bccdb42dd7.jpg', 'Upload/goods/2015-06/556bccdb42dd7.jpg', 25, 15, '67.00', '45.00', 344534, 0, 0, 0, 0, '个', '', 0, 1, 1, 1, 1, 0, 0, NULL, 48, 260, 284, 131, 142, '塑风尚梅花形密封塑料盘干零食盘糖果盒JL-5244', 0, 0, 0, 0, 1, NULL, 0, NULL, 1, NULL, '2015-06-01 11:09:53'),
(148, '345345', '日本原装进口 山洋 大头棉棒110支 筒装', 'Upload/goods/2015-06/556bcdd4a7bff.jpg', 'Upload/goods/2015-06/556bcdd4a7bff.jpg', 25, 15, '4.00', '3.00', 2334, 0, 0, 0, 0, '盒', '', 0, 1, 1, 1, 1, 0, 0, NULL, 48, 261, 270, 129, 135, '&lt;p&gt;\n	wstmall测试商品，请勿下单\n&lt;/p&gt;\n&lt;p&gt;\n	&lt;br /&gt;\n&lt;/p&gt;\n&lt;p&gt;\n	&lt;img src=&quot;/product/wstmall/Upload/image/20150601/20150601031422_31860.jpg&quot; alt=&quot;&quot; /&gt;\n&lt;/p&gt;', 0, 0, 0, 0, 1, NULL, 0, NULL, 1, NULL, '2015-06-01 11:14:28'),
(149, '34334', '日本山洋 国产良品 安心棉棒 200支 筒装', 'Upload/goods/2015-06/556bced541fe4.jpg', 'Upload/goods/2015-06/556bced541fe4.jpg', 25, 15, '5.00', '3.00', 3243, 0, 0, 0, 0, '筒', '200支/筒', 0, 1, 1, 1, 1, 0, 0, NULL, 48, 261, 271, 129, 135, '&lt;p&gt;\n	wstmall测试商品，请勿下单\n&lt;/p&gt;\n&lt;p&gt;\n	&lt;br /&gt;\n&lt;/p&gt;\n&lt;p&gt;\n	&lt;img src=&quot;/product/wstmall/Upload/image/20150601/20150601031845_55725.jpg&quot; alt=&quot;&quot; /&gt;\n&lt;/p&gt;', 0, 0, 0, 0, 1, NULL, 0, NULL, 1, NULL, '2015-06-01 11:18:47'),
(150, '4353', '日本山洋 湿性棉棒50支 独立包装', 'Upload/goods/2015-06/556bcf47b9c30.jpg', 'Upload/goods/2015-06/556bcf47b9c30.jpg', 25, 15, '8.00', '6.00', 53534, 0, 0, 0, 0, '包', '50支', 0, 1, 1, 1, 1, 0, 0, NULL, 48, 261, 271, 129, 135, '&lt;p&gt;\n	&lt;span style=&quot;color:#333333;font-family:Tahoma, \'microsoft yahei\';font-size:20px;font-weight:bold;line-height:28px;background-color:#FFFFFF;&quot;&gt;日本山洋 湿性棉棒50支 独立包装&lt;/span&gt;\n&lt;/p&gt;\n&lt;p&gt;\n	&lt;span style=&quot;color:#333333;font-family:Tahoma, \'microsoft yahei\';font-size:20px;font-weight:bold;line-height:28px;background-color:#FFFFFF;&quot;&gt;&lt;br /&gt;\n&lt;/span&gt;\n&lt;/p&gt;\n&lt;p&gt;\n	&lt;span style=&quot;color:#333333;font-family:Tahoma, \'microsoft yahei\';font-size:20px;font-weight:bold;line-height:28px;background-color:#FFFFFF;&quot;&gt;&lt;img src=&quot;/product/wstmall/Upload/image/20150601/20150601032017_35235.jpg&quot; alt=&quot;&quot; /&gt;&lt;br /&gt;\n&lt;/span&gt;\n&lt;/p&gt;', 0, 0, 0, 0, 1, NULL, 0, NULL, 1, NULL, '2015-06-01 11:20:18'),
(151, '44535', '日本山洋 国产良品 挖耳勺棉棒100支 独立包装', 'Upload/goods/2015-06/556bcf9b074d1.jpg', 'Upload/goods/2015-06/556bcf9b074d1.jpg', 25, 15, '9.00', '7.00', 35345, 0, 0, 0, 0, '袋', '100支', 0, 1, 1, 1, 1, 0, 0, NULL, 48, 261, 271, 129, 135, '100支，测试商品，请勿下单', 0, 0, 0, 0, 1, NULL, 0, NULL, 1, NULL, '2015-06-01 11:21:41'),
(152, '53453', 'HS黑色垃圾袋80*100cm 10只*2卷', 'Upload/goods/2015-06/556bd01365c44.jpg', 'Upload/goods/2015-06/556bd01365c44.jpg', 27, 15, '12.00', '11.00', 12324, 0, 0, 0, 0, '卷', '', 0, 1, 1, 1, 1, 0, 0, NULL, 48, 261, 268, 129, 137, 'HS黑色垃圾袋80*100cm 10只*2卷', 0, 0, 0, 0, 1, NULL, 0, NULL, 1, NULL, '2015-06-01 11:23:31'),
(153, '5345345', '新天力炫彩纸杯（柔版印刷）240ml （100只装', 'Upload/goods/2015-06/556bd088905cb.jpg', 'Upload/goods/2015-06/556bd088905cb.jpg', 28, 15, '21.00', '19.00', 235345, 0, 0, 0, 0, '袋', '100只装', 0, 1, 1, 1, 1, 0, 0, NULL, 48, 261, 270, 129, 136, '测试商品，请勿下单', 0, 0, 0, 0, 1, NULL, 0, NULL, 1, NULL, '2015-06-01 11:25:44'),
(154, '35335', '新天力晶莹航旅杯250ml （60只装）', 'Upload/goods/2015-06/556bd1007f005.jpg', 'Upload/goods/2015-06/556bd1007f005.jpg', 28, 15, '23.00', '21.00', 4234243, 0, 0, 0, 0, '袋', '', 0, 1, 1, 1, 1, 0, 0, NULL, 48, 261, 269, 129, 136, '&lt;p&gt;\n	&lt;span style=&quot;color:#333333;font-family:Tahoma, \'microsoft yahei\';font-size:20px;font-weight:bold;line-height:28px;background-color:#FFFFFF;&quot;&gt;新天力晶莹航旅杯250ml （60只装）&lt;/span&gt;\n&lt;/p&gt;\n&lt;p&gt;\n	&lt;span style=&quot;color:#333333;font-family:Tahoma, \'microsoft yahei\';font-size:20px;font-weight:bold;line-height:28px;background-color:#FFFFFF;&quot;&gt;测试商品，请勿下单&lt;/span&gt;\n&lt;/p&gt;\n&lt;p&gt;\n	&lt;span style=&quot;color:#333333;font-family:Tahoma, \'microsoft yahei\';font-size:20px;font-weight:bold;line-height:28px;background-color:#FFFFFF;&quot;&gt;&lt;img src=&quot;/product/wstmall/Upload/image/20150601/20150601032649_54571.jpg&quot; alt=&quot;&quot; /&gt;&lt;br /&gt;\n&lt;/span&gt;\n&lt;/p&gt;', 0, 0, 0, 0, 1, NULL, 0, NULL, 1, NULL, '2015-06-01 11:26:58'),
(155, '34535', '龙士达鞋套', 'Upload/goods/2015-06/556bd12a99d94.jpg', 'Upload/goods/2015-06/556bd12a99d94.jpg', 28, 15, '34.00', '23.00', 2342, 0, 0, 0, 0, '袋', '', 0, 1, 1, 1, 1, 0, 0, NULL, 48, 261, 272, 129, 134, '&lt;p&gt;\n	&lt;span style=&quot;color:#333333;font-family:Tahoma, \'microsoft yahei\';font-size:20px;font-weight:bold;line-height:28px;background-color:#FFFFFF;&quot;&gt;龙士达鞋套&lt;span style=&quot;color:#333333;font-family:Tahoma, \'microsoft yahei\';font-size:20px;font-weight:bold;line-height:28px;background-color:#FFFFFF;&quot;&gt;龙士达鞋套&lt;/span&gt;&lt;/span&gt;\n&lt;/p&gt;\n&lt;p&gt;\n	&lt;span style=&quot;color:#333333;font-family:Tahoma, \'microsoft yahei\';font-size:20px;font-weight:bold;line-height:28px;background-color:#FFFFFF;&quot;&gt;&lt;br /&gt;\n&lt;/span&gt;\n&lt;/p&gt;\n&lt;p&gt;\n	&lt;span style=&quot;color:#333333;font-family:Tahoma, \'microsoft yahei\';font-size:20px;font-weight:bold;line-height:28px;background-color:#FFFFFF;&quot;&gt;&lt;img src=&quot;/product/wstmall/Upload/image/20150601/20150601032811_45474.gif&quot; alt=&quot;&quot; /&gt;&lt;/span&gt;\n&lt;/p&gt;', 0, 0, 0, 0, 1, NULL, 0, NULL, 1, NULL, '2015-06-01 11:28:13'),
(156, '23424', '雀巢全家营养甜奶粉 300g', 'Upload/goods/2015-06/556be798974c1.jpg', 'Upload/goods/2015-06/556be798974c1.jpg', 29, 20, '25.00', '23.00', 23433, 0, 0, 0, 0, '包', '300g', 0, 1, 1, 1, 1, 0, 0, NULL, 49, 82, 300, 147, 148, '&lt;p&gt;\n	wstmall 测试商品，请勿下单\n&lt;/p&gt;\n&lt;p&gt;\n	&amp;nbsp;\n&lt;/p&gt;\n&lt;p&gt;\n	&lt;img alt=&quot;&quot; src=&quot;/product/wstmall/Upload/image/20150601/20150601050426_96544.jpg&quot; /&gt;\n&lt;/p&gt;', 0, 0, 0, 0, 1, NULL, 0, NULL, 1, NULL, '2015-06-01 13:04:29'),
(157, '2342234', '雀巢全脂奶粉400G', 'Upload/goods/2015-06/556be7fa1961d.jpg', 'Upload/goods/2015-06/556be7fa1961d.jpg', 29, 20, '35.00', '34.00', 3234, 0, 0, 0, 0, '包', '400g', 0, 1, 1, 1, 1, 0, 0, NULL, 49, 82, 301, 147, 148, '&lt;p&gt;\n	测试商品，请勿下单\n&lt;/p&gt;\n&lt;p&gt;\n	&amp;nbsp;\n&lt;/p&gt;\n&lt;p&gt;\n	&lt;img alt=&quot;&quot; src=&quot;/product/wstmall/Upload/image/20150601/20150601050553_69087.jpg&quot; /&gt;\n&lt;/p&gt;', 0, 0, 0, 0, 1, NULL, 0, NULL, 1, NULL, '2015-06-01 13:05:55'),
(158, '543455', '雀巢 全脂 奶粉 听装 900g', 'Upload/goods/2015-06/556bf94fb0d31.jpg', 'Upload/goods/2015-06/556bf94fb0d31.jpg', 29, 20, '564.00', '345.00', 293472984, 0, 0, 0, 0, '听', ' 900g/听', 0, 1, 1, 1, 1, 0, 0, NULL, 49, 82, 300, 147, 148, '&lt;p&gt;\n	雀巢咖啡，wstmall测试商品，请勿下单\n&lt;/p&gt;\n&lt;p&gt;\n	&amp;nbsp;\n&lt;/p&gt;\n&lt;p&gt;\n	&lt;img alt=&quot;&quot; src=&quot;/product/wstmall/Upload/image/20150601/20150601062026_13361.jpg&quot; /&gt;\n&lt;/p&gt;', 0, 0, 0, 0, 1, NULL, 0, NULL, 1, NULL, '2015-06-01 14:20:28'),
(159, '345324', '雀巢 中老年 奶粉 营养奶粉 850g/罐', 'Upload/goods/2015-06/556bf9fa39c55.jpg', 'Upload/goods/2015-06/556bf9fa39c55.jpg', 29, 20, '456.00', '342.00', 3453, 0, 0, 0, 0, '罐', '850g/罐', 0, 1, 1, 1, 1, 0, 0, NULL, 49, 82, 301, 147, 148, '&lt;p&gt;\n	wstmall测试商品请勿下单\n&lt;/p&gt;\n&lt;p&gt;\n	&amp;nbsp;\n&lt;/p&gt;\n&lt;p&gt;\n	&lt;img alt=&quot;&quot; src=&quot;/product/wstmall/Upload/image/20150601/20150601062209_84023.jpg&quot; /&gt;\n&lt;/p&gt;', 0, 0, 0, 0, 1, NULL, 0, NULL, 1, NULL, '2015-06-01 14:22:10'),
(160, '23534', '雀巢健心中老年奶粉 900g', 'Upload/goods/2015-06/556c12e77f4d1.jpg', 'Upload/goods/2015-06/556c12e77f4d1.jpg', 29, 20, '234.00', '232.00', 235435, 0, 0, 0, 0, '罐', '900g', 0, 1, 1, 1, 1, 0, 0, NULL, 49, 82, 301, 155, 156, '&lt;p&gt;\n	雀巢奶粉 请勿下单\n&lt;/p&gt;\n&lt;p&gt;\n	&amp;nbsp;\n&lt;/p&gt;\n&lt;p&gt;\n	&lt;img alt=&quot;&quot; src=&quot;/product/wstmall/Upload/image/20150601/20150601080921_36087.jpg&quot; /&gt;\n&lt;/p&gt;', 0, 0, 0, 0, 1, NULL, 0, NULL, 1, NULL, '2015-06-01 16:09:34'),
(161, '35345', '伊利 中老年 奶粉 900g', 'Upload/goods/2015-06/556c1478e6a92.jpg', 'Upload/goods/2015-06/556c1478e6a92.jpg', 30, 20, '67.00', '65.00', 543535, 0, 0, 0, 0, '罐', '900g', 0, 1, 1, 1, 1, 0, 0, NULL, 49, 82, 305, 155, 156, '&lt;p&gt;\n	伊利奶粉，伊利奶粉\n&lt;/p&gt;\n&lt;p&gt;\n	&amp;nbsp;\n&lt;/p&gt;\n&lt;p&gt;\n	&lt;img alt=&quot;&quot; src=&quot;/product/wstmall/Upload/image/20150601/20150601081538_82704.jpg&quot; /&gt;\n&lt;/p&gt;', 0, 0, 0, 0, 1, NULL, 0, NULL, 1, NULL, '2015-06-01 16:15:39'),
(162, '5345345', '伊利 女士 营养奶粉 (方便装) 400g', 'Upload/goods/2015-06/556c150e5366a.jpg', 'Upload/goods/2015-06/556c150e5366a.jpg', 30, 20, '46.00', '42.00', 435345, 0, 0, 0, 0, '袋', '400g', 0, 1, 1, 1, 1, 0, 0, NULL, 49, 82, 301, 155, 156, '&lt;p&gt;\n	伊利奶粉，伊利奶粉\n&lt;/p&gt;\n&lt;p&gt;\n	&amp;nbsp;\n&lt;/p&gt;\n&lt;p&gt;\n	&lt;img alt=&quot;&quot; src=&quot;/product/wstmall/Upload/image/20150601/20150601081812_74948.jpg&quot; /&gt;\n&lt;/p&gt;', 0, 0, 0, 0, 1, NULL, 0, NULL, 1, NULL, '2015-06-01 16:18:14'),
(163, '345646', '雀巢全家营养甜奶粉 300g', 'Upload/goods/2015-06/556c158dd3c75.jpg', 'Upload/goods/2015-06/556c158dd3c75.jpg', 30, 20, '234.00', '231.00', 24324, 0, 0, 0, 0, '袋', '300g', 0, 1, 1, 1, 1, 0, 0, NULL, 49, 82, 305, 155, 156, '&lt;p&gt;\n	伊利奶粉\n&lt;/p&gt;\n&lt;p&gt;\n	&amp;nbsp;\n&lt;/p&gt;\n&lt;p&gt;\n	&lt;img alt=&quot;&quot; src=&quot;/product/wstmall/Upload/image/20150601/20150601082004_64071.jpg&quot; /&gt;\n&lt;/p&gt;', 0, 0, 0, 0, 1, NULL, 0, NULL, 1, NULL, '2015-06-01 16:20:13'),
(164, '345345445', '红牛维生素功能饮料250ml', 'Upload/goods/2015-06/556c178551085.jpg', 'Upload/goods/2015-06/556c178551085.jpg', 31, 20, '6.00', '5.00', 3454354, 0, 0, 0, 0, '罐', '250ml', 0, 1, 1, 1, 1, 0, 0, NULL, 49, 81, 313, 151, 152, '&lt;p&gt;\n	红牛功能饮料\n&lt;/p&gt;\n&lt;p&gt;\n	&amp;nbsp;\n&lt;/p&gt;\n&lt;p&gt;\n	&lt;img alt=&quot;&quot; src=&quot;/product/wstmall/Upload/image/20150601/20150601082833_25493.jpg&quot; /&gt;\n&lt;/p&gt;', 0, 0, 0, 0, 1, NULL, 0, NULL, 1, NULL, '2015-06-01 16:28:36'),
(165, '324872', '佳得乐橙味运动饮料600ml', 'Upload/goods/2015-06/556c17c8a116a.jpg', 'Upload/goods/2015-06/556c17c8a116a.jpg', 32, 20, '7.00', '4.00', 34543, 0, 0, 0, 0, '瓶', '600ml', 0, 1, 1, 1, 1, 0, 0, NULL, 49, 81, 304, 151, 154, '&lt;p&gt;\n	测试商品，请勿下单\n&lt;/p&gt;\n&lt;p&gt;\n	&amp;nbsp;\n&lt;/p&gt;\n&lt;p&gt;\n	&lt;img alt=&quot;&quot; src=&quot;/product/wstmall/Upload/image/20150601/20150601082948_66288.jpg&quot; /&gt;\n&lt;/p&gt;', 0, 0, 0, 0, 1, NULL, 0, NULL, 1, NULL, '2015-06-01 16:29:50'),
(166, '9457395', '美年达橙味汽水330ml 罐装', 'Upload/goods/2015-06/556c184e97298.jpg', 'Upload/goods/2015-06/556c184e97298.jpg', 33, 20, '7.00', '4.00', 345345, 0, 0, 0, 0, '罐', '330ml', 0, 1, 1, 1, 1, 0, 0, NULL, 49, 81, 316, 151, 153, '&lt;p&gt;\n	么么哒。。。\n&lt;/p&gt;\n&lt;p&gt;\n	&lt;img alt=&quot;&quot; src=&quot;/product/wstmall/Upload/image/20150601/20150601083150_72034.jpg&quot; /&gt;\n&lt;/p&gt;', 0, 0, 0, 0, 1, NULL, 0, NULL, 1, NULL, '2015-06-01 16:31:54'),
(167, '234924', '芬达橙味汽水330ml 罐装', 'Upload/goods/2015-06/556c18c22109e.jpg', 'Upload/goods/2015-06/556c18c22109e.jpg', 34, 20, '6.00', '4.00', 235345, 0, 0, 0, 0, '罐', '330ml', 0, 1, 1, 1, 1, 0, 0, NULL, 49, 81, 316, 151, 153, '&lt;p&gt;\n	芬达饮料\n&lt;/p&gt;\n&lt;p&gt;\n	&amp;nbsp;\n&lt;/p&gt;\n&lt;p&gt;\n	&lt;img alt=&quot;&quot; src=&quot;/product/wstmall/Upload/image/20150601/20150601083337_41755.jpg&quot; /&gt;\n&lt;/p&gt;', 0, 0, 0, 0, 1, NULL, 0, NULL, 1, NULL, '2015-06-01 16:33:39'),
(168, '34535', '康师傅掌中包冰红茶250ml', 'Upload/goods/2015-06/556c1956bd0cf.jpg', 'Upload/goods/2015-06/556c1956bd0cf.jpg', 35, 20, '5.00', '3.00', 3543523, 0, 0, 0, 0, '瓶', '250ml', 0, 1, 1, 1, 1, 0, 0, NULL, 49, 81, 304, 151, 154, '&lt;p&gt;\n	&lt;span style=&quot;color:#333333;background-color:#FFFFFF;&quot;&gt;康师傅掌中包冰红茶250ml&lt;/span&gt;\n&lt;/p&gt;\n&lt;p&gt;\n	&lt;span style=&quot;color:#333333;background-color:#FFFFFF;&quot;&gt;&lt;span style=&quot;color:#333333;background-color:#FFFFFF;&quot;&gt;康师傅掌中包冰红茶250ml&lt;/span&gt;&lt;/span&gt;\n&lt;/p&gt;\n&lt;p&gt;\n	&lt;span style=&quot;color:#333333;background-color:#FFFFFF;&quot;&gt;&lt;span style=&quot;color:#333333;background-color:#FFFFFF;&quot;&gt;&lt;span style=&quot;color:#333333;background-color:#FFFFFF;&quot;&gt;康师傅掌中包冰红茶250ml&lt;/span&gt;&lt;/span&gt;&lt;/span&gt;\n&lt;/p&gt;\n&lt;p&gt;\n	&lt;span style=&quot;color:#333333;background-color:#FFFFFF;&quot;&gt;&lt;span style=&quot;color:#333333;background-color:#FFFFFF;&quot;&gt;&lt;span style=&quot;color:#333333;background-color:#FFFFFF;&quot;&gt;&lt;/span&gt;&lt;/span&gt;&lt;/span&gt;&amp;nbsp;\n&lt;/p&gt;\n&lt;p&gt;\n	&lt;span style=&quot;color:#333333;background-color:#FFFFFF;&quot;&gt;&lt;span style=&quot;color:#333333;background-color:#FFFFFF;&quot;&gt;&lt;span style=&quot;color:#333333;background-color:#FFFFFF;&quot;&gt;&lt;img alt=&quot;&quot; src=&quot;/product/wstmall/Upload/image/20150601/20150601083622_87489.jpg&quot; /&gt;&lt;/span&gt;&lt;/span&gt;&lt;/span&gt;\n&lt;/p&gt;', 0, 0, 0, 0, 1, NULL, 0, NULL, 1, NULL, '2015-06-01 16:36:31'),
(169, '23435', '康师傅冰红茶1L', 'Upload/goods/2015-06/556c19ce46b97.jpg', 'Upload/goods/2015-06/556c19ce46b97.jpg', 35, 20, '12.00', '10.00', 353453, 0, 0, 0, 0, '瓶', '1L', 0, 1, 1, 1, 1, 0, 0, NULL, 49, 81, 304, 151, 154, '&lt;p&gt;\n	康师傅冰红茶\n&lt;/p&gt;\n&lt;p&gt;\n	&amp;nbsp;\n&lt;/p&gt;\n&lt;p&gt;\n	&lt;img alt=&quot;&quot; src=&quot;/product/wstmall/Upload/image/20150601/20150601083823_40278.jpg&quot; /&gt;\n&lt;/p&gt;', 0, 0, 0, 0, 1, NULL, 0, NULL, 1, NULL, '2015-06-01 16:38:26'),
(170, '234934', '康师傅冰红茶550ml', 'Upload/goods/2015-06/556c1a1362f29.jpg', 'Upload/goods/2015-06/556c1a1362f29.jpg', 35, 20, '10.00', '8.00', 4353, 0, 0, 0, 0, '瓶', '550ml', 0, 1, 1, 1, 1, 0, 0, NULL, 49, 81, 304, 151, 153, '&lt;p&gt;\n	康师傅冰红茶\n&lt;/p&gt;\n&lt;p&gt;\n	&amp;nbsp;\n&lt;/p&gt;\n&lt;p&gt;\n	&lt;img alt=&quot;&quot; src=&quot;/product/wstmall/Upload/image/20150601/20150601083934_83959.jpg&quot; /&gt;\n&lt;/p&gt;', 0, 0, 0, 0, 1, NULL, 0, NULL, 1, NULL, '2015-06-01 16:39:36'),
(171, '3534535', '美汁源果粒橙1.25L', 'Upload/goods/2015-06/556c1ab6e390b.jpg', 'Upload/goods/2015-06/556c1ab6e390b.jpg', 36, 20, '9.00', '5.00', 54435345, 0, 0, 0, 0, '瓶', '1.25L', 0, 1, 1, 1, 1, 0, 0, NULL, 49, 81, 304, 151, 153, '&lt;p&gt;\n	&lt;span style=&quot;color:#333333;background-color:#FFFFFF;&quot;&gt;美汁源果粒橙1.25L&lt;span style=&quot;color:#333333;background-color:#FFFFFF;&quot;&gt;美汁源果粒橙1.25L&lt;span style=&quot;color:#333333;background-color:#FFFFFF;&quot;&gt;美汁源果粒橙1.25L&lt;/span&gt;&lt;/span&gt;&lt;/span&gt;\n&lt;/p&gt;\n&lt;p&gt;\n	&lt;span style=&quot;color:#333333;background-color:#FFFFFF;&quot;&gt;&lt;span style=&quot;color:#333333;background-color:#FFFFFF;&quot;&gt;&lt;span style=&quot;color:#333333;background-color:#FFFFFF;&quot;&gt;&lt;/span&gt;&lt;/span&gt;&lt;/span&gt;&amp;nbsp;\n&lt;/p&gt;\n&lt;p&gt;\n	&lt;span style=&quot;color:#333333;background-color:#FFFFFF;&quot;&gt;&lt;span style=&quot;color:#333333;background-color:#FFFFFF;&quot;&gt;&lt;span style=&quot;color:#333333;background-color:#FFFFFF;&quot;&gt;&lt;img alt=&quot;&quot; src=&quot;/product/wstmall/Upload/image/20150601/20150601084207_17671.jpg&quot; /&gt;&lt;/span&gt;&lt;/span&gt;&lt;/span&gt;\n&lt;/p&gt;', 0, 0, 0, 0, 1, NULL, 0, NULL, 1, NULL, '2015-06-01 16:42:17'),
(172, '3493845', '太古纯正方糖454G', 'Upload/goods/2015-06/556c1d20dc9bc.jpg', 'Upload/goods/2015-06/556c1d20dc9bc.jpg', 37, 20, '15.00', '13.00', 3242334, 0, 0, 0, 0, '盒', '454g', 0, 1, 1, 1, 1, 0, 0, NULL, 49, 79, 302, 147, 149, '&lt;p&gt;\n	太古咖啡伴侣。。。\n&lt;/p&gt;\n&lt;p&gt;\n	&amp;nbsp;\n&lt;/p&gt;\n&lt;p&gt;\n	&lt;img alt=&quot;&quot; src=&quot;/product/wstmall/Upload/image/20150601/20150601085234_42255.jpg&quot; /&gt;\n&lt;/p&gt;', 0, 0, 0, 0, 1, NULL, 0, NULL, 1, NULL, '2015-06-01 16:52:36'),
(173, '354345', '雀巢 1+2原味咖啡 15克x42条装 630克', 'Upload/goods/2015-06/556c1d680fc6b.jpg', 'Upload/goods/2015-06/556c1d680fc6b.jpg', 29, 20, '45.00', '35.00', 35345, 0, 0, 0, 0, '盒', '15克x42条', 0, 1, 1, 1, 1, 0, 0, NULL, 49, 79, 308, 147, 148, '&lt;p&gt;\n	雀巢速溶咖啡\n&lt;/p&gt;\n&lt;p&gt;\n	wstmall测试商品请勿下单\n&lt;/p&gt;\n&lt;p&gt;\n	&amp;nbsp;\n&lt;/p&gt;\n&lt;p&gt;\n	&lt;img alt=&quot;&quot; src=&quot;/product/wstmall/Upload/image/20150601/20150601085415_74720.jpg&quot; /&gt;\n&lt;/p&gt;', 0, 0, 0, 0, 1, NULL, 0, NULL, 1, NULL, '2015-06-01 16:54:18'),
(174, '53535', '麦斯威尔 原味 咖啡 42条装', 'Upload/goods/2015-06/556c1e0d685c1.jpg', 'Upload/goods/2015-06/556c1e0d685c1.jpg', 38, 20, '53.00', '51.00', 23425, 0, 0, 0, 0, '盒', '42条装', 0, 1, 1, 1, 1, 0, 0, NULL, 49, 79, 299, 147, 148, '&lt;p&gt;\n	42条装 咖啡\n&lt;/p&gt;\n&lt;p&gt;\n	&amp;nbsp;\n&lt;/p&gt;\n&lt;p&gt;\n	&lt;img alt=&quot;&quot; src=&quot;/product/wstmall/Upload/image/20150601/20150601085624_38336.jpg&quot; /&gt;\n&lt;/p&gt;', 0, 0, 0, 0, 1, NULL, 0, NULL, 1, NULL, '2015-06-01 16:56:32'),
(175, '23252', '可比可拿铁咖啡24*21.25G', 'Upload/goods/2015-06/556c1ea35883d.jpg', 'Upload/goods/2015-06/556c1ea35883d.jpg', 39, 20, '56.00', '50.00', 353453, 0, 0, 0, 0, '盒', '24*21.25G', 0, 1, 1, 1, 1, 0, 0, NULL, 49, 79, 298, 147, 148, '&lt;p&gt;\n	24*21.25G 卡比克拿铁咖啡\n&lt;/p&gt;\n&lt;p&gt;\n	&amp;nbsp;\n&lt;/p&gt;\n&lt;p&gt;\n	&lt;img alt=&quot;&quot; src=&quot;/product/wstmall/Upload/image/20150601/20150601085905_63047.jpg&quot; /&gt;\n&lt;/p&gt;', 0, 0, 0, 0, 1, NULL, 0, NULL, 1, NULL, '2015-06-01 16:59:15'),
(176, '234242', '可比可摩卡咖啡24*24.25G', 'Upload/goods/2015-06/556c1f1c4faae.jpg', 'Upload/goods/2015-06/556c1f1c4faae.jpg', 39, 20, '67.00', '55.00', 234234, 0, 0, 0, 0, '盒', '24*24.25G', 0, 1, 1, 1, 1, 0, 0, NULL, 49, 79, 298, 147, 148, '&lt;p&gt;\n	24*24.25G24*24.25G\n&lt;/p&gt;\n&lt;p&gt;\n	&amp;nbsp;\n&lt;/p&gt;\n&lt;p&gt;\n	&lt;img alt=&quot;&quot; src=&quot;/product/wstmall/Upload/image/20150601/20150601090052_63709.jpg&quot; /&gt;\n&lt;/p&gt;', 0, 0, 0, 0, 1, NULL, 0, NULL, 1, NULL, '2015-06-01 17:01:04'),
(177, '5353453', '日本进口AGF maxim马克西姆速溶咖啡180g', 'Upload/goods/2015-06/556c1ff672852.jpg', 'Upload/goods/2015-06/556c1ff672852.jpg', 29, 20, '345.00', '234.00', 234234, 0, 0, 0, 0, '罐', '180g', 0, 1, 1, 1, 1, 0, 0, NULL, 49, 79, 298, 147, 148, '&lt;p&gt;\n	速溶咖啡\n&lt;/p&gt;\n&lt;p&gt;\n	&amp;nbsp;\n&lt;/p&gt;\n&lt;p&gt;\n	&lt;img alt=&quot;&quot; src=&quot;/product/wstmall/Upload/image/20150601/20150601090510_20261.jpg&quot; /&gt;\n&lt;/p&gt;', 0, 0, 0, 0, 1, NULL, 0, NULL, 1, NULL, '2015-06-01 17:05:12'),
(178, '353543', '摩卡家庭套装15G*42', 'Upload/goods/2015-06/556c20c39ed91.jpg', 'Upload/goods/2015-06/556c20c39ed91.jpg', 40, 20, '35.00', '34.00', 2342342, 0, 0, 0, 0, '盒', '15G*42', 0, 1, 1, 1, 1, 0, 0, NULL, 49, 79, 299, 147, 148, '&lt;p&gt;\n	摩卡咖啡\n&lt;/p&gt;\n&lt;p&gt;\n	&amp;nbsp;\n&lt;/p&gt;\n&lt;p&gt;\n	&lt;img alt=&quot;&quot; src=&quot;/product/wstmall/Upload/image/20150601/20150601090759_17803.jpg&quot; /&gt;\n&lt;/p&gt;', 0, 0, 0, 0, 1, NULL, 0, NULL, 1, NULL, '2015-06-01 17:08:01'),
(179, '354335', '雀巢咖啡1+2原味 100*15g', 'Upload/goods/2015-06/556c211be5457.jpg', 'Upload/goods/2015-06/556c211be5457.jpg', 29, 20, '35.00', '32.00', 35345, 0, 0, 0, 0, '盒', ' 100*15g', 0, 1, 1, 1, 1, 0, 0, NULL, 49, 79, 308, 147, 148, '&lt;p&gt;\n	雀巢咖啡\n&lt;/p&gt;\n&lt;p&gt;\n	&amp;nbsp;\n&lt;/p&gt;\n&lt;p&gt;\n	&lt;img alt=&quot;&quot; src=&quot;/product/wstmall/Upload/image/20150601/20150601090910_64689.jpg&quot; /&gt;\n&lt;/p&gt;', 0, 0, 0, 0, 1, NULL, 0, NULL, 1, NULL, '2015-06-01 17:09:21'),
(180, '335345', '金龙鱼黄金比例食用调和油5000ml', 'Upload/goods/2015-06/556c24e57b479.jpg', 'Upload/goods/2015-06/556c24e57b479.jpg', 44, 23, '65.00', '55.00', 3434535, 0, 0, 0, 0, '瓶', '5000ml', 0, 1, 1, 1, 1, 0, 0, NULL, 50, 220, 242, 157, 161, '&lt;p&gt;\n	5000ml金龙鱼油\n&lt;/p&gt;\n&lt;p&gt;\n	&amp;nbsp;\n&lt;/p&gt;\n&lt;p&gt;\n	&lt;img alt=&quot;&quot; src=&quot;/product/wstmall/Upload/image/20150601/20150601092749_32142.jpg&quot; /&gt;\n&lt;/p&gt;', 0, 0, 0, 0, 1, NULL, 0, NULL, 1, NULL, '2015-06-01 17:27:50'),
(181, '4535345', '金龙鱼精炼一级大豆油1800ml', 'Upload/goods/2015-06/556c25bb80825.jpg', 'Upload/goods/2015-06/556c25bb80825.jpg', 44, 23, '32.00', '23.00', 23423, 0, 0, 0, 0, '瓶', '1800ml', 0, 1, 1, 1, 1, 0, 0, NULL, 50, 220, 242, 157, 161, '&lt;p&gt;\n	金龙鱼油\n&lt;/p&gt;\n&lt;p&gt;\n	&lt;img alt=&quot;&quot; src=&quot;/product/wstmall/Upload/image/20150601/20150601092905_30335.jpg&quot; /&gt;\n&lt;/p&gt;', 0, 0, 0, 0, 1, NULL, 0, NULL, 1, NULL, '2015-06-01 17:29:08'),
(182, '372494', '福临门非转基因纯正玉米油4L', 'Upload/goods/2015-06/556c26d6cc7c0.jpg', 'Upload/goods/2015-06/556c26d6cc7c0.jpg', 41, 23, '65.00', '54.00', 34535, 0, 0, 0, 0, '瓶', '4L', 0, 1, 1, 1, 1, 0, 0, NULL, 50, 220, 244, 157, 161, '&lt;p&gt;\n	福临门\n&lt;/p&gt;\n&lt;p&gt;\n	&amp;nbsp;\n&lt;/p&gt;\n&lt;p&gt;\n	&lt;img alt=&quot;&quot; src=&quot;/product/wstmall/Upload/image/20150601/20150601093346_82182.jpg&quot; /&gt;\n&lt;/p&gt;', 0, 0, 0, 0, 1, NULL, 0, NULL, 1, NULL, '2015-06-01 17:33:54'),
(183, '32432534', '鲁花5S压榨一级花生油5L（非转）送酱油', 'Upload/goods/2015-06/556c27b4d9fc0.jpg', 'Upload/goods/2015-06/556c27b4d9fc0.jpg', 42, 23, '150.00', '140.00', 34935, 0, 0, 0, 0, '瓶', '5L', 0, 1, 1, 1, 1, 0, 0, NULL, 50, 220, 245, 157, 162, '&lt;p&gt;\n	鲁花花生油\n&lt;/p&gt;\n&lt;p&gt;\n	&lt;img alt=&quot;&quot; src=&quot;/product/wstmall/Upload/image/20150601/20150601093754_85769.jpg&quot; /&gt;\n&lt;/p&gt;', 0, 0, 0, 0, 1, NULL, 0, NULL, 1, NULL, '2015-06-01 17:38:00'),
(184, '35435345', '多力5珍宝葵花籽非转基因调和油5L', 'Upload/goods/2015-06/556c284f4565c.jpg', 'Upload/goods/2015-06/556c284f4565c.jpg', 43, 23, '65.00', '60.00', 3545, 0, 0, 0, 0, '瓶', '5L', 0, 1, 1, 1, 1, 0, 0, NULL, 50, 220, 242, 157, 161, '&lt;p&gt;\n	&lt;span style=&quot;color:#333333;background-color:#FFFFFF;&quot;&gt;多力5珍宝葵花籽非转基因调和油5L&lt;/span&gt;\n&lt;/p&gt;\n&lt;p&gt;\n	&lt;span style=&quot;color:#333333;background-color:#FFFFFF;&quot;&gt;&lt;/span&gt;&amp;nbsp;\n&lt;/p&gt;\n&lt;p&gt;\n	&lt;span style=&quot;color:#333333;background-color:#FFFFFF;&quot;&gt;&lt;img alt=&quot;&quot; src=&quot;/product/wstmall/Upload/image/20150601/20150601094005_84674.jpg&quot; /&gt;&lt;/span&gt;\n&lt;/p&gt;', 0, 0, 0, 0, 1, NULL, 0, NULL, 1, NULL, '2015-06-01 17:40:07'),
(185, '34534345', '多力mighty 橄榄葵花油2.5L 食用油 非转', 'Upload/goods/2015-06/556c28d145513.jpg', 'Upload/goods/2015-06/556c28d145513.jpg', 43, 23, '345.00', '232.00', 3244353, 0, 0, 0, 0, '瓶', '2.5L', 0, 1, 1, 1, 1, 0, 0, NULL, 50, 220, 242, 157, 161, '&lt;p&gt;\n	多力调和油\n&lt;/p&gt;\n&lt;p&gt;\n	&amp;nbsp;\n&lt;/p&gt;\n&lt;p&gt;\n	&lt;img alt=&quot;&quot; src=&quot;/product/wstmall/Upload/image/20150601/20150601094224_81238.jpg&quot; /&gt;\n&lt;/p&gt;', 0, 0, 0, 0, 1, NULL, 0, NULL, 1, NULL, '2015-06-01 17:42:28'),
(186, '353543', '福临门非转基因葵花籽油5L/桶+900ml/瓶', 'Upload/goods/2015-06/556c293daa031.jpg', 'Upload/goods/2015-06/556c293daa031.jpg', 41, 23, '234.00', '123.00', 2342, 0, 0, 0, 0, '瓶', '5L/桶+900ml/瓶', 0, 1, 1, 1, 1, 0, 0, NULL, 50, 220, 242, 157, 161, '&lt;p&gt;\n	福临门调和油\n&lt;/p&gt;\n&lt;p&gt;\n	&amp;nbsp;\n&lt;/p&gt;\n&lt;p&gt;\n	&lt;img alt=&quot;&quot; src=&quot;/product/wstmall/Upload/image/20150601/20150601094414_98165.jpg&quot; /&gt;\n&lt;/p&gt;', 0, 0, 0, 0, 1, NULL, 0, NULL, 1, NULL, '2015-06-01 17:44:20'),
(187, '343535', '金龙鱼深海调和油1800ml（非转）', 'Upload/goods/2015-06/556c2a1f246dc.jpg', 'Upload/goods/2015-06/556c2a1f246dc.jpg', 44, 23, '78.00', '56.00', 345345, 0, 0, 0, 0, '瓶', '1800ml', 0, 1, 1, 1, 1, 0, 0, NULL, 50, 220, 242, 157, 161, '&lt;p&gt;\n	金龙鱼花生油&lt;img alt=&quot;&quot; src=&quot;/product/wstmall/Upload/image/20150601/20150601094753_92295.jpg&quot; /&gt;\n&lt;/p&gt;\n&lt;p&gt;\n	&amp;nbsp;\n&lt;/p&gt;\n&lt;p&gt;\n	&amp;nbsp;\n&lt;/p&gt;', 0, 0, 0, 0, 1, NULL, 0, NULL, 1, NULL, '2015-06-01 17:47:56'),
(188, '239427', '真真老老真传礼盒 1.28kg', 'Upload/goods/2015-06/556c2c2790f4d.jpg', 'Upload/goods/2015-06/556c2c2790f4d.jpg', 45, 23, '78.00', '68.00', 2532445, 0, 0, 0, 0, '盒', '1.28kg', 0, 1, 1, 1, 1, 0, 0, NULL, 50, 223, 333, 160, 168, '&lt;p&gt;\n	真真老老粽子\n&lt;/p&gt;\n&lt;p&gt;\n	&amp;nbsp;\n&lt;/p&gt;\n&lt;p&gt;\n	&lt;img alt=&quot;&quot; src=&quot;/product/wstmall/Upload/image/20150601/20150601100028_65055.jpg&quot; /&gt;\n&lt;/p&gt;', 0, 0, 0, 0, 1, NULL, 0, NULL, 1, NULL, '2015-06-01 18:00:36'),
(189, '3454', '五芳斋 丰年五芳礼盒粽子（100g*24）', 'Upload/goods/2015-06/556c2dd2d7f1f.jpg', 'Upload/goods/2015-06/556c2dd2d7f1f.jpg', 46, 23, '234.00', '190.00', 234324, 0, 0, 0, 0, '盒', '100g*24', 0, 1, 1, 1, 1, 0, 0, NULL, 50, 223, 333, 160, 169, '&lt;p&gt;\n	100g*24\n&lt;/p&gt;\n&lt;p&gt;\n	&lt;img alt=&quot;&quot; src=&quot;/product/wstmall/Upload/image/20150601/20150601100352_86451.jpg&quot; /&gt;\n&lt;/p&gt;', 0, 0, 0, 0, 1, NULL, 0, NULL, 1, NULL, '2015-06-01 18:03:53'),
(190, '45345435', '银鹭 椰果 八宝粥 360g*8瓶/箱', 'Upload/goods/2015-06/556c2e7f4dac9.jpg', 'Upload/goods/2015-06/556c2e7f4dac9.jpg', 47, 23, '32.00', '28.00', 324234, 0, 0, 0, 0, '箱', '360g*8瓶/箱', 0, 1, 1, 1, 1, 0, 0, NULL, 50, 223, 235, 160, 169, '&lt;p&gt;\n	360g*8瓶/箱\n&lt;/p&gt;\n&lt;p&gt;\n	&amp;nbsp;\n&lt;/p&gt;\n&lt;p&gt;\n	&lt;img alt=&quot;&quot; src=&quot;/product/wstmall/Upload/image/20150601/20150601100747_53448.jpg&quot; /&gt;\n&lt;/p&gt;', 0, 0, 0, 0, 1, NULL, 0, NULL, 1, NULL, '2015-06-01 18:08:44'),
(191, '3423', '2014年新米 常金东北小粒王10kg', 'Upload/goods/2015-06/556c4699eb9c6.jpg', 'Upload/goods/2015-06/556c4699eb9c6.jpg', 44, 23, '78.00', '69.00', 534535, 0, 0, 0, 0, '包', '10kg', 0, 1, 1, 1, 1, 0, 0, NULL, 50, 221, 229, 158, 163, '&lt;p&gt;\n	2014年新米 常金东北小粒王10kg\n&lt;/p&gt;\n&lt;p&gt;\n	&amp;nbsp;\n&lt;/p&gt;\n&lt;p&gt;\n	&lt;img alt=&quot;&quot; src=&quot;/product/wstmall/Upload/image/20150601/20150601114945_28374.jpg&quot; /&gt;\n&lt;/p&gt;', 0, 0, 0, 0, 1, NULL, 0, NULL, 1, NULL, '2015-06-01 19:49:47'),
(192, '54345', '福临门赋香稻5KG', 'Upload/goods/2015-06/556c46fd65d9b.jpg', 'Upload/goods/2015-06/556c46fd65d9b.jpg', 41, 23, '67.00', '46.00', 23434, 0, 0, 0, 0, '包', '5kg', 0, 1, 1, 1, 1, 0, 0, NULL, 50, 221, 229, 158, 163, '&lt;p&gt;\n	福临门大米\n&lt;/p&gt;\n&lt;p&gt;\n	&amp;nbsp;\n&lt;/p&gt;\n&lt;p&gt;\n	&lt;img alt=&quot;&quot; src=&quot;/product/wstmall/Upload/image/20150601/20150601115058_41429.jpg&quot; /&gt;\n&lt;/p&gt;', 0, 0, 0, 0, 1, NULL, 0, NULL, 1, NULL, '2015-06-01 19:51:01'),
(193, '4535', '福兴米业富大院 五常一品稻花香大米 绿色食品500', 'Upload/goods/2015-06/556c473ede734.jpg', 'Upload/goods/2015-06/556c473ede734.jpg', 41, 23, '4.00', '3.00', 3453453, 0, 0, 0, 0, '斤', '500g', 0, 1, 1, 1, 1, 0, 0, NULL, 50, 221, 229, 158, 163, '&lt;p&gt;\n	大米\n&lt;/p&gt;\n&lt;p&gt;\n	&amp;nbsp;\n&lt;/p&gt;\n&lt;p&gt;\n	&lt;img alt=&quot;&quot; src=&quot;/product/wstmall/Upload/image/20150601/20150601115207_99252.jpg&quot; /&gt;\n&lt;/p&gt;', 0, 0, 0, 0, 1, NULL, 0, NULL, 1, NULL, '2015-06-01 19:52:14'),
(194, '354345', '福临门五常稻花香米 大米5kg', 'Upload/goods/2015-06/556c479108a32.jpg', 'Upload/goods/2015-06/556c479108a32.jpg', 41, 23, '46.00', '40.00', 345345, 0, 0, 0, 0, '包', '5kg', 0, 1, 1, 1, 1, 0, 0, NULL, 50, 221, 229, 158, 163, '&lt;p&gt;\n	福临门大米\n&lt;/p&gt;\n&lt;p&gt;\n	&amp;nbsp;\n&lt;/p&gt;\n&lt;p&gt;\n	&lt;img alt=&quot;&quot; src=&quot;/product/wstmall/Upload/image/20150601/20150601115327_86552.jpg&quot; /&gt;\n&lt;/p&gt;', 0, 0, 0, 0, 1, NULL, 0, NULL, 1, NULL, '2015-06-01 19:53:41'),
(195, '234234', '常金真的好 软玉粳米 10kg', 'Upload/goods/2015-06/556c47d7c191f.jpg', 'Upload/goods/2015-06/556c47d7c191f.jpg', 41, 23, '78.00', '76.00', 345435, 0, 0, 0, 0, '包', '10kg', 0, 1, 1, 1, 1, 0, 0, NULL, 50, 221, 229, 158, 163, '&lt;p&gt;\n	常金大米，真的好\n&lt;/p&gt;\n&lt;p&gt;\n	&amp;nbsp;\n&lt;/p&gt;\n&lt;p&gt;\n	&lt;img alt=&quot;&quot; src=&quot;/product/wstmall/Upload/image/20150601/20150601115442_53816.jpg&quot; /&gt;\n&lt;/p&gt;', 0, 0, 0, 0, 1, NULL, 0, NULL, 1, NULL, '2015-06-01 19:54:45'),
(196, '345345', '大山第一村 北纬30°神奇大米 米宝宝 老人小孩营', 'Upload/goods/2015-06/556c48551076a.jpg', 'Upload/goods/2015-06/556c48551076a.jpg', 41, 23, '45.00', '40.00', 35345, 0, 0, 0, 0, '包', '500g', 0, 1, 1, 1, 1, 0, 0, NULL, 50, 221, 229, 158, 163, '&lt;p&gt;\n	大米\n&lt;/p&gt;\n&lt;p&gt;\n	&amp;nbsp;\n&lt;/p&gt;\n&lt;p&gt;\n	&lt;img alt=&quot;&quot; src=&quot;/product/wstmall/Upload/image/20150601/20150601115554_94353.jpg&quot; /&gt;\n&lt;/p&gt;', 0, 0, 0, 0, 1, NULL, 0, NULL, 1, NULL, '2015-06-01 19:56:06'),
(197, '43544', 'wstmall测试商品 金龙鱼原香稻10KG', 'Upload/goods/2015-06/556c4876e8ef2.jpg', 'Upload/goods/2015-06/556c4876e8ef2.jpg', 44, 23, '89.00', '57.00', 345345, 0, 0, 0, 0, '包', '10kg', 0, 1, 1, 1, 1, 0, 0, NULL, 50, 221, 229, 158, 163, '&lt;p&gt;\n	金龙鱼大米\n&lt;/p&gt;\n&lt;p&gt;\n	&amp;nbsp;\n&lt;/p&gt;\n&lt;p&gt;\n	&lt;img alt=&quot;&quot; src=&quot;/product/wstmall/Upload/image/20150601/20150601115717_28432.jpg&quot; /&gt;\n&lt;/p&gt;', 0, 0, 0, 0, 1, NULL, 0, NULL, 1, NULL, '2015-06-01 19:57:32'),
(198, '3454365', 'wstmall测试商品 金龙鱼软香稻10KG', 'Upload/goods/2015-06/556c48c34bb35.jpg', 'Upload/goods/2015-06/556c48c34bb35.jpg', 44, 23, '56.00', '35.00', 234232, 0, 0, 0, 0, '袋', '10kg', 0, 1, 1, 1, 1, 0, 0, NULL, 50, 221, 229, 158, 163, '&lt;p&gt;\n	&lt;span style=&quot;color:#333333;background-color:#FFFFFF;&quot;&gt;金龙鱼软香稻10KG&lt;/span&gt;\n&lt;/p&gt;\n&lt;p&gt;\n	&lt;span style=&quot;color:#333333;background-color:#FFFFFF;&quot;&gt;&lt;/span&gt;&amp;nbsp;\n&lt;/p&gt;\n&lt;p&gt;\n	&lt;span style=&quot;color:#333333;background-color:#FFFFFF;&quot;&gt;&lt;img alt=&quot;&quot; src=&quot;/product/wstmall/Upload/image/20150601/20150601115834_15355.jpg&quot; /&gt;&lt;/span&gt;\n&lt;/p&gt;', 0, 0, 0, 0, 1, NULL, 0, NULL, 1, NULL, '2015-06-01 19:58:35'),
(199, '426546', 'wstmall 金龙鱼 敦化黄大豆 400g/袋', 'Upload/goods/2015-06/556c4967e6d9b.jpg', 'Upload/goods/2015-06/556c4967e6d9b.jpg', 44, 23, '8.00', '7.00', 343543, 0, 0, 0, 0, '袋', '400g/袋', 0, 1, 1, 1, 1, 0, 0, NULL, 50, 222, 240, 159, 164, '&lt;p&gt;\n	&lt;img alt=&quot;&quot; src=&quot;/product/wstmall/Upload/image/20150601/20150601120125_73555.jpg&quot; /&gt;\n&lt;/p&gt;\n&lt;p&gt;\n	金龙鱼杂粮\n&lt;/p&gt;', 0, 0, 0, 0, 1, NULL, 0, NULL, 1, NULL, '2015-06-01 20:01:33'),
(200, '35433', 'wstmall 金龙鱼 宝清红小豆 400g/袋', 'Upload/goods/2015-06/556c49be4f838.jpg', 'Upload/goods/2015-06/556c49be4f838.jpg', 44, 23, '32.00', '23.00', 23423, 0, 0, 0, 0, '袋', '400g', 0, 1, 1, 1, 1, 0, 0, NULL, 50, 222, 240, 159, 164, '&lt;p&gt;\n	金龙鱼杂粮\n&lt;/p&gt;\n&lt;p&gt;\n	&amp;nbsp;\n&lt;/p&gt;\n&lt;p&gt;\n	&lt;img alt=&quot;&quot; src=&quot;/product/wstmall/Upload/image/20150601/20150601120251_42321.jpg&quot; /&gt;\n&lt;/p&gt;', 0, 0, 0, 0, 1, NULL, 0, NULL, 1, NULL, '2015-06-01 20:02:54'),
(201, '3534535', '金龙鱼 九种杂粮今日疯抢礼盒3600克', 'Upload/goods/2015-06/556c4a0e0d504.jpg', 'Upload/goods/2015-06/556c4a0e0d504.jpg', 44, 23, '100.00', '90.00', 55443, 0, 0, 0, 0, '袋', '3600克', 0, 1, 1, 1, 1, 0, 0, NULL, 50, 222, 240, 159, 164, '&lt;p&gt;\n	杂粮\n&lt;/p&gt;\n&lt;p&gt;\n	&amp;nbsp;\n&lt;/p&gt;\n&lt;p&gt;\n	&lt;img alt=&quot;&quot; src=&quot;/product/wstmall/Upload/image/20150601/20150601120406_25147.jpg&quot; /&gt;\n&lt;/p&gt;', 0, 0, 0, 0, 1, NULL, 0, NULL, 1, NULL, '2015-06-01 20:04:17'),
(202, '453543', 'FF 五谷杂粮礼盒4KG', 'Upload/goods/2015-06/556c4a50146d6.jpg', 'Upload/goods/2015-06/556c4a50146d6.jpg', 44, 23, '100.00', '92.00', 0, 0, 0, 0, 0, '袋', '4000g', 0, 1, 1, 1, 1, 0, 0, NULL, 50, 222, 238, 159, 165, '&lt;p&gt;\n	五谷杂粮\n&lt;/p&gt;\n&lt;p&gt;\n	&amp;nbsp;\n&lt;/p&gt;\n&lt;p&gt;\n	&lt;img alt=&quot;&quot; src=&quot;/product/wstmall/Upload/image/20150601/20150601120514_71597.jpg&quot; /&gt;\n&lt;/p&gt;', 0, 0, 0, 0, 1, NULL, 0, NULL, 1, NULL, '2015-06-01 20:05:16'),
(203, '345436', 'wstmall 测试商品 巴马杂粮礼盒', 'Upload/goods/2015-06/556c4a97a6acb.jpg', 'Upload/goods/2015-06/556c4a97a6acb.jpg', 44, 23, '300.00', '275.00', 34242, 0, 0, 0, 0, '盒', '', 0, 1, 1, 1, 1, 0, 0, NULL, 50, 222, 241, 159, 166, '&lt;p&gt;\n	&lt;span style=&quot;color:#333333;background-color:#FFFFFF;&quot;&gt;巴马杂粮礼盒&lt;/span&gt;\n&lt;/p&gt;\n&lt;p&gt;\n	&lt;span style=&quot;color:#333333;background-color:#FFFFFF;&quot;&gt;&lt;/span&gt;&amp;nbsp;\n&lt;/p&gt;\n&lt;p&gt;\n	&lt;span style=&quot;color:#333333;background-color:#FFFFFF;&quot;&gt;&lt;img alt=&quot;&quot; src=&quot;/product/wstmall/Upload/image/20150601/20150601120637_11708.jpg&quot; /&gt;&lt;/span&gt;\n&lt;/p&gt;', 0, 0, 0, 0, 1, NULL, 0, NULL, 1, NULL, '2015-06-01 20:06:39'),
(204, '234323', 'wstmall 测试商品 FOOD 血糯米 1KG', 'Upload/goods/2015-06/556c4f8bc0843.jpg', 'Upload/goods/2015-06/556c4f8bc0843.jpg', 46, 23, '40.00', '35.00', 234234, 0, 0, 0, 0, '袋', '500g', 0, 1, 1, 1, 1, 0, 0, NULL, 50, 222, 238, 159, 164, '&lt;p&gt;\n	&lt;span style=&quot;color:#333333;background-color:#FFFFFF;&quot;&gt;FINE FOOD 血糯米 1KG&lt;/span&gt;\n&lt;/p&gt;\n&lt;p&gt;\n	&lt;span style=&quot;color:#333333;background-color:#FFFFFF;&quot;&gt;&lt;/span&gt;&amp;nbsp;\n&lt;/p&gt;\n&lt;p&gt;\n	&lt;span style=&quot;color:#333333;background-color:#FFFFFF;&quot;&gt;&lt;img alt=&quot;&quot; src=&quot;/product/wstmall/Upload/image/20150601/20150601122753_46817.jpg&quot; /&gt;&lt;/span&gt;\n&lt;/p&gt;', 0, 0, 0, 0, 1, NULL, 0, NULL, 1, NULL, '2015-06-01 20:28:06'),
(205, '34535345', 'wstmall测试商品 农家有机黄豆 500G', 'Upload/goods/2015-06/556c4ff97aefe.jpg', 'Upload/goods/2015-06/556c4ff97aefe.jpg', 46, 23, '10.00', '8.00', 34335, 0, 0, 0, 0, '袋', '500g', 0, 1, 1, 1, 1, 0, 0, NULL, 50, 222, 240, 159, 166, '&lt;p&gt;\n	测试商品\n&lt;/p&gt;\n&lt;p&gt;\n	&amp;nbsp;\n&lt;/p&gt;\n&lt;p&gt;\n	&lt;img alt=&quot;&quot; src=&quot;/product/wstmall/Upload/image/20150601/20150601122933_38795.jpg&quot; /&gt;\n&lt;/p&gt;', 0, 0, 0, 0, 1, NULL, 0, NULL, 1, NULL, '2015-06-01 20:29:37'),
(206, '23432543', '新货 有机黄小米 小米 有机五谷杂粮500G', 'Upload/goods/2015-06/556c506a901e2.jpg', 'Upload/goods/2015-06/556c506a901e2.jpg', 47, 23, '34.00', '32.00', 234324, 0, 0, 0, 0, '袋', '500g', 0, 1, 1, 1, 1, 0, 0, NULL, 50, 222, 237, 159, 164, '&lt;p&gt;\n	健康小米\n&lt;/p&gt;\n&lt;p&gt;\n	&lt;img alt=&quot;&quot; src=&quot;/product/wstmall/Upload/image/20150601/20150601123115_96184.jpg&quot; /&gt;\n&lt;/p&gt;', 0, 0, 0, 0, 1, NULL, 0, NULL, 1, NULL, '2015-06-01 20:31:17'),
(207, '242342', 'Walch/威露士恩兔女性护理液200mlx2私处', 'Upload/goods/2015-06/556c526987406.jpg', 'Upload/goods/2015-06/556c526987406.jpg', 48, 27, '56.00', '45.00', 234243, 0, 0, 0, 0, '瓶', '200mlx2', 0, 1, 1, 1, 1, 0, 0, NULL, 51, 166, 178, 170, 171, '&lt;p&gt;\n	200mlx2\n&lt;/p&gt;\n&lt;p&gt;\n	&amp;nbsp;\n&lt;/p&gt;\n&lt;p&gt;\n	&lt;img alt=&quot;&quot; src=&quot;/product/wstmall/Upload/image/20150601/20150601124013_10195.jpg&quot; /&gt;\n&lt;/p&gt;', 0, 0, 0, 0, 1, NULL, 0, NULL, 1, NULL, '2015-06-01 20:40:14'),
(208, '3242423', '娇妍美白沐浴露220ml 滋润洁阴辟除异味 正品', 'Upload/goods/2015-06/556c536def0bc.jpg', 'Upload/goods/2015-06/556c536def0bc.jpg', 49, 27, '45.00', '34.00', 234234, 0, 0, 0, 0, '瓶', '220ml', 0, 1, 1, 1, 1, 0, 0, NULL, 51, 166, 178, 170, 171, '妍妍护理洗浴&lt;img alt=&quot;&quot; src=&quot;/product/wstmall/Upload/image/20150601/20150601124423_66532.jpg&quot; /&gt;', 0, 0, 0, 0, 1, NULL, 0, NULL, 1, NULL, '2015-06-01 20:44:28'),
(209, '324234', '女性私处护理产品 私处凝胶套盒 养巢护宫凝胶 滋阴', 'Upload/goods/2015-06/556c54628c075.jpg', 'Upload/goods/2015-06/556c54628c075.jpg', 50, 27, '456.00', '345.00', 234234, 0, 0, 0, 0, '瓶', '', 0, 1, 1, 1, 1, 0, 0, NULL, 51, 166, 178, 170, 171, '&lt;p&gt;\n	巴黎小站\n&lt;/p&gt;\n&lt;p&gt;\n	&lt;img alt=&quot;&quot; src=&quot;/product/wstmall/Upload/image/20150601/20150601124819_17712.jpg&quot; /&gt;\n&lt;/p&gt;', 0, 0, 0, 0, 1, NULL, 0, NULL, 1, NULL, '2015-06-01 20:48:21'),
(210, '34523453', '娇妍女性护理液220ml*迷迭香私处护理液200m', 'Upload/goods/2015-06/556c54f4676d5.jpg', 'Upload/goods/2015-06/556c54f4676d5.jpg', 49, 27, '89.00', '78.00', 24324, 0, 0, 0, 0, '瓶', '220ml', 0, 1, 1, 1, 1, 0, 0, NULL, 51, 166, 178, 170, 171, '&lt;p&gt;\n	妍妍护理\n&lt;/p&gt;\n&lt;p&gt;\n	&amp;nbsp;\n&lt;/p&gt;\n&lt;p&gt;\n	&lt;img alt=&quot;&quot; src=&quot;/product/wstmall/Upload/image/20150601/20150601125057_54071.jpg&quot; /&gt;\n&lt;/p&gt;', 0, 0, 0, 0, 1, NULL, 0, NULL, 1, NULL, '2015-06-01 20:51:01'),
(211, '3435', '施巴烫染修护洗发露400ml+施巴女性护理液200', 'Upload/goods/2015-06/556c56760116c.jpg', 'Upload/goods/2015-06/556c56760116c.jpg', 51, 27, '56.00', '45.00', 343, 0, 0, 0, 0, '瓶', '施巴烫染修护洗发露400ml+施巴女性护理液200', 0, 1, 1, 1, 1, 0, 0, NULL, 51, 166, 178, 170, 171, '&lt;p&gt;\n	施巴&lt;img alt=&quot;&quot; src=&quot;/product/wstmall/Upload/image/20150601/20150601125706_84547.jpg&quot; /&gt;\n&lt;/p&gt;\n&lt;p&gt;\n	&amp;nbsp;\n&lt;/p&gt;\n&lt;p&gt;\n	&amp;nbsp;\n&lt;/p&gt;', 0, 0, 0, 0, 1, NULL, 0, NULL, 1, NULL, '2015-06-01 20:57:09'),
(212, '23424', '飞少女私处洗液止痒清爽泡沫护理液2瓶+卫生湿巾2包', 'Upload/goods/2015-06/556c572e8228b.jpg', 'Upload/goods/2015-06/556c572e8228b.jpg', 52, 27, '34.00', '23.00', 234242, 0, 0, 0, 0, '包', '清爽泡沫护理液2瓶+卫生湿巾2包', 0, 1, 1, 1, 1, 0, 0, NULL, 51, 166, 178, 170, 171, '&lt;img alt=&quot;&quot; src=&quot;/product/wstmall/Upload/image/20150601/20150601130010_80392.jpg&quot; /&gt;', 0, 0, 0, 0, 1, NULL, 0, NULL, 1, NULL, '2015-06-01 21:00:28'),
(213, '234324', '娇妍女性护理液pH4弱酸性220ml+女士私处美白', 'Upload/goods/2015-06/556c57dc28fd3.jpg', 'Upload/goods/2015-06/556c57dc28fd3.jpg', 49, 27, '54.00', '41.00', 4553453, 0, 0, 0, 0, '瓶', '女性护理液pH4弱酸性220ml+女士私处美白沐浴露', 0, 1, 1, 1, 1, 0, 0, NULL, 51, 166, 178, 170, 171, '妍妍\n&lt;h1 style=&quot;color:#000000;text-indent:0px;background-color:#FFFFFF;&quot;&gt;\n	娇妍女性护理液pH4弱酸性220ml+女士私处美白沐浴露\n&lt;/h1&gt;\n&lt;p style=&quot;color:#000000;text-indent:0px;background-color:#FFFFFF;&quot;&gt;\n	&amp;nbsp;\n&lt;/p&gt;\n&lt;p style=&quot;color:#000000;text-indent:0px;background-color:#FFFFFF;&quot;&gt;\n	&lt;img alt=&quot;&quot; src=&quot;/product/wstmall/Upload/image/20150601/20150601130306_49932.jpg&quot; /&gt;\n&lt;/p&gt;', 0, 0, 0, 0, 1, NULL, 0, NULL, 1, NULL, '2015-06-01 21:03:22'),
(214, '345354', '西妮280ml女士私处护理液*女士专用湿巾1盒止痒', 'Upload/goods/2015-06/556c590d0877c.jpg', 'Upload/goods/2015-06/556c590d0877c.jpg', 53, 27, '56.00', '45.00', 34234234, 0, 0, 0, 0, '瓶', '280ml', 0, 1, 1, 1, 1, 0, 0, NULL, 51, 166, 178, 170, 171, '&lt;h1 style=&quot;color:#000000;text-indent:0px;background-color:#FFFFFF;&quot;&gt;\n	西妮280ml女士私处护理液*女士专用湿巾1盒止痒杀菌抑菌除垢消炎\n&lt;/h1&gt;\n&lt;p style=&quot;color:#000000;text-indent:0px;background-color:#FFFFFF;&quot;&gt;\n	&amp;nbsp;\n&lt;/p&gt;\n&lt;p style=&quot;color:#000000;text-indent:0px;background-color:#FFFFFF;&quot;&gt;\n	&lt;img alt=&quot;&quot; src=&quot;/product/wstmall/Upload/image/20150601/20150601130810_72056.jpg&quot; /&gt;\n&lt;/p&gt;', 0, 0, 0, 0, 1, NULL, 0, NULL, 1, NULL, '2015-06-01 21:08:12'),
(215, '2423423', 'BEELY嫩红素乳晕嫩红霜下体嫩白淡化唇色纹粉嫩化', 'Upload/goods/2015-06/556c5d0988c78.jpg', 'Upload/goods/2015-06/556c5d0988c78.jpg', 54, 27, '134.00', '115.00', 343434, 0, 0, 0, 0, '套', '', 0, 1, 1, 1, 1, 0, 0, NULL, 51, 165, 172, 172, 173, '&lt;p&gt;\n	beely\n&lt;/p&gt;\n&lt;p&gt;\n	&amp;nbsp;\n&lt;/p&gt;\n&lt;p&gt;\n	&lt;img alt=&quot;&quot; src=&quot;/product/wstmall/Upload/image/20150601/20150601132537_73630.jpg&quot; /&gt;\n&lt;/p&gt;', 0, 0, 0, 0, 1, NULL, 0, NULL, 1, NULL, '2015-06-01 21:25:38'),
(216, '354355', 'Veet/薇婷香氛凝萃沐浴专用脱毛膏套装135ml', 'Upload/goods/2015-06/556c5dbfa8124.jpg', 'Upload/goods/2015-06/556c5dbfa8124.jpg', 55, 27, '342.00', '230.00', 43422424, 0, 0, 0, 0, '套', '香氛凝萃沐浴专用脱毛膏套装135ml+沐浴腋下专用100ml', 0, 1, 1, 1, 1, 0, 0, NULL, 51, 165, 172, 172, 173, '&lt;h1 style=&quot;color:#000000;text-indent:0px;background-color:#FFFFFF;&quot;&gt;\n	Veet/薇婷香氛凝萃沐浴专用脱毛膏套装135ml+沐浴腋下专用100ml\n&lt;/h1&gt;\n&lt;p style=&quot;color:#000000;text-indent:0px;background-color:#FFFFFF;&quot;&gt;\n	&amp;nbsp;\n&lt;/p&gt;\n&lt;p style=&quot;color:#000000;text-indent:0px;background-color:#FFFFFF;&quot;&gt;\n	&lt;img alt=&quot;&quot; src=&quot;/product/wstmall/Upload/image/20150601/20150601132809_67752.jpg&quot; /&gt;\n&lt;/p&gt;', 0, 0, 0, 0, 1, NULL, 0, NULL, 1, NULL, '2015-06-01 21:28:21'),
(217, '234235', 'Veet薇婷 滑丽 敏感肌 脱毛膏 套装 安全快速', 'Upload/goods/2015-06/556c5e3b90bd9.jpg', 'Upload/goods/2015-06/556c5e3b90bd9.jpg', 55, 27, '234.00', '231.00', 32423, 0, 0, 0, 0, '套', '', 0, 1, 1, 1, 1, 0, 0, NULL, 51, 165, 172, 172, 173, '&lt;p&gt;\n	进口美护\n&lt;/p&gt;\n&lt;p&gt;\n	&amp;nbsp;\n&lt;/p&gt;\n&lt;p&gt;\n	&lt;img alt=&quot;&quot; src=&quot;/product/wstmall/Upload/image/20150601/20150601133018_17083.jpg&quot; /&gt;\n&lt;/p&gt;', 0, 0, 0, 0, 1, NULL, 0, NULL, 1, NULL, '2015-06-01 21:30:19'),
(218, '43534', '嘉媚乐 玫瑰精华全身美白滋润保湿身体护理套装 淡香', 'Upload/goods/2015-06/556c5eadad3e3.jpg', 'Upload/goods/2015-06/556c5eadad3e3.jpg', 54, 27, '28.00', '23.00', 0, 0, 0, 0, 0, '套', '', 0, 1, 1, 1, 1, 0, 0, NULL, 51, 165, 172, 172, 173, '&lt;p&gt;\n	进口美护\n&lt;/p&gt;\n&lt;p&gt;\n	&amp;nbsp;\n&lt;/p&gt;\n&lt;p&gt;\n	&lt;img alt=&quot;&quot; src=&quot;/product/wstmall/Upload/image/20150601/20150601133156_27308.jpg&quot; /&gt;\n&lt;/p&gt;', 0, 0, 0, 0, 1, NULL, 0, NULL, 1, NULL, '2015-06-01 21:32:06'),
(219, '4234324', '番茄派足盐植物萃取泡脚足浴盐20袋套装', 'Upload/goods/2015-06/556c5f309c7d6.jpg', 'Upload/goods/2015-06/556c5f309c7d6.jpg', 56, 27, '342.00', '234.00', 234234, 0, 0, 0, 0, '套', '20袋', 0, 1, 1, 1, 1, 0, 0, NULL, 51, 165, 172, 172, 173, '&lt;p&gt;\n	番茄派\n&lt;/p&gt;\n&lt;p&gt;\n	&amp;nbsp;\n&lt;/p&gt;\n&lt;h1 style=&quot;color:#000000;text-indent:0px;background-color:#FFFFFF;&quot;&gt;\n	番茄派足盐植物萃取泡脚足浴盐20袋套装\n&lt;/h1&gt;\n&lt;p style=&quot;color:#000000;text-indent:0px;background-color:#FFFFFF;&quot;&gt;\n	&lt;img alt=&quot;&quot; src=&quot;/product/wstmall/Upload/image/20150601/20150601133422_84693.jpg&quot; /&gt;\n&lt;/p&gt;', 0, 0, 0, 0, 1, NULL, 0, NULL, 1, NULL, '2015-06-01 21:34:25'),
(220, '345345', '欧丽丝纤体乳2件套 瘦腿霜瘦身霜减肥霜膏减肥贴燃脂', 'Upload/goods/2015-06/556c5ffaa793c.jpg', 'Upload/goods/2015-06/556c5ffaa793c.jpg', 57, 27, '45.00', '43.00', 42342, 0, 0, 0, 0, '套', '', 0, 1, 1, 1, 1, 0, 0, NULL, 51, 165, 172, 172, 173, '&lt;h1 style=&quot;color:#000000;text-indent:0px;background-color:#FFFFFF;&quot;&gt;\n	欧丽丝纤体乳2件套 瘦腿霜瘦身霜减肥霜膏减肥贴燃脂肪产品\n&lt;/h1&gt;\n&lt;p style=&quot;color:#000000;text-indent:0px;background-color:#FFFFFF;&quot;&gt;\n	&amp;nbsp;\n&lt;/p&gt;\n&lt;p style=&quot;color:#000000;text-indent:0px;background-color:#FFFFFF;&quot;&gt;\n	&lt;img alt=&quot;&quot; src=&quot;/product/wstmall/Upload/image/20150601/20150601133730_95635.jpg&quot; /&gt;\n&lt;/p&gt;', 0, 0, 0, 0, 1, NULL, 0, NULL, 1, NULL, '2015-06-01 21:37:32'),
(221, '3435435', '玫瑰皙白清洁滋养三件套装 手工皂精油浴球沐浴膏', 'Upload/goods/2015-06/556c608dc79f9.jpg', 'Upload/goods/2015-06/556c608dc79f9.jpg', 58, 27, '90.00', '87.00', 678987, 0, 0, 0, 0, '套', '', 0, 1, 1, 1, 1, 0, 0, NULL, 51, 165, 172, 172, 173, '&lt;h1 style=&quot;color:#000000;text-indent:0px;background-color:#FFFFFF;&quot;&gt;\n	玫瑰皙白清洁滋养三件套装 手工皂精油浴球沐浴膏\n&lt;/h1&gt;\n&lt;p style=&quot;color:#000000;text-indent:0px;background-color:#FFFFFF;&quot;&gt;\n	&lt;img alt=&quot;&quot; src=&quot;/product/wstmall/Upload/image/20150601/20150601134005_39682.jpg&quot; /&gt;\n&lt;/p&gt;', 0, 0, 0, 0, 1, NULL, 0, NULL, 1, NULL, '2015-06-01 21:40:07'),
(222, '3453535', 'Rewiwax蕾沃斯正品腋窝手足部护理套装玫瑰脱毛', 'Upload/goods/2015-06/556c610bd789a.jpg', 'Upload/goods/2015-06/556c610bd789a.jpg', 59, 27, '45.00', '34.00', 3242342, 0, 0, 0, 0, '套', '', 0, 1, 1, 1, 1, 0, 0, NULL, 51, 165, 172, 172, 173, '&lt;h1 style=&quot;color:#000000;text-indent:0px;background-color:#FFFFFF;&quot;&gt;\n	Rewiwax蕾沃斯正品腋窝手足部护理套装玫瑰脱毛膏套装\n&lt;/h1&gt;\n&lt;p style=&quot;color:#000000;text-indent:0px;background-color:#FFFFFF;&quot;&gt;\n	&amp;nbsp;\n&lt;/p&gt;\n&lt;p style=&quot;color:#000000;text-indent:0px;background-color:#FFFFFF;&quot;&gt;\n	&lt;img alt=&quot;&quot; src=&quot;/product/wstmall/Upload/image/20150601/20150601134203_85747.jpg&quot; /&gt;\n&lt;/p&gt;', 0, 0, 0, 0, 1, NULL, 0, NULL, 1, NULL, '2015-06-01 21:42:05'),
(223, '234234', '天喔香脆腰果瓶装 565g', 'Upload/goods/2015-06/556c6516a0bf0.jpg', 'Upload/goods/2015-06/556c6516a0bf0.jpg', 0, 31, '100.00', '85.00', 353453, 0, 0, 0, 0, '罐', '565g', 0, 1, 1, 1, 1, 0, 0, NULL, 52, 189, 199, 174, 178, '&lt;p&gt;\n	&lt;span style=&quot;color:#333333;background-color:#FFFFFF;&quot;&gt;天喔香脆腰果瓶装 565g&lt;/span&gt;\n&lt;/p&gt;\n&lt;p&gt;\n	&lt;span style=&quot;color:#333333;background-color:#FFFFFF;&quot;&gt;&lt;/span&gt;&amp;nbsp;\n&lt;/p&gt;\n&lt;p&gt;\n	&lt;span style=&quot;color:#333333;background-color:#FFFFFF;&quot;&gt;&lt;img alt=&quot;&quot; src=&quot;/product/wstmall/Upload/image/20150601/20150601135952_92968.jpg&quot; /&gt;&lt;/span&gt;\n&lt;/p&gt;', 0, 0, 0, 0, 1, NULL, 0, NULL, 1, NULL, '2015-06-01 21:59:54'),
(224, '4345345', 'wstmall 测试商品 天喔小核桃仁纸罐200g', 'Upload/goods/2015-06/556c65863b5af.jpg', 'Upload/goods/2015-06/556c65863b5af.jpg', 0, 31, '90.00', '75.00', 34242, 0, 0, 0, 0, '罐', '200g', 0, 1, 1, 1, 1, 0, 0, NULL, 52, 189, 201, 174, 176, '&lt;p&gt;\n	&lt;span style=&quot;color:#333333;background-color:#FFFFFF;&quot;&gt;天喔小核桃仁纸罐 200g&lt;/span&gt;\n&lt;/p&gt;\n&lt;p&gt;\n	&lt;span style=&quot;color:#333333;background-color:#FFFFFF;&quot;&gt;&lt;/span&gt;&amp;nbsp;\n&lt;/p&gt;\n&lt;p&gt;\n	&lt;span style=&quot;color:#333333;background-color:#FFFFFF;&quot;&gt;&lt;img alt=&quot;&quot; src=&quot;/product/wstmall/Upload/image/20150601/20150601140117_29835.jpg&quot; /&gt;&lt;/span&gt;\n&lt;/p&gt;', 0, 0, 0, 0, 1, NULL, 0, NULL, 1, NULL, '2015-06-01 22:01:28'),
(225, '234523', 'wstmall 测试商品天喔自然开开心果 500g', 'Upload/goods/2015-06/556c65e44c216.jpg', 'Upload/goods/2015-06/556c65e44c216.jpg', 0, 31, '45.00', '34.00', 234234, 0, 0, 0, 0, '罐', '500g', 0, 1, 1, 1, 1, 0, 0, NULL, 52, 189, 199, 174, 175, '&lt;p&gt;\n	测试商品\n&lt;/p&gt;\n&lt;p&gt;\n	&amp;nbsp;\n&lt;/p&gt;\n&lt;p&gt;\n	&lt;img alt=&quot;&quot; src=&quot;/product/wstmall/Upload/image/20150601/20150601140252_26130.jpg&quot; /&gt;\n&lt;/p&gt;', 0, 0, 0, 0, 1, NULL, 0, NULL, 1, NULL, '2015-06-01 22:03:05'),
(226, '23425345', 'wstmall 测试商品 华味亨甘草西瓜子200g', 'Upload/goods/2015-06/556c663d5e8ef.jpg', 'Upload/goods/2015-06/556c663d5e8ef.jpg', 0, 31, '56.00', '45.00', 3453535, 0, 0, 0, 0, '袋', '200g', 0, 1, 1, 1, 1, 0, 0, NULL, 52, 190, 207, 174, 177, '&lt;p&gt;\n	&lt;span style=&quot;color:#333333;background-color:#FFFFFF;&quot;&gt;华味亨甘草西瓜子 200g&lt;/span&gt;\n&lt;/p&gt;\n&lt;p&gt;\n	&lt;span style=&quot;color:#333333;background-color:#FFFFFF;&quot;&gt;&lt;img alt=&quot;&quot; src=&quot;/product/wstmall/Upload/image/20150601/20150601140438_70737.jpg&quot; /&gt;&lt;/span&gt;\n&lt;/p&gt;', 0, 0, 0, 0, 1, NULL, 0, NULL, 1, NULL, '2015-06-01 22:04:41');
INSERT INTO `wst_goods` (`goodsId`, `goodsSn`, `goodsName`, `goodsImg`, `goodsThums`, `brandId`, `shopId`, `marketPrice`, `shopPrice`, `goodsStock`, `saleCount`, `isBook`, `bookQuantity`, `warnStock`, `goodsUnit`, `goodsSpec`, `isSale`, `isBest`, `isHot`, `isRecomm`, `isNew`, `isAdminBest`, `isAdminRecom`, `recommDesc`, `goodsCatId1`, `goodsCatId2`, `goodsCatId3`, `shopCatId1`, `shopCatId2`, `goodsDesc`, `isShopRecomm`, `isIndexRecomm`, `isActivityRecomm`, `isInnerRecomm`, `goodsStatus`, `saleTime`, `attrCatId`, `goodsKeywords`, `goodsFlag`, `statusRemarks`, `createTime`) VALUES
(227, '234234', 'wstmall 测试商品 阿甘正馔巴旦木仁160g', 'Upload/goods/2015-06/556c6721093f2.jpg', 'Upload/goods/2015-06/556c6721093f2.jpg', 0, 31, '34.00', '32.00', 324243, 0, 0, 0, 0, '袋', '160g', 0, 1, 1, 1, 1, 0, 0, NULL, 52, 189, 199, 174, 175, '&lt;p&gt;\n	&lt;span style=&quot;color:#333333;background-color:#FFFFFF;&quot;&gt;阿甘正馔巴旦木仁 160g*1罐装&lt;/span&gt;\n&lt;/p&gt;\n&lt;p&gt;\n	&lt;span style=&quot;color:#333333;background-color:#FFFFFF;&quot;&gt;&lt;/span&gt;&amp;nbsp;\n&lt;/p&gt;\n&lt;p&gt;\n	&lt;span style=&quot;color:#333333;background-color:#FFFFFF;&quot;&gt;&lt;img alt=&quot;&quot; src=&quot;/product/wstmall/Upload/image/20150601/20150601140812_89282.jpg&quot; /&gt;&lt;/span&gt;\n&lt;/p&gt;', 0, 0, 0, 0, 1, NULL, 0, NULL, 1, NULL, '2015-06-01 22:08:21'),
(228, '342342', '百味林 坚果炒货零食扁桃仁 500g/散装', 'Upload/goods/2015-06/556c67678e5c8.jpg', 'Upload/goods/2015-06/556c67678e5c8.jpg', 0, 31, '50.00', '45.00', 578565, 0, 0, 0, 0, '袋', '500g', 0, 1, 1, 1, 1, 0, 0, NULL, 52, 189, 199, 174, 175, '&lt;p&gt;\n	&lt;span style=&quot;color:#333333;background-color:#FFFFFF;&quot;&gt;百味林 坚果炒货零食扁桃仁 500g/散装&lt;/span&gt;\n&lt;/p&gt;\n&lt;p&gt;\n	&lt;span style=&quot;color:#333333;background-color:#FFFFFF;&quot;&gt;&lt;/span&gt;&amp;nbsp;\n&lt;/p&gt;\n&lt;p&gt;\n	&lt;span style=&quot;color:#333333;background-color:#FFFFFF;&quot;&gt;&lt;img alt=&quot;&quot; src=&quot;/product/wstmall/Upload/image/20150601/20150601140920_65423.jpg&quot; /&gt;&lt;/span&gt;\n&lt;/p&gt;', 0, 0, 0, 0, 1, NULL, 0, NULL, 1, NULL, '2015-06-01 22:09:23'),
(229, '5345345', '百味林 休闲零食怪味花生 500g/散装', 'Upload/goods/2015-06/556c67a971f98.jpg', 'Upload/goods/2015-06/556c67a971f98.jpg', 0, 31, '45.00', '34.00', 232423, 0, 0, 0, 0, '袋', '500g', 0, 1, 1, 1, 1, 0, 0, NULL, 52, 189, 202, 174, 175, '&lt;p&gt;\n	&lt;span style=&quot;color:#333333;background-color:#FFFFFF;&quot;&gt;百味林 休闲零食怪味花生 500g/散装&lt;/span&gt;\n&lt;/p&gt;\n&lt;p&gt;\n	&lt;span style=&quot;color:#333333;background-color:#FFFFFF;&quot;&gt;&lt;img alt=&quot;&quot; src=&quot;/product/wstmall/Upload/image/20150601/20150601141024_28613.jpg&quot; /&gt;&lt;/span&gt;\n&lt;/p&gt;', 0, 0, 0, 0, 1, NULL, 0, NULL, 1, NULL, '2015-06-01 22:10:25'),
(230, '23425', 'wstmall 测试商品 华味亨开心果 180g', 'Upload/goods/2015-06/556c67f443e32.jpg', 'Upload/goods/2015-06/556c67f443e32.jpg', 0, 31, '23.00', '18.00', 3242423, 0, 0, 0, 0, '包', '180g', 0, 1, 1, 1, 1, 0, 0, NULL, 52, 189, 199, 174, 175, '&lt;p&gt;\n	&lt;span style=&quot;color:#333333;background-color:#FFFFFF;&quot;&gt;华味亨开心果 180g&lt;/span&gt;\n&lt;/p&gt;\n&lt;p&gt;\n	&lt;span style=&quot;color:#333333;background-color:#FFFFFF;&quot;&gt;&lt;img alt=&quot;&quot; src=&quot;/product/wstmall/Upload/image/20150601/20150601141143_68881.jpg&quot; /&gt;&lt;/span&gt;\n&lt;/p&gt;', 0, 0, 0, 0, 1, NULL, 0, NULL, 1, NULL, '2015-06-01 22:11:51'),
(231, '3223425', '瑞特斯波德德国进口巧克力 饼干牛奶巧克力 100g', 'Upload/goods/2015-06/556c692e6ff33.jpg', 'Upload/goods/2015-06/556c692e6ff33.jpg', 0, 31, '23.00', '21.00', 353442, 0, 0, 0, 0, '袋', '100g', 0, 1, 1, 1, 1, 0, 0, NULL, 52, 192, 218, 179, 180, '&lt;p&gt;\n	&lt;span style=&quot;color:#333333;background-color:#FFFFFF;&quot;&gt;瑞特斯波德德国进口巧克力 饼干夹心牛奶巧克力 100g/袋装&lt;/span&gt;\n&lt;/p&gt;\n&lt;p&gt;\n	&lt;span style=&quot;color:#333333;background-color:#FFFFFF;&quot;&gt;&lt;/span&gt;&amp;nbsp;\n&lt;/p&gt;\n&lt;p&gt;\n	&lt;span style=&quot;color:#333333;background-color:#FFFFFF;&quot;&gt;&lt;img alt=&quot;&quot; src=&quot;/product/wstmall/Upload/image/20150601/20150601141656_34966.jpg&quot; /&gt;&lt;/span&gt;\n&lt;/p&gt;', 0, 0, 0, 0, 1, NULL, 0, NULL, 1, NULL, '2015-06-01 22:17:04'),
(232, '23423534', '瑞特斯波德迷你七彩什锦巧克力 150g/袋装', 'Upload/goods/2015-06/556c697ab2cd6.jpg', 'Upload/goods/2015-06/556c697ab2cd6.jpg', 0, 31, '34.00', '32.00', 3242242, 0, 0, 0, 0, '袋', '150g', 0, 1, 1, 1, 1, 0, 0, NULL, 52, 192, 214, 179, 180, '&lt;p&gt;\n	&lt;span style=&quot;color:#333333;background-color:#FFFFFF;&quot;&gt;瑞特斯波德迷你七彩什锦巧克力 150g/袋装&lt;/span&gt;\n&lt;/p&gt;\n&lt;p&gt;\n	&lt;span style=&quot;color:#333333;background-color:#FFFFFF;&quot;&gt;&lt;/span&gt;&amp;nbsp;\n&lt;/p&gt;\n&lt;p&gt;\n	&lt;span style=&quot;color:#333333;background-color:#FFFFFF;&quot;&gt;&lt;img alt=&quot;&quot; src=&quot;/product/wstmall/Upload/image/20150601/20150601141821_72649.jpg&quot; /&gt;&lt;/span&gt;\n&lt;/p&gt;', 0, 0, 0, 0, 1, NULL, 0, NULL, 1, NULL, '2015-06-01 22:18:36'),
(233, '35345345', '瑞特斯波德全榛子黑巧克力100G', 'Upload/goods/2015-06/556c69dbef41f.jpg', 'Upload/goods/2015-06/556c69dbef41f.jpg', 0, 31, '45.00', '35.00', 23424, 0, 0, 0, 0, '袋', '100g', 0, 1, 1, 1, 1, 0, 0, NULL, 52, 192, 217, 179, 180, '&lt;p&gt;\n	&lt;span style=&quot;color:#333333;background-color:#FFFFFF;&quot;&gt;瑞特斯波德全榛子黑巧克力100G&lt;/span&gt;\n&lt;/p&gt;\n&lt;p&gt;\n	&lt;span style=&quot;color:#333333;background-color:#FFFFFF;&quot;&gt;&lt;/span&gt;&amp;nbsp;\n&lt;/p&gt;\n&lt;p&gt;\n	&lt;span style=&quot;color:#333333;background-color:#FFFFFF;&quot;&gt;&lt;img alt=&quot;&quot; src=&quot;/product/wstmall/Upload/image/20150601/20150601141950_30343.jpg&quot; /&gt;&lt;/span&gt;\n&lt;/p&gt;', 0, 0, 0, 0, 1, NULL, 0, NULL, 1, NULL, '2015-06-01 22:19:58'),
(234, '3294782', '瑞特斯波德全榛子白巧克力100G', 'Upload/goods/2015-06/556c6a3697d2e.jpg', 'Upload/goods/2015-06/556c6a3697d2e.jpg', 0, 31, '345.00', '234.00', 234325346, 0, 0, 0, 0, '袋', '100g', 0, 1, 1, 1, 1, 0, 0, NULL, 52, 192, 218, 179, 181, '&lt;p&gt;\n	&lt;span style=&quot;color:#333333;background-color:#FFFFFF;&quot;&gt;瑞特斯波德全榛子白巧克力100G&lt;/span&gt;\n&lt;/p&gt;\n&lt;p&gt;\n	&lt;span style=&quot;color:#333333;background-color:#FFFFFF;&quot;&gt;&lt;img alt=&quot;&quot; src=&quot;/product/wstmall/Upload/image/20150601/20150601142144_78381.jpg&quot; /&gt;&lt;/span&gt;\n&lt;/p&gt;', 0, 0, 0, 0, 1, NULL, 0, NULL, 1, NULL, '2015-06-01 22:21:49'),
(235, '35345', 'wstmall大山 原味脆皮花生 150G', 'Upload/goods/2015-06/556c6aa22f4be.jpg', 'Upload/goods/2015-06/556c6aa22f4be.jpg', 0, 31, '46.00', '34.00', 23425, 0, 0, 0, 0, '袋', '150g', 0, 1, 1, 1, 1, 0, 0, NULL, 52, 192, 214, 179, 181, '&lt;p&gt;\n	&lt;span style=&quot;color:#333333;background-color:#FFFFFF;&quot;&gt;大山 原味脆皮花生 150G&lt;/span&gt;\n&lt;/p&gt;\n&lt;p&gt;\n	&lt;span style=&quot;color:#333333;background-color:#FFFFFF;&quot;&gt;&lt;img alt=&quot;&quot; src=&quot;/product/wstmall/Upload/image/20150601/20150601142301_43840.jpg&quot; /&gt;&lt;/span&gt;\n&lt;/p&gt;', 0, 0, 0, 0, 1, NULL, 0, NULL, 1, NULL, '2015-06-01 22:23:09'),
(236, '2342565', 'wstmall测试商品费列罗钻石装巧克力礼盒 T2', 'Upload/goods/2015-06/556c6af924140.jpg', 'Upload/goods/2015-06/556c6af924140.jpg', 0, 31, '123.00', '100.00', 3243252, 0, 0, 0, 0, '盒', '24粒装 300g', 0, 1, 1, 1, 1, 0, 0, NULL, 52, 192, 216, 179, 180, '&lt;p&gt;\n	&lt;span style=&quot;color:#333333;background-color:#FFFFFF;&quot;&gt;24粒装 300g&lt;/span&gt;\n&lt;/p&gt;\n&lt;p&gt;\n	&lt;span style=&quot;color:#333333;background-color:#FFFFFF;&quot;&gt;&lt;img alt=&quot;&quot; src=&quot;/product/wstmall/Upload/image/20150601/20150601142438_32409.jpg&quot; /&gt;&lt;/span&gt;\n&lt;/p&gt;', 0, 0, 0, 0, 1, NULL, 0, NULL, 1, NULL, '2015-06-01 22:25:44'),
(237, '345345', '阿尔卑斯原味牛奶软糖138g袋装', 'Upload/goods/2015-06/556c6b829ea54.jpg', 'Upload/goods/2015-06/556c6b829ea54.jpg', 0, 31, '24.00', '20.00', 2342342, 0, 0, 0, 0, '包', '138g/袋', 0, 1, 1, 1, 1, 0, 0, NULL, 52, 192, 214, 179, 180, '&lt;p&gt;\n	阿尔卑斯原味牛奶软糖138g袋装\n&lt;/p&gt;\n&lt;p&gt;\n	&amp;nbsp;\n&lt;/p&gt;\n&lt;p&gt;\n	&lt;img alt=&quot;&quot; src=&quot;/product/wstmall/Upload/image/20150601/20150601142706_90985.jpg&quot; /&gt;\n&lt;/p&gt;', 0, 0, 0, 0, 1, NULL, 0, NULL, 1, NULL, '2015-06-01 22:27:09'),
(238, '23452455', 'wstmall 测试商品 都乐香蕉脆片90G', 'Upload/goods/2015-06/556c6bd8ca1e9.jpg', 'Upload/goods/2015-06/556c6bd8ca1e9.jpg', 0, 31, '255.00', '233.00', 24242, 0, 0, 0, 0, '包', '90g', 0, 1, 1, 1, 1, 0, 0, NULL, 52, 192, 214, 179, 181, '&lt;p&gt;\n	&lt;span style=&quot;color:#333333;background-color:#FFFFFF;&quot;&gt;都乐香蕉脆片90G&lt;/span&gt;\n&lt;/p&gt;\n&lt;p&gt;\n	&lt;span style=&quot;color:#333333;background-color:#FFFFFF;&quot;&gt;&lt;img alt=&quot;&quot; src=&quot;/product/wstmall/Upload/image/20150601/20150601142825_72155.jpg&quot; /&gt;&lt;/span&gt;\n&lt;/p&gt;', 0, 0, 0, 0, 1, NULL, 0, NULL, 1, NULL, '2015-06-01 22:28:38'),
(239, '3432235', 'wstmall 测试商品奥利奥金装香草慕斯味饼干', 'Upload/goods/2015-06/556c6c9bb54b4.jpg', 'Upload/goods/2015-06/556c6c9bb54b4.jpg', 0, 31, '68.00', '45.00', 2342524, 0, 0, 0, 0, '盒', '', 0, 1, 1, 1, 1, 0, 0, NULL, 52, 193, 197, 179, 182, '&lt;p&gt;\n	&lt;span style=&quot;color:#333333;background-color:#FFFFFF;&quot;&gt;奥利奥金装香草慕斯味饼干 318g&lt;/span&gt;\n&lt;/p&gt;\n&lt;p&gt;\n	&lt;span style=&quot;color:#333333;background-color:#FFFFFF;&quot;&gt;&lt;img alt=&quot;&quot; src=&quot;/product/wstmall/Upload/image/20150601/20150601143202_31651.jpg&quot; /&gt;&lt;/span&gt;\n&lt;/p&gt;', 0, 0, 0, 0, 1, NULL, 0, NULL, 1, NULL, '2015-06-01 22:32:08'),
(240, '423522', '新加坡进口 明治动物乐园饼干70g', 'Upload/goods/2015-06/556c6d1fda908.jpg', 'Upload/goods/2015-06/556c6d1fda908.jpg', 0, 31, '15.00', '13.00', 24324141, 0, 0, 0, 0, '盒', '70g', 0, 1, 1, 1, 1, 0, 0, NULL, 52, 193, 197, 179, 183, '&lt;p&gt;\n	&lt;span style=&quot;color:#333333;background-color:#FFFFFF;&quot;&gt;新加坡进口 明治动物乐园饼干70g&lt;/span&gt;\n&lt;/p&gt;\n&lt;p&gt;\n	&lt;span style=&quot;color:#333333;background-color:#FFFFFF;&quot;&gt;&lt;img alt=&quot;&quot; src=&quot;/product/wstmall/Upload/image/20150601/20150601143340_77574.jpg&quot; /&gt;&lt;/span&gt;\n&lt;/p&gt;', 0, 0, 0, 0, 1, NULL, 0, NULL, 1, NULL, '2015-06-01 22:33:43'),
(241, '3252352', 'wstmall 测试 韩国进口 乐天杰克饼300g', 'Upload/goods/2015-06/556c6d896b188.jpg', 'Upload/goods/2015-06/556c6d896b188.jpg', 0, 31, '34.00', '23.00', 2342414, 0, 0, 0, 0, '盒', '300g', 0, 1, 1, 1, 1, 0, 0, NULL, 52, 193, 197, 179, 183, '&lt;p&gt;\n	&lt;span style=&quot;color:#333333;background-color:#FFFFFF;&quot;&gt;韩国进口 乐天杰克饼干 300g&lt;/span&gt;\n&lt;/p&gt;\n&lt;p&gt;\n	&lt;span style=&quot;color:#333333;background-color:#FFFFFF;&quot;&gt;&lt;img alt=&quot;&quot; src=&quot;/product/wstmall/Upload/image/20150601/20150601143528_46134.jpg&quot; /&gt;&lt;/span&gt;\n&lt;/p&gt;', 0, 0, 0, 0, 1, NULL, 0, NULL, 1, NULL, '2015-06-01 22:35:35'),
(242, '22525', '马来西亚进口 滨司大嘴猴披萨酥巧克力豆味90g', 'Upload/goods/2015-06/556c6dccb83ef.jpg', 'Upload/goods/2015-06/556c6dccb83ef.jpg', 0, 31, '56.00', '45.00', 2424314, 0, 0, 0, 0, '盒', '90g', 0, 1, 1, 1, 1, 0, 0, NULL, 52, 193, 197, 179, 180, '&lt;p&gt;\n	&lt;span style=&quot;color:#333333;background-color:#FFFFFF;&quot;&gt;马来西亚进口 滨司大嘴猴披萨酥巧克力豆味90g&lt;/span&gt;\n&lt;/p&gt;\n&lt;p&gt;\n	&lt;span style=&quot;color:#333333;background-color:#FFFFFF;&quot;&gt;&lt;img alt=&quot;&quot; src=&quot;/product/wstmall/Upload/image/20150601/20150601143639_99939.jpg&quot; /&gt;&lt;/span&gt;\n&lt;/p&gt;', 0, 0, 0, 0, 1, NULL, 0, NULL, 1, NULL, '2015-06-01 22:36:42'),
(243, '324223', 'wstmall测试商品丹麦蓝罐曲奇礼盒 125G', 'Upload/goods/2015-06/556c6e1b7385a.jpg', 'Upload/goods/2015-06/556c6e1b7385a.jpg', 0, 31, '34.00', '23.00', 2147483647, 0, 0, 0, 0, '盒', '125g', 0, 1, 1, 1, 1, 0, 0, NULL, 52, 193, 197, 179, 183, '&lt;p&gt;\n	&lt;span style=&quot;color:#333333;background-color:#FFFFFF;&quot;&gt;丹麦蓝罐曲奇礼盒 125G&lt;/span&gt;\n&lt;/p&gt;\n&lt;p&gt;\n	&lt;span style=&quot;color:#333333;background-color:#FFFFFF;&quot;&gt;&lt;img alt=&quot;&quot; src=&quot;/product/wstmall/Upload/image/20150601/20150601143758_73918.jpg&quot; /&gt;&lt;/span&gt;\n&lt;/p&gt;', 0, 0, 0, 0, 1, NULL, 0, NULL, 1, NULL, '2015-06-01 22:38:09'),
(244, '32324', '露依饼干 120G 草莓果酱', 'Upload/goods/2015-06/556c6ee763052.jpg', 'Upload/goods/2015-06/556c6ee763052.jpg', 0, 31, '34.00', '32.00', 243322, 0, 0, 0, 0, '包', '120g', 0, 1, 1, 1, 1, 0, 0, NULL, 52, 193, 195, 179, 183, '&lt;p&gt;\n	&lt;span style=&quot;color:#333333;background-color:#FFFFFF;&quot;&gt;露依饼干 120G 草莓果酱&lt;/span&gt;\n&lt;/p&gt;\n&lt;p&gt;\n	&lt;span style=&quot;color:#333333;background-color:#FFFFFF;&quot;&gt;&lt;/span&gt;&amp;nbsp;\n&lt;/p&gt;\n&lt;p&gt;\n	&lt;span style=&quot;color:#333333;background-color:#FFFFFF;&quot;&gt;&lt;img alt=&quot;&quot; src=&quot;/product/wstmall/Upload/image/20150601/20150601144120_37498.jpg&quot; /&gt;&lt;/span&gt;\n&lt;/p&gt;', 0, 0, 0, 0, 1, NULL, 0, NULL, 1, NULL, '2015-06-01 22:41:25'),
(245, '31312', 'wstmall测试商品 谷优优选饼干礼盒', 'Upload/goods/2015-06/556c6f571349d.jpg', 'Upload/goods/2015-06/556c6f571349d.jpg', 0, 31, '56.00', '45.00', 23423425, 0, 0, 0, 0, '盒', '', 0, 1, 1, 1, 1, 0, 0, NULL, 52, 193, 196, 179, 183, '&lt;p&gt;\n	&lt;span style=&quot;color:#333333;background-color:#FFFFFF;&quot;&gt;谷优优选饼干礼盒&lt;/span&gt;\n&lt;/p&gt;\n&lt;p&gt;\n	&lt;span style=&quot;color:#333333;background-color:#FFFFFF;&quot;&gt;&lt;img alt=&quot;&quot; src=&quot;/product/wstmall/Upload/image/20150601/20150601144304_61067.jpg&quot; /&gt;&lt;/span&gt;\n&lt;/p&gt;', 0, 0, 0, 0, 1, NULL, 0, NULL, 1, NULL, '2015-06-01 22:43:20'),
(246, '23543623', '日本 东京香蕉TOKYO BANANA长颈鹿麒麟香', 'Upload/goods/2015-06/556c6fa20a689.jpg', 'Upload/goods/2015-06/556c6fa20a689.jpg', 0, 31, '56.00', '34.00', 234233, 0, 0, 0, 0, '盒', '8枚', 0, 1, 1, 1, 1, 0, 0, NULL, 52, 193, 197, 179, 183, '&lt;p style=&quot;color:#666666;text-indent:0px;background-color:#FFFFFF;&quot;&gt;\n	东京香蕉TOKYO BANANA长颈鹿麒麟香蕉蛋糕8枚&lt;br /&gt;\n【商品品牌】：日本东京香蕉TOKYO BANANA长颈鹿麒麟香蕉蛋糕8枚&lt;br /&gt;\n【保质期限】：保质期短7天务必注意&lt;br /&gt;\n【商品规格】：8枚/盒&lt;br /&gt;\n【商品产地】：日本&lt;br /&gt;\n【食用方法】：直接食用&lt;br /&gt;\n【保存方法】：请避免高温潮湿、直射日光，常温保存。\n&lt;/p&gt;\n&lt;p style=&quot;color:#666666;text-indent:0px;background-color:#FFFFFF;&quot;&gt;\n	&lt;br /&gt;\n此食品赏味期限只有7天，较短，即食，不能接受者慎拍！\n&lt;/p&gt;', 0, 0, 0, 0, 1, NULL, 0, NULL, 1, NULL, '2015-06-01 22:44:47'),
(247, '234792', '养养 yumyum冬荫功面 酸辣虾味浓汤面 70g', 'Upload/goods/2015-06/556c72a1e9539.jpg', 'Upload/goods/2015-06/556c72a1e9539.jpg', 0, 31, '21.00', '18.00', 47866, 0, 0, 0, 0, '包', '70g', 0, 1, 1, 1, 1, 0, 0, NULL, 52, 191, 211, 179, 182, '&lt;h1 class=&quot;mh&quot; id=&quot;productMainName&quot; style=&quot;color:#333333;text-indent:0px;font-family:&amp;quot;microsoft yahei&amp;quot;;font-size:16px;font-style:normal;background-color:#FFFFFF;&quot;&gt;\n	养养 yumyum冬荫功面 酸辣虾味浓汤面 70g*5 泰国进口\n&lt;/h1&gt;\n&lt;p class=&quot;mh&quot; style=&quot;color:#333333;text-indent:0px;font-family:&amp;quot;microsoft yahei&amp;quot;;font-size:16px;font-style:normal;background-color:#FFFFFF;&quot;&gt;\n	&lt;img alt=&quot;&quot; src=&quot;/product/wstmall/Upload/image/20150601/20150601145735_84163.jpg&quot; /&gt;\n&lt;/p&gt;', 0, 0, 0, 0, 1, NULL, 0, NULL, 1, NULL, '2015-06-01 22:57:39'),
(248, '78576', 'KOKA可口牌 鸡汤面（非油炸拉面）85g*4 新', 'Upload/goods/2015-06/556c731d48b11.jpg', 'Upload/goods/2015-06/556c731d48b11.jpg', 0, 31, '34.00', '32.00', 23435345, 0, 0, 0, 0, '包', '85g*4 ', 0, 1, 1, 1, 1, 0, 0, NULL, 52, 191, 210, 179, 182, '&lt;p&gt;\n	&amp;nbsp;\n&lt;/p&gt;\n&lt;p&gt;\n	测试商品，请勿下单\n&lt;/p&gt;\n&lt;p&gt;\n	&amp;nbsp;\n&lt;/p&gt;\n&lt;p&gt;\n	&lt;img alt=&quot;&quot; src=&quot;/product/wstmall/Upload/image/20150601/20150601145917_52118.jpg&quot; /&gt;\n&lt;/p&gt;', 0, 0, 0, 0, 1, NULL, 0, NULL, 1, NULL, '2015-06-01 22:59:19'),
(249, '23479325', '可口 方便面 套餐多口味85g*10包 多口味泡面', 'Upload/goods/2015-06/556c736e4d85b.jpg', 'Upload/goods/2015-06/556c736e4d85b.jpg', 0, 31, '40.00', '37.00', 243242352, 0, 0, 0, 0, '袋', '10包', 0, 1, 1, 1, 1, 0, 0, NULL, 52, 191, 211, 179, 182, '&lt;h1 class=&quot;mh&quot; id=&quot;productMainName&quot; style=&quot;color:#333333;text-indent:0px;font-family:&amp;quot;microsoft yahei&amp;quot;;font-size:16px;font-style:normal;background-color:#FFFFFF;&quot;&gt;\n	可口 方便面 套餐多口味85g*10包 多口味泡面10包\n&lt;/h1&gt;\n&lt;p class=&quot;mh&quot; style=&quot;color:#333333;text-indent:0px;font-family:&amp;quot;microsoft yahei&amp;quot;;font-size:16px;font-style:normal;background-color:#FFFFFF;&quot;&gt;\n	&lt;img alt=&quot;&quot; src=&quot;/product/wstmall/Upload/image/20150601/20150601150037_36130.jpg&quot; /&gt;\n&lt;/p&gt;', 0, 0, 0, 0, 1, NULL, 0, NULL, 1, NULL, '2015-06-01 23:00:38'),
(250, '434543253', '可口 KOKA鸡汤味泡面 非油炸面条340g 新加', 'Upload/goods/2015-06/556c741432478.jpg', 'Upload/goods/2015-06/556c741432478.jpg', 0, 31, '45.00', '40.00', 242432, 0, 0, 0, 0, '包', '340g', 0, 1, 1, 1, 1, 0, 0, NULL, 52, 191, 210, 179, 182, '&lt;h1 class=&quot;mh&quot; id=&quot;productMainName&quot; style=&quot;color:#333333;text-indent:0px;font-family:&amp;quot;microsoft yahei&amp;quot;;font-size:16px;font-style:normal;background-color:#FFFFFF;&quot;&gt;\n	可口 KOKA鸡汤味泡面 非油炸面条340g 新加坡进口食品\n&lt;/h1&gt;\n&lt;p class=&quot;mh&quot; style=&quot;color:#333333;text-indent:0px;font-family:&amp;quot;microsoft yahei&amp;quot;;font-size:16px;font-style:normal;background-color:#FFFFFF;&quot;&gt;\n	&lt;img alt=&quot;&quot; src=&quot;/product/wstmall/Upload/image/20150601/20150601150318_71844.jpg&quot; /&gt;\n&lt;/p&gt;', 0, 0, 0, 0, 1, NULL, 0, NULL, 1, NULL, '2015-06-01 23:03:28'),
(251, '2345354', '可口 KOKA香辣芝麻汤味快熟面 非油炸4*85g', 'Upload/goods/2015-06/556c74750dc5b.jpg', 'Upload/goods/2015-06/556c74750dc5b.jpg', 0, 31, '45.00', '41.00', 3252352, 0, 0, 0, 0, '包', '4*85', 0, 1, 1, 1, 1, 0, 0, NULL, 52, 191, 211, 179, 182, '&lt;h1 class=&quot;mh&quot; id=&quot;productMainName&quot; style=&quot;color:#333333;text-indent:0px;font-family:&amp;quot;microsoft yahei&amp;quot;;font-size:16px;font-style:normal;background-color:#FFFFFF;&quot;&gt;\n	可口 KOKA香辣芝麻汤味快熟面 非油炸4*85g&lt;span class=&quot;Apple-converted-space&quot;&gt;&amp;nbsp;&lt;/span&gt;\n&lt;/h1&gt;\n&lt;h1 class=&quot;mh&quot; style=&quot;color:#333333;text-indent:0px;font-family:&amp;quot;microsoft yahei&amp;quot;;font-size:16px;font-style:normal;background-color:#FFFFFF;&quot;&gt;\n	&lt;span class=&quot;Apple-converted-space&quot;&gt;&lt;img alt=&quot;&quot; src=&quot;/product/wstmall/Upload/image/20150601/20150601150513_12812.jpg&quot; /&gt;&lt;/span&gt;\n&lt;/h1&gt;', 0, 0, 0, 0, 1, NULL, 0, NULL, 1, NULL, '2015-06-01 23:05:21'),
(252, '234928342', 'wstmall测试商品 东远 金枪鱼罐头 蔬菜味', 'Upload/goods/2015-06/556c74f22044b.jpg', 'Upload/goods/2015-06/556c74f22044b.jpg', 0, 31, '45.00', '40.00', 2342342, 0, 0, 0, 0, '罐', '100g', 0, 1, 1, 1, 1, 0, 0, NULL, 52, 191, 211, 179, 182, '&lt;h1 class=&quot;mh&quot; id=&quot;productMainName&quot; style=&quot;color:#333333;text-indent:0px;font-family:&amp;quot;microsoft yahei&amp;quot;;font-size:16px;font-style:normal;background-color:#FFFFFF;&quot;&gt;\n	东远 金枪鱼罐头 蔬菜味 100g 韩国进口\n&lt;/h1&gt;\n&lt;p class=&quot;mh&quot; style=&quot;color:#333333;text-indent:0px;font-family:&amp;quot;microsoft yahei&amp;quot;;font-size:16px;font-style:normal;background-color:#FFFFFF;&quot;&gt;\n	&lt;img alt=&quot;&quot; src=&quot;/product/wstmall/Upload/image/20150601/20150601150700_65818.jpg&quot; /&gt;\n&lt;/p&gt;', 0, 0, 0, 0, 1, NULL, 0, NULL, 1, NULL, '2015-06-01 23:07:12'),
(253, '3453636', '可口 KOKA 星洲叻沙 快熟面 油炸辣味 90g', 'Upload/goods/2015-06/556c758961ee6.jpg', 'Upload/goods/2015-06/556c758961ee6.jpg', 0, 31, '34.00', '23.00', 341241, 0, 0, 0, 0, '筒', '90g', 0, 1, 1, 1, 1, 0, 0, NULL, 52, 191, 211, 179, 182, '&lt;h1 class=&quot;mh&quot; id=&quot;productMainName&quot; style=&quot;color:#333333;text-indent:0px;font-family:&amp;quot;microsoft yahei&amp;quot;;font-size:16px;font-style:normal;background-color:#FFFFFF;&quot;&gt;\n	可口 KOKA 星洲叻沙 快熟面 油炸辣味 90g 新加坡进口\n&lt;/h1&gt;\n&lt;p class=&quot;mh&quot; style=&quot;color:#333333;text-indent:0px;font-family:&amp;quot;microsoft yahei&amp;quot;;font-size:16px;font-style:normal;background-color:#FFFFFF;&quot;&gt;\n	&lt;img alt=&quot;&quot; src=&quot;/product/wstmall/Upload/image/20150601/20150601150937_29220.jpg&quot; /&gt;\n&lt;/p&gt;', 0, 0, 0, 0, 1, NULL, 0, NULL, 1, NULL, '2015-06-01 23:09:41'),
(254, '23523', '可口 /KOKA 新加坡进口方便面 多口味12袋装', 'Upload/goods/2015-06/556c75d780e62.jpg', 'Upload/goods/2015-06/556c75d780e62.jpg', 0, 31, '45.00', '41.90', 5523423, 0, 0, 0, 0, '包', '12袋装', 0, 1, 1, 1, 1, 0, 0, NULL, 52, 191, 211, 179, 182, '&lt;table class=&quot;wst-form&quot;&gt;\n	&lt;tbody&gt;\n		&lt;tr&gt;\n			&lt;td&gt;\n				&lt;p&gt;\n					测试商品，请勿下单\n				&lt;/p&gt;\n				&lt;p&gt;\n					&amp;nbsp;\n				&lt;/p&gt;\n				&lt;p&gt;\n					&lt;img alt=&quot;&quot; src=&quot;/product/wstmall/Upload/image/20150601/20150601151136_36320.jpg&quot; /&gt;\n				&lt;/p&gt;\n			&lt;/td&gt;\n		&lt;/tr&gt;\n		&lt;tr&gt;\n			&lt;th width=&quot;120&quot;&gt;\n				&lt;span&gt;&lt;/span&gt;\n			&lt;/th&gt;\n			&lt;td&gt;\n				&lt;p&gt;\n					&amp;nbsp;\n				&lt;/p&gt;\n				&lt;p&gt;\n					&amp;nbsp;\n				&lt;/p&gt;\n				&lt;p&gt;\n					&amp;nbsp;\n				&lt;/p&gt;\n			&lt;/td&gt;\n		&lt;/tr&gt;\n	&lt;/tbody&gt;\n&lt;/table&gt;', 0, 0, 0, 0, 1, NULL, 0, NULL, 1, NULL, '2015-06-01 23:11:40'),
(255, '123456', '123456', 'Upload/goods/2016-11/581c293e92c96.png', 'Upload/goods/2016-11/581c293e92c96_thumb.png', 0, 34, '0.01', '0.01', 123113, 5, 0, 0, 0, '123456', '', 1, 1, 1, 1, 1, 0, 0, NULL, 348, 349, 350, 190, 191, 'wdwddsd', 0, 0, 0, 0, 1, '2016-11-04 14:22:55', 0, '', 1, NULL, '2016-10-13 17:35:58'),
(256, '123', 'coffee', 'Upload/goods/2016-10/5801a49a95662.png', 'Upload/goods/2016-10/5801a49a95662_thumb.png', 0, 34, '100.00', '100.00', 89, 5, 0, 0, 0, '元', '', 1, 0, 0, 1, 0, 0, 0, NULL, 348, 354, 363, 192, 193, 'coffee&lt;br /&gt;', 0, 0, 0, 0, 1, '2016-10-26 17:33:42', 0, '', 1, NULL, '2016-10-15 11:38:20'),
(257, '333', '创意热饮', 'Upload/goods/2016-10/5801caced5f32.png', 'Upload/goods/2016-10/5801caced5f32_thumb.png', 0, 34, '100.00', '100.00', 82, 11, 0, 0, 0, '元', '', 1, 0, 0, 1, 0, 0, 0, NULL, 348, 354, 364, 192, 194, '是的撒打算的', 0, 0, 0, 0, 1, '2016-10-26 17:33:24', 0, '', 1, NULL, '2016-10-15 14:21:05'),
(258, '444', '特调冷饮', 'Upload/goods/2016-10/5801cafabb4cc.png', 'Upload/goods/2016-10/5801cafabb4cc_thumb.png', 0, 34, '100.00', '100.00', 97, 2, 0, 0, 0, '元', '', 1, 0, 0, 1, 0, 0, 0, NULL, 348, 354, 365, 192, 195, '&lt;p&gt;\n	阿打算打算打算的撒\n&lt;/p&gt;\n&lt;p&gt;\n	&lt;br /&gt;\n&lt;/p&gt;', 0, 0, 0, 0, 1, '2016-10-26 17:33:06', 0, '', 1, NULL, '2016-10-15 14:22:06'),
(259, '商品2', '商品2', 'Upload/goods/2016-11/581c29509deb8.png', 'Upload/goods/2016-11/581c29509deb8_thumb.png', 0, 34, '100.00', '100.00', 89, 6, 0, 0, 0, '元', '', 1, 1, 1, 1, 1, 0, 0, NULL, 348, 349, 350, 190, 191, '&lt;p&gt;\n	是的撒打算的是\n&lt;/p&gt;\n&lt;p&gt;\n	&lt;br /&gt;\n&lt;/p&gt;', 0, 0, 0, 0, 1, '2016-11-04 14:23:13', 0, '', 1, NULL, '2016-10-16 09:48:34'),
(260, '商品3', '商品3', 'Upload/goods/2016-10/5802dc8c6d99a.jpg', 'Upload/goods/2016-10/5802dc8c6d99a_thumb.jpg', 0, 34, '100.00', '100.00', 98, 1, 0, 0, 0, '元', '', 1, 1, 1, 1, 1, 0, 0, NULL, 348, 349, 350, 184, 185, 's第十四大d', 0, 0, 0, 0, 1, '2016-10-16 09:49:14', 0, '', 1, NULL, '2016-10-16 09:49:14'),
(261, '咖啡2', '咖啡2', 'Upload/goods/2016-10/5802dda1da71e.png', 'Upload/goods/2016-10/5802dda1da71e_thumb.png', 0, 34, '100.00', '100.00', 99, 1, 0, 0, 0, '元', '', 1, 0, 0, 1, 0, 0, 0, NULL, 348, 354, 363, 192, 193, '是倒萨大的', 0, 0, 0, 0, 1, '2016-10-26 17:32:46', 0, '', 1, NULL, '2016-10-16 09:53:41'),
(262, '咖啡3', '咖啡3', 'Upload/goods/2016-10/5802ddcc8efa9.png', 'Upload/goods/2016-10/5802ddcc8efa9_thumb.png', 0, 34, '200.00', '100.00', 98, 1, 0, 0, 0, '元', '', 1, 0, 0, 1, 0, 0, 0, NULL, 348, 354, 363, 192, 193, '萨达嗷嗷 啊&lt;br /&gt;', 0, 0, 0, 0, 1, '2016-10-26 17:32:23', 0, '', 1, NULL, '2016-10-16 09:54:21'),
(263, '商品4', '商品4', 'Upload/goods/2016-10/5802e3ef30562.png', 'Upload/goods/2016-10/5802e3ef30562_thumb.png', 0, 34, '200.00', '200.00', 220, 0, 0, 0, 0, '元', '', 1, 1, 1, 1, 1, 0, 0, NULL, 348, 349, 351, 184, 185, '&lt;p&gt;\n	时代大书房还打不\n&lt;/p&gt;\n&lt;p&gt;\n	&lt;br /&gt;\n&lt;/p&gt;', 0, 0, 0, 0, 1, '2016-10-16 10:20:33', 0, '', 1, NULL, '2016-10-16 10:20:33'),
(264, '商品5', '商品5', 'Upload/goods/2016-10/5802e4161ae09.png', 'Upload/goods/2016-10/5802e4161ae09_thumb.png', 0, 34, '200.00', '200.00', 199, 1, 0, 0, 0, '元', '', 1, 1, 1, 1, 1, 0, 0, NULL, 348, 349, 351, 184, 185, '&lt;p&gt;\n	撒大声地啊\n&lt;/p&gt;\n&lt;p&gt;\n	&lt;br /&gt;\n&lt;/p&gt;', 0, 0, 0, 0, 1, '2016-10-16 10:21:11', 0, '', 1, NULL, '2016-10-16 10:21:11'),
(265, '商品6', '商品6', 'Upload/goods/2016-10/5802e44cb11d2.png', 'Upload/goods/2016-10/5802e44cb11d2_thumb.png', 0, 34, '900.00', '700.00', 397, 2, 0, 0, 0, '700', '', 1, 1, 1, 1, 1, 0, 0, NULL, 348, 349, 351, 184, 185, '阿发厉害会舒服', 0, 0, 0, 0, 1, '2016-10-17 09:24:51', 0, '', 1, NULL, '2016-10-16 10:22:05'),
(266, '热饮', '热饮1', 'Upload/goods/2016-10/580a0b88a7fb5.png', 'Upload/goods/2016-10/580a0b88a7fb5_thumb.png', 0, 34, '100.00', '0.01', 98, 2, 0, 0, 0, '杯', '', 1, 1, 1, 1, 1, 0, 0, NULL, 348, 354, 364, 192, 194, '是第三代的', 0, 0, 0, 0, 1, '2016-11-04 09:08:53', 0, '', 1, NULL, '2016-10-21 20:35:24'),
(267, '热饮3', '热饮3', 'Upload/goods/2016-10/580a0bb60fa73.png', 'Upload/goods/2016-10/580a0bb60fa73_thumb.png', 0, 34, '100.00', '100.00', 98, 2, 0, 0, 0, '杯', '', 1, 1, 1, 1, 1, 0, 0, NULL, 348, 354, 364, 192, 194, '是的撒大大', 0, 0, 0, 0, 1, '2016-10-26 17:31:35', 0, '', 1, NULL, '2016-10-21 20:36:08'),
(268, '冷饮2', '冷饮2', 'Upload/goods/2016-10/580a0bd752928.jpg', 'Upload/goods/2016-10/580a0bd752928_thumb.jpg', 0, 34, '100.00', '100.00', 97, 2, 0, 0, 0, '杯', '', 1, 1, 1, 1, 1, 0, 0, NULL, 348, 354, 365, 192, 195, '大多数的的', 0, 0, 0, 0, 1, '2016-10-26 17:31:22', 0, '', 1, NULL, '2016-10-21 20:36:54'),
(269, '冷意3', '冷饮3', 'Upload/goods/2016-10/580a0c4ab60d3.jpg', 'Upload/goods/2016-10/580a0c4ab60d3_thumb.jpg', 0, 34, '100.00', '0.01', 98, 2, 0, 0, 0, '杯', '', 1, 1, 1, 1, 1, 0, 0, NULL, 348, 354, 365, 192, 195, '阿萨德撒大大说', 0, 0, 0, 0, 1, '2016-11-04 09:09:06', 0, '', 1, NULL, '2016-10-21 20:38:46'),
(270, 'lengyin4', 'lengyin4', 'Upload/goods/2016-10/580a0d3d49a4b.jpg', 'Upload/goods/2016-10/580a0d3d49a4b_thumb.jpg', 0, 34, '100.00', '100.00', 99, 1, 0, 0, 0, 'bei', '', 1, 1, 1, 1, 1, 0, 0, NULL, 348, 354, 365, 192, 195, 'asdsada &lt;br /&gt;', 0, 0, 0, 0, 1, '2016-10-26 17:30:54', 0, '', 1, NULL, '2016-10-21 20:42:48'),
(271, 'lengyin5', 'lengyin5', 'Upload/goods/2016-10/580a0d607a671.jpg', 'Upload/goods/2016-10/580a0d607a671_thumb.jpg', 0, 34, '100.00', '100.00', 100, 0, 0, 0, 0, 'bei', '', 1, 1, 1, 1, 1, 0, 0, NULL, 348, 354, 365, 192, 195, 'ssdsads', 0, 0, 0, 0, 1, '2016-10-26 17:30:41', 0, '', 1, NULL, '2016-10-21 20:43:24'),
(272, '2920391', '智商税', 'Upload/goods/2016-10/58119fab6c795.jpg', 'Upload/goods/2016-10/58119fab6c795_thumb.jpg', 0, 34, '1000.00', '1000.00', 1000, 0, 0, 0, 0, '份', '脑子是个好东西，我希望你也有一个。', 1, 0, 0, 1, 0, 0, 0, NULL, 348, 372, 373, 190, 191, '脑子是个好东西，我希望你也有一个。', 0, 0, 0, 0, 1, '2016-10-27 14:33:22', 0, '智商税', 1, NULL, '2016-10-26 14:41:54'),
(273, '243567', '汇源肾宝', 'Upload/goods/2016-10/58119f9cb4c74.jpg', 'Upload/goods/2016-10/58119f9cb4c74_thumb.jpg', 0, 34, '999.00', '998.00', 1000, 0, 0, 0, 0, '个', '很流弊啦', 1, 1, 1, 1, 1, 0, 0, NULL, 348, 372, 373, 190, 191, '汇源肾宝，他好我也好 (手动滑稽', 0, 0, 0, 0, 1, '2016-10-27 14:33:03', 0, '汇源肾宝', 1, NULL, '2016-10-27 09:55:02'),
(274, '152433', '莱安娜·莫尔蒙', 'Upload/goods/2016-10/58119f8c09288.jpg', 'Upload/goods/2016-10/58119f8c09288_thumb.jpg', 0, 34, '99999.00', '99998.00', 1, 0, 0, 0, 0, '只', '萝莉大法好，音轻体柔易推倒', 1, 1, 1, 1, 1, 0, 0, NULL, 348, 372, 373, 190, 191, '萝莉大法好，音轻体柔易推倒', 0, 0, 0, 0, 1, '2016-10-27 14:32:48', 0, '萝莉，未来的女王', 1, NULL, '2016-10-27 10:06:16'),
(275, '2342435', '蕾姆', 'Upload/goods/2016-10/58119f79a044d.jpg', 'Upload/goods/2016-10/58119f79a044d_thumb.jpg', 0, 34, '999999999.99', '999999999.99', 1, 0, 0, 0, 0, '只', '蕾姆蕾姆蕾', 1, 1, 1, 1, 1, 0, 0, NULL, 348, 372, 373, 190, 191, '蕾姆蕾姆蕾', 0, 0, 0, 0, 1, '2016-10-27 14:32:29', 0, '蕾姆', 1, NULL, '2016-10-27 10:33:16'),
(276, '123321', '小白兔', 'Upload/goods/2016-10/581175f8ac0ed.jpg', 'Upload/goods/2016-10/581175f8ac0ed_thumb.jpg', 0, 34, '100.00', '100.00', 1, 0, 0, 0, 0, '只', '小白兔，白又白，两只耳朵竖起来。割完动脉割静脉，一动不动真可爱。', 0, 1, 1, 1, 1, 0, 0, NULL, 348, 372, 374, 190, 191, '小白兔，白又白，两只耳朵竖起来。割完动脉割静脉，一动不动真可爱。', 0, 0, 0, 0, 1, '2016-10-27 11:36:52', 0, '小白兔', 1, NULL, '2016-10-27 11:36:52'),
(277, '98455', 'lere', 'Upload/goods/2016-10/5816f43bc549c.png', 'Upload/goods/2016-10/5816f43bc549c_thumb.png', 0, 35, '12.00', '11.00', 123, 0, 0, 0, 0, '12', '', 1, 1, 1, 1, 1, 0, 0, NULL, 348, 349, 352, 196, 197, 'dsd', 0, 0, 0, 0, 1, '2016-10-31 15:35:25', 0, '', 1, NULL, '2016-10-31 15:35:25'),
(278, '123231', '测试商品1号位', 'Upload/goods/2016-11/5817ec64ba6ca.jpg', 'Upload/goods/2016-11/5817ec64ba6ca_thumb.jpg', 0, 36, '100.00', '99.00', 10000, 0, 0, 0, 0, '个', '啧啧', 1, 1, 1, 1, 1, 0, 0, NULL, 348, 349, 350, 198, 199, '蛤蛤？&lt;br /&gt;', 0, 0, 0, 0, 1, '2016-11-01 09:14:16', 0, '商品1号', 1, NULL, '2016-11-01 09:14:16'),
(279, '789654', '会员专享1', 'Upload/goods/2016-11/581afb36713f7.png', 'Upload/goods/2016-11/581afb36713f7_thumb.png', 0, 34, '122.00', '12.00', 12, 0, 0, 0, 0, '元', '', 1, 1, 1, 1, 1, 0, 0, NULL, 348, 349, 350, 190, 191, '会员', 0, 0, 0, 0, 1, '2016-11-03 16:54:16', 0, '', 1, NULL, '2016-11-03 15:27:40'),
(280, '985654', '会员专享2', 'Upload/goods/2016-11/581afb2a45cf4.png', 'Upload/goods/2016-11/581afb2a45cf4_thumb.png', 0, 34, '133.00', '13.00', 13, 0, 0, 0, 0, '1', '', 1, 1, 1, 1, 1, 0, 0, NULL, 348, 349, 353, 184, 185, '123213', 0, 0, 0, 0, 1, '2016-11-03 16:54:04', 0, '', 1, NULL, '2016-11-03 15:28:26'),
(281, '965', '会员专享', 'Upload/goods/2016-11/581afb1f50383.png', 'Upload/goods/2016-11/581afb1f50383_thumb.png', 0, 34, '155.00', '15.00', 15, 0, 0, 0, 0, '1', '', 1, 1, 1, 1, 1, 0, 0, NULL, 348, 349, 352, 190, 191, '1222', 0, 0, 0, 0, 1, '2016-11-03 16:53:52', 0, '', 1, NULL, '2016-11-03 15:29:01'),
(282, '7995', '会员专享3', 'Upload/goods/2016-11/581ae7784e8d4.jpg', 'Upload/goods/2016-11/581ae7784e8d4_thumb.jpg', 0, 34, '144.00', '14.00', 14, 0, 0, 0, 0, '1', '', 1, 1, 1, 1, 1, 0, 0, NULL, 348, 349, 352, 184, 185, 'www', 0, 0, 0, 0, 1, '2016-11-03 15:30:19', 0, '', 1, NULL, '2016-11-03 15:30:19'),
(283, '会员商品', '会员商品', 'Upload/goods/2016-11/581c2ff85e252.png', 'Upload/goods/2016-11/581c2ff85e252_thumb.png', 0, 34, '0.01', '0.01', 999, 0, 0, 0, 0, '会员商品', '会员商品', 1, 1, 1, 1, 1, 0, 0, NULL, 348, 381, 382, 190, 191, '会员商品', 0, 0, 0, 0, 1, '2016-11-04 14:51:37', 0, '会员商品', 1, NULL, '2016-11-04 14:51:37');

-- --------------------------------------------------------

--
-- Table structure for table `wst_goods_appraises`
--

CREATE TABLE `wst_goods_appraises` (
  `id` int(11) NOT NULL,
  `shopId` int(11) NOT NULL,
  `orderId` int(11) NOT NULL,
  `goodsId` int(11) NOT NULL,
  `goodsAttrId` int(11) DEFAULT NULL,
  `userId` int(11) NOT NULL,
  `goodsScore` int(11) NOT NULL DEFAULT '0',
  `serviceScore` int(11) NOT NULL DEFAULT '0',
  `timeScore` int(11) NOT NULL DEFAULT '0',
  `content` text NOT NULL,
  `appraisesAnnex` varchar(255) DEFAULT NULL,
  `isShow` tinyint(4) NOT NULL DEFAULT '1',
  `createTime` datetime NOT NULL
) ENGINE=MyISAM DEFAULT CHARSET=utf8;

--
-- Dumping data for table `wst_goods_appraises`
--

INSERT INTO `wst_goods_appraises` (`id`, `shopId`, `orderId`, `goodsId`, `goodsAttrId`, `userId`, `goodsScore`, `serviceScore`, `timeScore`, `content`, `appraisesAnnex`, `isShow`, `createTime`) VALUES
(58, 34, 26, 257, 0, 41, 5, 5, 5, '系统自动好评', NULL, 1, '2016-11-01 09:03:27'),
(56, 34, 6, 257, 0, 41, 5, 5, 5, '系统自动好评', NULL, 1, '2016-11-01 09:03:27'),
(57, 34, 22, 259, 0, 41, 5, 5, 5, '系统自动好评', NULL, 1, '2016-11-01 09:03:27'),
(55, 34, 26, 257, 0, 41, 5, 5, 5, '系统自动好评', NULL, 1, '2016-10-31 17:34:55'),
(54, 34, 22, 259, 0, 41, 5, 5, 5, '系统自动好评', NULL, 1, '2016-10-31 17:34:55'),
(52, 34, 26, 257, 0, 41, 5, 5, 5, '系统自动好评', NULL, 1, '2016-10-31 15:31:21'),
(53, 34, 6, 257, 0, 41, 5, 5, 5, '系统自动好评', NULL, 1, '2016-10-31 17:34:55'),
(50, 34, 6, 257, 0, 41, 5, 5, 5, '系统自动好评', NULL, 1, '2016-10-31 15:31:21'),
(51, 34, 22, 259, 0, 41, 5, 5, 5, '系统自动好评', NULL, 1, '2016-10-31 15:31:21'),
(49, 34, 26, 257, 0, 41, 5, 5, 5, '系统自动好评', NULL, 1, '2016-10-31 14:57:22'),
(48, 34, 22, 259, 0, 41, 5, 5, 5, '系统自动好评', NULL, 1, '2016-10-31 14:57:22'),
(47, 34, 6, 257, 0, 41, 5, 5, 5, '系统自动好评', NULL, 1, '2016-10-31 14:57:22'),
(46, 34, 26, 257, 0, 41, 5, 5, 5, '系统自动好评', NULL, 1, '2016-10-28 09:34:53'),
(45, 34, 17, 257, 0, 41, 3, 5, 5, 'very   nice', NULL, 1, '2016-10-27 17:23:33'),
(44, 34, 19, 259, 0, 41, 5, 4, 4, '34', NULL, 1, '2016-10-27 17:03:47'),
(43, 34, 20, 259, 0, 41, 3, 4, 3, '333', NULL, 1, '2016-10-27 17:03:23'),
(42, 34, 52, 259, 0, 41, 5, 4, 3, '1233', NULL, 1, '2016-10-27 16:54:13'),
(41, 34, 62, 260, 0, 41, 5, 3, 3, '123', NULL, 1, '2016-10-27 16:53:40'),
(40, 34, 64, 266, 0, 44, 3, 5, 3, '是是是', NULL, 1, '2016-10-27 16:49:08'),
(39, 34, 65, 268, 0, 44, 4, 3, 3, '他', NULL, 1, '2016-10-27 16:45:55'),
(38, 34, 1, 257, 0, 44, 2, 3, 2, '333', NULL, 1, '2016-10-27 16:45:30'),
(37, 34, 2, 265, 0, 44, 4, 5, 3, '34', NULL, 1, '2016-10-27 16:36:09'),
(36, 34, 21, 256, 0, 44, 5, 4, 4, '恩恩', NULL, 1, '2016-10-27 16:33:17'),
(35, 34, 31, 255, 0, 44, 3, 4, 4, '1', NULL, 1, '2016-10-27 16:31:33'),
(34, 34, 31, 261, 0, 44, 3, 4, 4, '1', NULL, 1, '2016-10-27 16:31:33'),
(59, 34, 52, 259, 0, 41, 5, 5, 5, '系统自动好评', NULL, 1, '2016-11-01 09:03:27'),
(60, 34, 6, 257, 0, 41, 5, 5, 5, '系统自动好评', NULL, 1, '2016-11-01 09:28:50'),
(61, 34, 22, 259, 0, 41, 5, 5, 5, '系统自动好评', NULL, 1, '2016-11-01 09:28:50'),
(62, 34, 26, 257, 0, 41, 5, 5, 5, '系统自动好评', NULL, 1, '2016-11-01 09:28:50'),
(63, 34, 52, 259, 0, 41, 5, 5, 5, '系统自动好评', NULL, 1, '2016-11-01 09:28:50'),
(64, 34, 6, 257, 0, 41, 5, 5, 5, '系统自动好评', NULL, 1, '2016-11-01 11:01:18'),
(65, 34, 22, 259, 0, 41, 5, 5, 5, '系统自动好评', NULL, 1, '2016-11-01 11:01:18'),
(66, 34, 26, 257, 0, 41, 5, 5, 5, '系统自动好评', NULL, 1, '2016-11-01 11:01:18'),
(67, 34, 52, 259, 0, 41, 5, 5, 5, '系统自动好评', NULL, 1, '2016-11-01 11:01:18'),
(68, 34, 1, 257, 0, 44, 5, 5, 5, '系统自动好评', NULL, 1, '2016-11-03 10:56:42'),
(69, 34, 2, 265, 0, 44, 5, 5, 5, '系统自动好评', NULL, 1, '2016-11-03 10:56:42'),
(70, 34, 6, 257, 0, 41, 5, 5, 5, '系统自动好评', NULL, 1, '2016-11-03 10:56:42'),
(71, 34, 21, 256, 0, 44, 5, 5, 5, '系统自动好评', NULL, 1, '2016-11-03 10:56:42'),
(72, 34, 22, 259, 0, 41, 5, 5, 5, '系统自动好评', NULL, 1, '2016-11-03 10:56:42'),
(73, 34, 23, 257, 0, 47, 5, 5, 5, '系统自动好评', NULL, 1, '2016-11-03 10:56:42'),
(74, 34, 24, 259, 0, 47, 5, 5, 5, '系统自动好评', NULL, 1, '2016-11-03 10:56:42'),
(75, 34, 24, 257, 0, 47, 5, 5, 5, '系统自动好评', NULL, 1, '2016-11-03 10:56:42'),
(76, 34, 25, 257, 0, 47, 5, 5, 5, '系统自动好评', NULL, 1, '2016-11-03 10:56:42'),
(77, 34, 25, 256, 0, 47, 5, 5, 5, '系统自动好评', NULL, 1, '2016-11-03 10:56:42'),
(78, 34, 26, 257, 0, 41, 5, 5, 5, '系统自动好评', NULL, 1, '2016-11-03 10:56:42'),
(79, 34, 27, 258, 0, 47, 5, 5, 5, '系统自动好评', NULL, 1, '2016-11-03 10:56:42'),
(80, 34, 30, 256, 0, 44, 5, 5, 5, '系统自动好评', NULL, 1, '2016-11-03 10:56:43'),
(81, 34, 30, 262, 0, 44, 5, 5, 5, '系统自动好评', NULL, 1, '2016-11-03 10:56:43'),
(82, 34, 30, 257, 0, 44, 5, 5, 5, '系统自动好评', NULL, 1, '2016-11-03 10:56:43'),
(83, 34, 30, 255, 0, 44, 5, 5, 5, '系统自动好评', NULL, 1, '2016-11-03 10:56:43'),
(84, 34, 31, 261, 0, 44, 5, 5, 5, '系统自动好评', NULL, 1, '2016-11-03 10:56:43'),
(85, 34, 31, 255, 0, 44, 5, 5, 5, '系统自动好评', NULL, 1, '2016-11-03 10:56:43'),
(86, 34, 52, 259, 0, 41, 5, 5, 5, '系统自动好评', NULL, 1, '2016-11-03 10:56:43'),
(87, 34, 63, 256, 0, 44, 5, 5, 5, '系统自动好评', NULL, 1, '2016-11-03 10:56:43'),
(88, 34, 63, 267, 0, 44, 5, 5, 5, '系统自动好评', NULL, 1, '2016-11-03 10:56:43'),
(89, 34, 63, 269, 0, 44, 5, 5, 5, '系统自动好评', NULL, 1, '2016-11-03 10:56:43'),
(90, 34, 63, 266, 0, 44, 5, 5, 5, '系统自动好评', NULL, 1, '2016-11-03 10:56:43'),
(91, 34, 1, 257, 0, 44, 5, 5, 5, '系统自动好评', NULL, 1, '2016-11-03 11:36:20'),
(92, 34, 2, 265, 0, 44, 5, 5, 5, '系统自动好评', NULL, 1, '2016-11-03 11:36:20'),
(93, 34, 6, 257, 0, 41, 5, 5, 5, '系统自动好评', NULL, 1, '2016-11-03 11:36:20'),
(94, 34, 21, 256, 0, 44, 5, 5, 5, '系统自动好评', NULL, 1, '2016-11-03 11:36:20'),
(95, 34, 22, 259, 0, 41, 5, 5, 5, '系统自动好评', NULL, 1, '2016-11-03 11:36:20'),
(96, 34, 23, 257, 0, 47, 5, 5, 5, '系统自动好评', NULL, 1, '2016-11-03 11:36:20'),
(97, 34, 24, 259, 0, 47, 5, 5, 5, '系统自动好评', NULL, 1, '2016-11-03 11:36:21'),
(98, 34, 24, 257, 0, 47, 5, 5, 5, '系统自动好评', NULL, 1, '2016-11-03 11:36:21'),
(99, 34, 25, 257, 0, 47, 5, 5, 5, '系统自动好评', NULL, 1, '2016-11-03 11:36:21'),
(100, 34, 25, 256, 0, 47, 5, 5, 5, '系统自动好评', NULL, 1, '2016-11-03 11:36:21'),
(101, 34, 26, 257, 0, 41, 5, 5, 5, '系统自动好评', NULL, 1, '2016-11-03 11:36:21'),
(102, 34, 27, 258, 0, 47, 5, 5, 5, '系统自动好评', NULL, 1, '2016-11-03 11:36:21'),
(103, 34, 30, 256, 0, 44, 5, 5, 5, '系统自动好评', NULL, 1, '2016-11-03 11:36:21'),
(104, 34, 30, 262, 0, 44, 5, 5, 5, '系统自动好评', NULL, 1, '2016-11-03 11:36:21'),
(105, 34, 30, 257, 0, 44, 5, 5, 5, '系统自动好评', NULL, 1, '2016-11-03 11:36:21'),
(106, 34, 30, 255, 0, 44, 5, 5, 5, '系统自动好评', NULL, 1, '2016-11-03 11:36:21'),
(107, 34, 31, 261, 0, 44, 5, 5, 5, '系统自动好评', NULL, 1, '2016-11-03 11:36:21'),
(108, 34, 31, 255, 0, 44, 5, 5, 5, '系统自动好评', NULL, 1, '2016-11-03 11:36:21'),
(109, 34, 52, 259, 0, 41, 5, 5, 5, '系统自动好评', NULL, 1, '2016-11-03 11:36:21'),
(110, 34, 63, 256, 0, 44, 5, 5, 5, '系统自动好评', NULL, 1, '2016-11-03 11:36:21'),
(111, 34, 63, 267, 0, 44, 5, 5, 5, '系统自动好评', NULL, 1, '2016-11-03 11:36:21'),
(112, 34, 63, 269, 0, 44, 5, 5, 5, '系统自动好评', NULL, 1, '2016-11-03 11:36:21'),
(113, 34, 63, 266, 0, 44, 5, 5, 5, '系统自动好评', NULL, 1, '2016-11-03 11:36:21'),
(114, 34, 1, 257, 0, 44, 5, 5, 5, '系统自动好评', NULL, 1, '2016-11-03 17:03:12'),
(115, 34, 2, 265, 0, 44, 5, 5, 5, '系统自动好评', NULL, 1, '2016-11-03 17:03:12'),
(116, 34, 6, 257, 0, 41, 5, 5, 5, '系统自动好评', NULL, 1, '2016-11-03 17:03:12'),
(117, 34, 21, 256, 0, 44, 5, 5, 5, '系统自动好评', NULL, 1, '2016-11-03 17:03:12'),
(118, 34, 22, 259, 0, 41, 5, 5, 5, '系统自动好评', NULL, 1, '2016-11-03 17:03:12'),
(119, 34, 23, 257, 0, 47, 5, 5, 5, '系统自动好评', NULL, 1, '2016-11-03 17:03:12'),
(120, 34, 24, 259, 0, 47, 5, 5, 5, '系统自动好评', NULL, 1, '2016-11-03 17:03:12'),
(121, 34, 24, 257, 0, 47, 5, 5, 5, '系统自动好评', NULL, 1, '2016-11-03 17:03:13'),
(122, 34, 25, 257, 0, 47, 5, 5, 5, '系统自动好评', NULL, 1, '2016-11-03 17:03:13'),
(123, 34, 25, 256, 0, 47, 5, 5, 5, '系统自动好评', NULL, 1, '2016-11-03 17:03:13'),
(124, 34, 26, 257, 0, 41, 5, 5, 5, '系统自动好评', NULL, 1, '2016-11-03 17:03:13'),
(125, 34, 27, 258, 0, 47, 5, 5, 5, '系统自动好评', NULL, 1, '2016-11-03 17:03:13'),
(126, 34, 30, 256, 0, 44, 5, 5, 5, '系统自动好评', NULL, 1, '2016-11-03 17:03:13'),
(127, 34, 30, 262, 0, 44, 5, 5, 5, '系统自动好评', NULL, 1, '2016-11-03 17:03:13'),
(128, 34, 30, 257, 0, 44, 5, 5, 5, '系统自动好评', NULL, 1, '2016-11-03 17:03:13'),
(129, 34, 30, 255, 0, 44, 5, 5, 5, '系统自动好评', NULL, 1, '2016-11-03 17:03:13'),
(130, 34, 31, 261, 0, 44, 5, 5, 5, '系统自动好评', NULL, 1, '2016-11-03 17:03:13'),
(131, 34, 31, 255, 0, 44, 5, 5, 5, '系统自动好评', NULL, 1, '2016-11-03 17:03:13'),
(132, 34, 52, 259, 0, 41, 5, 5, 5, '系统自动好评', NULL, 1, '2016-11-03 17:03:13'),
(133, 34, 63, 256, 0, 44, 5, 5, 5, '系统自动好评', NULL, 1, '2016-11-03 17:03:13'),
(134, 34, 63, 267, 0, 44, 5, 5, 5, '系统自动好评', NULL, 1, '2016-11-03 17:03:13'),
(135, 34, 63, 269, 0, 44, 5, 5, 5, '系统自动好评', NULL, 1, '2016-11-03 17:03:13'),
(136, 34, 63, 266, 0, 44, 5, 5, 5, '系统自动好评', NULL, 1, '2016-11-03 17:03:13'),
(137, 34, 1, 257, 0, 44, 5, 5, 5, '系统自动好评', NULL, 1, '2016-11-04 08:47:02'),
(138, 34, 2, 265, 0, 44, 5, 5, 5, '系统自动好评', NULL, 1, '2016-11-04 08:47:02'),
(139, 34, 6, 257, 0, 41, 5, 5, 5, '系统自动好评', NULL, 1, '2016-11-04 08:47:02'),
(140, 34, 17, 257, 0, 41, 5, 5, 5, '系统自动好评', NULL, 1, '2016-11-04 08:47:02'),
(141, 34, 19, 259, 0, 41, 5, 5, 5, '系统自动好评', NULL, 1, '2016-11-04 08:47:02'),
(142, 34, 20, 259, 0, 41, 5, 5, 5, '系统自动好评', NULL, 1, '2016-11-04 08:47:02'),
(143, 34, 21, 256, 0, 44, 5, 5, 5, '系统自动好评', NULL, 1, '2016-11-04 08:47:02'),
(144, 34, 22, 259, 0, 41, 5, 5, 5, '系统自动好评', NULL, 1, '2016-11-04 08:47:02'),
(145, 34, 23, 257, 0, 47, 5, 5, 5, '系统自动好评', NULL, 1, '2016-11-04 08:47:02'),
(146, 34, 24, 259, 0, 47, 5, 5, 5, '系统自动好评', NULL, 1, '2016-11-04 08:47:02'),
(147, 34, 24, 257, 0, 47, 5, 5, 5, '系统自动好评', NULL, 1, '2016-11-04 08:47:02'),
(148, 34, 25, 257, 0, 47, 5, 5, 5, '系统自动好评', NULL, 1, '2016-11-04 08:47:02'),
(149, 34, 25, 256, 0, 47, 5, 5, 5, '系统自动好评', NULL, 1, '2016-11-04 08:47:02'),
(150, 34, 26, 257, 0, 41, 5, 5, 5, '系统自动好评', NULL, 1, '2016-11-04 08:47:02'),
(151, 34, 27, 258, 0, 47, 5, 5, 5, '系统自动好评', NULL, 1, '2016-11-04 08:47:02'),
(152, 34, 30, 256, 0, 44, 5, 5, 5, '系统自动好评', NULL, 1, '2016-11-04 08:47:02'),
(153, 34, 30, 262, 0, 44, 5, 5, 5, '系统自动好评', NULL, 1, '2016-11-04 08:47:02'),
(154, 34, 30, 257, 0, 44, 5, 5, 5, '系统自动好评', NULL, 1, '2016-11-04 08:47:02'),
(155, 34, 30, 255, 0, 44, 5, 5, 5, '系统自动好评', NULL, 1, '2016-11-04 08:47:02'),
(156, 34, 31, 261, 0, 44, 5, 5, 5, '系统自动好评', NULL, 1, '2016-11-04 08:47:02'),
(157, 34, 31, 255, 0, 44, 5, 5, 5, '系统自动好评', NULL, 1, '2016-11-04 08:47:02'),
(158, 34, 52, 259, 0, 41, 5, 5, 5, '系统自动好评', NULL, 1, '2016-11-04 08:47:02'),
(159, 34, 62, 260, 0, 41, 5, 5, 5, '系统自动好评', NULL, 1, '2016-11-04 08:47:02'),
(160, 34, 63, 256, 0, 44, 5, 5, 5, '系统自动好评', NULL, 1, '2016-11-04 08:47:02'),
(161, 34, 63, 267, 0, 44, 5, 5, 5, '系统自动好评', NULL, 1, '2016-11-04 08:47:02'),
(162, 34, 63, 269, 0, 44, 5, 5, 5, '系统自动好评', NULL, 1, '2016-11-04 08:47:02'),
(163, 34, 63, 266, 0, 44, 5, 5, 5, '系统自动好评', NULL, 1, '2016-11-04 08:47:02'),
(164, 34, 64, 266, 0, 44, 5, 5, 5, '系统自动好评', NULL, 1, '2016-11-04 08:47:02'),
(165, 34, 65, 268, 0, 44, 5, 5, 5, '系统自动好评', NULL, 1, '2016-11-04 08:47:02'),
(166, 34, 67, 269, 0, 44, 5, 5, 5, '系统自动好评', NULL, 1, '2016-11-04 08:47:02'),
(167, 34, 67, 270, 0, 44, 5, 5, 5, '系统自动好评', NULL, 1, '2016-11-04 08:47:02'),
(168, 34, 67, 258, 0, 44, 5, 5, 5, '系统自动好评', NULL, 1, '2016-11-04 08:47:02'),
(169, 34, 67, 268, 0, 44, 5, 5, 5, '系统自动好评', NULL, 1, '2016-11-04 08:47:02'),
(170, 34, 1, 257, 0, 44, 5, 5, 5, '系统自动好评', NULL, 1, '2016-11-04 08:46:43'),
(171, 34, 2, 265, 0, 44, 5, 5, 5, '系统自动好评', NULL, 1, '2016-11-04 08:46:44'),
(172, 34, 6, 257, 0, 41, 5, 5, 5, '系统自动好评', NULL, 1, '2016-11-04 08:46:44'),
(173, 34, 17, 257, 0, 41, 5, 5, 5, '系统自动好评', NULL, 1, '2016-11-04 08:46:44'),
(174, 34, 19, 259, 0, 41, 5, 5, 5, '系统自动好评', NULL, 1, '2016-11-04 08:46:44'),
(175, 34, 20, 259, 0, 41, 5, 5, 5, '系统自动好评', NULL, 1, '2016-11-04 08:46:44'),
(176, 34, 21, 256, 0, 44, 5, 5, 5, '系统自动好评', NULL, 1, '2016-11-04 08:46:44'),
(177, 34, 22, 259, 0, 41, 5, 5, 5, '系统自动好评', NULL, 1, '2016-11-04 08:46:44'),
(178, 34, 23, 257, 0, 47, 5, 5, 5, '系统自动好评', NULL, 1, '2016-11-04 08:46:44'),
(179, 34, 24, 259, 0, 47, 5, 5, 5, '系统自动好评', NULL, 1, '2016-11-04 08:46:44'),
(180, 34, 24, 257, 0, 47, 5, 5, 5, '系统自动好评', NULL, 1, '2016-11-04 08:46:44'),
(181, 34, 25, 257, 0, 47, 5, 5, 5, '系统自动好评', NULL, 1, '2016-11-04 08:46:44'),
(182, 34, 25, 256, 0, 47, 5, 5, 5, '系统自动好评', NULL, 1, '2016-11-04 08:46:45'),
(183, 34, 26, 257, 0, 41, 5, 5, 5, '系统自动好评', NULL, 1, '2016-11-04 08:46:45'),
(184, 34, 27, 258, 0, 47, 5, 5, 5, '系统自动好评', NULL, 1, '2016-11-04 08:46:45'),
(185, 34, 30, 256, 0, 44, 5, 5, 5, '系统自动好评', NULL, 1, '2016-11-04 08:46:45'),
(186, 34, 30, 262, 0, 44, 5, 5, 5, '系统自动好评', NULL, 1, '2016-11-04 08:46:45'),
(187, 34, 30, 257, 0, 44, 5, 5, 5, '系统自动好评', NULL, 1, '2016-11-04 08:46:45'),
(188, 34, 30, 255, 0, 44, 5, 5, 5, '系统自动好评', NULL, 1, '2016-11-04 08:46:45'),
(189, 34, 31, 261, 0, 44, 5, 5, 5, '系统自动好评', NULL, 1, '2016-11-04 08:46:45'),
(190, 34, 31, 255, 0, 44, 5, 5, 5, '系统自动好评', NULL, 1, '2016-11-04 08:46:45'),
(191, 34, 52, 259, 0, 41, 5, 5, 5, '系统自动好评', NULL, 1, '2016-11-04 08:46:45'),
(192, 34, 62, 260, 0, 41, 5, 5, 5, '系统自动好评', NULL, 1, '2016-11-04 08:46:45'),
(193, 34, 63, 256, 0, 44, 5, 5, 5, '系统自动好评', NULL, 1, '2016-11-04 08:46:45'),
(194, 34, 63, 267, 0, 44, 5, 5, 5, '系统自动好评', NULL, 1, '2016-11-04 08:46:45'),
(195, 34, 63, 269, 0, 44, 5, 5, 5, '系统自动好评', NULL, 1, '2016-11-04 08:46:45'),
(196, 34, 63, 266, 0, 44, 5, 5, 5, '系统自动好评', NULL, 1, '2016-11-04 08:46:45'),
(197, 34, 64, 266, 0, 44, 5, 5, 5, '系统自动好评', NULL, 1, '2016-11-04 08:46:45'),
(198, 34, 65, 268, 0, 44, 5, 5, 5, '系统自动好评', NULL, 1, '2016-11-04 08:46:45'),
(199, 34, 67, 269, 0, 44, 5, 5, 5, '系统自动好评', NULL, 1, '2016-11-04 08:46:46'),
(200, 34, 67, 270, 0, 44, 5, 5, 5, '系统自动好评', NULL, 1, '2016-11-04 08:46:46'),
(201, 34, 67, 258, 0, 44, 5, 5, 5, '系统自动好评', NULL, 1, '2016-11-04 08:46:46'),
(202, 34, 67, 268, 0, 44, 5, 5, 5, '系统自动好评', NULL, 1, '2016-11-04 08:46:46'),
(203, 34, 1, 257, 0, 44, 5, 5, 5, '系统自动好评', NULL, 1, '2016-11-04 08:52:19'),
(204, 34, 2, 265, 0, 44, 5, 5, 5, '系统自动好评', NULL, 1, '2016-11-04 08:52:19'),
(205, 34, 6, 257, 0, 41, 5, 5, 5, '系统自动好评', NULL, 1, '2016-11-04 08:52:19'),
(206, 34, 17, 257, 0, 41, 5, 5, 5, '系统自动好评', NULL, 1, '2016-11-04 08:52:19'),
(207, 34, 19, 259, 0, 41, 5, 5, 5, '系统自动好评', NULL, 1, '2016-11-04 08:52:19'),
(208, 34, 20, 259, 0, 41, 5, 5, 5, '系统自动好评', NULL, 1, '2016-11-04 08:52:19'),
(209, 34, 21, 256, 0, 44, 5, 5, 5, '系统自动好评', NULL, 1, '2016-11-04 08:52:19'),
(210, 34, 22, 259, 0, 41, 5, 5, 5, '系统自动好评', NULL, 1, '2016-11-04 08:52:19'),
(211, 34, 23, 257, 0, 47, 5, 5, 5, '系统自动好评', NULL, 1, '2016-11-04 08:52:19'),
(212, 34, 24, 259, 0, 47, 5, 5, 5, '系统自动好评', NULL, 1, '2016-11-04 08:52:19'),
(213, 34, 24, 257, 0, 47, 5, 5, 5, '系统自动好评', NULL, 1, '2016-11-04 08:52:19'),
(214, 34, 25, 257, 0, 47, 5, 5, 5, '系统自动好评', NULL, 1, '2016-11-04 08:52:20'),
(215, 34, 25, 256, 0, 47, 5, 5, 5, '系统自动好评', NULL, 1, '2016-11-04 08:52:20'),
(216, 34, 26, 257, 0, 41, 5, 5, 5, '系统自动好评', NULL, 1, '2016-11-04 08:52:20'),
(217, 34, 27, 258, 0, 47, 5, 5, 5, '系统自动好评', NULL, 1, '2016-11-04 08:52:20'),
(218, 34, 30, 256, 0, 44, 5, 5, 5, '系统自动好评', NULL, 1, '2016-11-04 08:52:20'),
(219, 34, 30, 262, 0, 44, 5, 5, 5, '系统自动好评', NULL, 1, '2016-11-04 08:52:20'),
(220, 34, 30, 257, 0, 44, 5, 5, 5, '系统自动好评', NULL, 1, '2016-11-04 08:52:20'),
(221, 34, 30, 255, 0, 44, 5, 5, 5, '系统自动好评', NULL, 1, '2016-11-04 08:52:20'),
(222, 34, 31, 261, 0, 44, 5, 5, 5, '系统自动好评', NULL, 1, '2016-11-04 08:52:20'),
(223, 34, 31, 255, 0, 44, 5, 5, 5, '系统自动好评', NULL, 1, '2016-11-04 08:52:20'),
(224, 34, 52, 259, 0, 41, 5, 5, 5, '系统自动好评', NULL, 1, '2016-11-04 08:52:20'),
(225, 34, 62, 260, 0, 41, 5, 5, 5, '系统自动好评', NULL, 1, '2016-11-04 08:52:20'),
(226, 34, 63, 256, 0, 44, 5, 5, 5, '系统自动好评', NULL, 1, '2016-11-04 08:52:20'),
(227, 34, 63, 267, 0, 44, 5, 5, 5, '系统自动好评', NULL, 1, '2016-11-04 08:52:20'),
(228, 34, 63, 269, 0, 44, 5, 5, 5, '系统自动好评', NULL, 1, '2016-11-04 08:52:20'),
(229, 34, 63, 266, 0, 44, 5, 5, 5, '系统自动好评', NULL, 1, '2016-11-04 08:52:20'),
(230, 34, 64, 266, 0, 44, 5, 5, 5, '系统自动好评', NULL, 1, '2016-11-04 08:52:20'),
(231, 34, 65, 268, 0, 44, 5, 5, 5, '系统自动好评', NULL, 1, '2016-11-04 08:52:20'),
(232, 34, 67, 269, 0, 44, 5, 5, 5, '系统自动好评', NULL, 1, '2016-11-04 08:52:20'),
(233, 34, 67, 270, 0, 44, 5, 5, 5, '系统自动好评', NULL, 1, '2016-11-04 08:52:20'),
(234, 34, 67, 258, 0, 44, 5, 5, 5, '系统自动好评', NULL, 1, '2016-11-04 08:52:20'),
(235, 34, 67, 268, 0, 44, 5, 5, 5, '系统自动好评', NULL, 1, '2016-11-04 08:52:20'),
(236, 34, 71, 265, 0, 44, 5, 5, 5, '测试123', NULL, 1, '2016-11-04 08:52:37'),
(237, 34, 71, 264, 0, 44, 5, 5, 5, '测试111', NULL, 1, '2016-11-04 08:52:37'),
(238, 34, 1, 257, 0, 44, 5, 5, 5, '系统自动好评', NULL, 1, '2016-11-04 09:10:44'),
(239, 34, 2, 265, 0, 44, 5, 5, 5, '系统自动好评', NULL, 1, '2016-11-04 09:10:44'),
(240, 34, 6, 257, 0, 41, 5, 5, 5, '系统自动好评', NULL, 1, '2016-11-04 09:10:44'),
(241, 34, 17, 257, 0, 41, 5, 5, 5, '系统自动好评', NULL, 1, '2016-11-04 09:10:44'),
(242, 34, 19, 259, 0, 41, 5, 5, 5, '系统自动好评', NULL, 1, '2016-11-04 09:10:44'),
(243, 34, 20, 259, 0, 41, 5, 5, 5, '系统自动好评', NULL, 1, '2016-11-04 09:10:44'),
(244, 34, 21, 256, 0, 44, 5, 5, 5, '系统自动好评', NULL, 1, '2016-11-04 09:10:44'),
(245, 34, 22, 259, 0, 41, 5, 5, 5, '系统自动好评', NULL, 1, '2016-11-04 09:10:44'),
(246, 34, 23, 257, 0, 47, 5, 5, 5, '系统自动好评', NULL, 1, '2016-11-04 09:10:44'),
(247, 34, 24, 259, 0, 47, 5, 5, 5, '系统自动好评', NULL, 1, '2016-11-04 09:10:44'),
(248, 34, 24, 257, 0, 47, 5, 5, 5, '系统自动好评', NULL, 1, '2016-11-04 09:10:44'),
(249, 34, 25, 257, 0, 47, 5, 5, 5, '系统自动好评', NULL, 1, '2016-11-04 09:10:44'),
(250, 34, 25, 256, 0, 47, 5, 5, 5, '系统自动好评', NULL, 1, '2016-11-04 09:10:44'),
(251, 34, 26, 257, 0, 41, 5, 5, 5, '系统自动好评', NULL, 1, '2016-11-04 09:10:44'),
(252, 34, 27, 258, 0, 47, 5, 5, 5, '系统自动好评', NULL, 1, '2016-11-04 09:10:44'),
(253, 34, 30, 256, 0, 44, 5, 5, 5, '系统自动好评', NULL, 1, '2016-11-04 09:10:44'),
(254, 34, 30, 262, 0, 44, 5, 5, 5, '系统自动好评', NULL, 1, '2016-11-04 09:10:44'),
(255, 34, 30, 257, 0, 44, 5, 5, 5, '系统自动好评', NULL, 1, '2016-11-04 09:10:44'),
(256, 34, 30, 255, 0, 44, 5, 5, 5, '系统自动好评', NULL, 1, '2016-11-04 09:10:44'),
(257, 34, 31, 261, 0, 44, 5, 5, 5, '系统自动好评', NULL, 1, '2016-11-04 09:10:44'),
(258, 34, 31, 255, 0, 44, 5, 5, 5, '系统自动好评', NULL, 1, '2016-11-04 09:10:44'),
(259, 34, 52, 259, 0, 41, 5, 5, 5, '系统自动好评', NULL, 1, '2016-11-04 09:10:44'),
(260, 34, 62, 260, 0, 41, 5, 5, 5, '系统自动好评', NULL, 1, '2016-11-04 09:10:44'),
(261, 34, 63, 256, 0, 44, 5, 5, 5, '系统自动好评', NULL, 1, '2016-11-04 09:10:44'),
(262, 34, 63, 267, 0, 44, 5, 5, 5, '系统自动好评', NULL, 1, '2016-11-04 09:10:44'),
(263, 34, 63, 269, 0, 44, 5, 5, 5, '系统自动好评', NULL, 1, '2016-11-04 09:10:44'),
(264, 34, 63, 266, 0, 44, 5, 5, 5, '系统自动好评', NULL, 1, '2016-11-04 09:10:44'),
(265, 34, 64, 266, 0, 44, 5, 5, 5, '系统自动好评', NULL, 1, '2016-11-04 09:10:44'),
(266, 34, 65, 268, 0, 44, 5, 5, 5, '系统自动好评', NULL, 1, '2016-11-04 09:10:44'),
(267, 34, 67, 269, 0, 44, 5, 5, 5, '系统自动好评', NULL, 1, '2016-11-04 09:10:44'),
(268, 34, 67, 270, 0, 44, 5, 5, 5, '系统自动好评', NULL, 1, '2016-11-04 09:10:44'),
(269, 34, 67, 258, 0, 44, 5, 5, 5, '系统自动好评', NULL, 1, '2016-11-04 09:10:44'),
(270, 34, 67, 268, 0, 44, 5, 5, 5, '系统自动好评', NULL, 1, '2016-11-04 09:10:44'),
(271, 34, 1, 257, 0, 44, 5, 5, 5, '系统自动好评', NULL, 1, '2016-11-04 09:29:14'),
(272, 34, 2, 265, 0, 44, 5, 5, 5, '系统自动好评', NULL, 1, '2016-11-04 09:29:15'),
(273, 34, 6, 257, 0, 41, 5, 5, 5, '系统自动好评', NULL, 1, '2016-11-04 09:29:15'),
(274, 34, 17, 257, 0, 41, 5, 5, 5, '系统自动好评', NULL, 1, '2016-11-04 09:29:15'),
(275, 34, 19, 259, 0, 41, 5, 5, 5, '系统自动好评', NULL, 1, '2016-11-04 09:29:15'),
(276, 34, 20, 259, 0, 41, 5, 5, 5, '系统自动好评', NULL, 1, '2016-11-04 09:29:15'),
(277, 34, 21, 256, 0, 44, 5, 5, 5, '系统自动好评', NULL, 1, '2016-11-04 09:29:15'),
(278, 34, 22, 259, 0, 41, 5, 5, 5, '系统自动好评', NULL, 1, '2016-11-04 09:29:15'),
(279, 34, 23, 257, 0, 47, 5, 5, 5, '系统自动好评', NULL, 1, '2016-11-04 09:29:15'),
(280, 34, 24, 259, 0, 47, 5, 5, 5, '系统自动好评', NULL, 1, '2016-11-04 09:29:15'),
(281, 34, 24, 257, 0, 47, 5, 5, 5, '系统自动好评', NULL, 1, '2016-11-04 09:29:15'),
(282, 34, 25, 257, 0, 47, 5, 5, 5, '系统自动好评', NULL, 1, '2016-11-04 09:29:15'),
(283, 34, 25, 256, 0, 47, 5, 5, 5, '系统自动好评', NULL, 1, '2016-11-04 09:29:15'),
(284, 34, 26, 257, 0, 41, 5, 5, 5, '系统自动好评', NULL, 1, '2016-11-04 09:29:15'),
(285, 34, 27, 258, 0, 47, 5, 5, 5, '系统自动好评', NULL, 1, '2016-11-04 09:29:16'),
(286, 34, 30, 256, 0, 44, 5, 5, 5, '系统自动好评', NULL, 1, '2016-11-04 09:29:16'),
(287, 34, 30, 262, 0, 44, 5, 5, 5, '系统自动好评', NULL, 1, '2016-11-04 09:29:16'),
(288, 34, 30, 257, 0, 44, 5, 5, 5, '系统自动好评', NULL, 1, '2016-11-04 09:29:16'),
(289, 34, 30, 255, 0, 44, 5, 5, 5, '系统自动好评', NULL, 1, '2016-11-04 09:29:16'),
(290, 34, 31, 261, 0, 44, 5, 5, 5, '系统自动好评', NULL, 1, '2016-11-04 09:29:16'),
(291, 34, 31, 255, 0, 44, 5, 5, 5, '系统自动好评', NULL, 1, '2016-11-04 09:29:16'),
(292, 34, 52, 259, 0, 41, 5, 5, 5, '系统自动好评', NULL, 1, '2016-11-04 09:29:16'),
(293, 34, 62, 260, 0, 41, 5, 5, 5, '系统自动好评', NULL, 1, '2016-11-04 09:29:16'),
(294, 34, 63, 256, 0, 44, 5, 5, 5, '系统自动好评', NULL, 1, '2016-11-04 09:29:16'),
(295, 34, 63, 267, 0, 44, 5, 5, 5, '系统自动好评', NULL, 1, '2016-11-04 09:29:16'),
(296, 34, 63, 269, 0, 44, 5, 5, 5, '系统自动好评', NULL, 1, '2016-11-04 09:29:16'),
(297, 34, 63, 266, 0, 44, 5, 5, 5, '系统自动好评', NULL, 1, '2016-11-04 09:29:16'),
(298, 34, 64, 266, 0, 44, 5, 5, 5, '系统自动好评', NULL, 1, '2016-11-04 09:29:16'),
(299, 34, 65, 268, 0, 44, 5, 5, 5, '系统自动好评', NULL, 1, '2016-11-04 09:29:16'),
(300, 34, 67, 269, 0, 44, 5, 5, 5, '系统自动好评', NULL, 1, '2016-11-04 09:29:16'),
(301, 34, 67, 270, 0, 44, 5, 5, 5, '系统自动好评', NULL, 1, '2016-11-04 09:29:17'),
(302, 34, 67, 258, 0, 44, 5, 5, 5, '系统自动好评', NULL, 1, '2016-11-04 09:29:17'),
(303, 34, 67, 268, 0, 44, 5, 5, 5, '系统自动好评', NULL, 1, '2016-11-04 09:29:17'),
(304, 34, 18, 259, 0, 41, 5, 5, 5, '111', NULL, 1, '2016-11-04 10:18:41'),
(305, 34, 1, 257, 0, 44, 5, 5, 5, '系统自动好评', NULL, 1, '2016-11-04 13:41:34'),
(306, 34, 2, 265, 0, 44, 5, 5, 5, '系统自动好评', NULL, 1, '2016-11-04 13:41:34'),
(307, 34, 6, 257, 0, 41, 5, 5, 5, '系统自动好评', NULL, 1, '2016-11-04 13:41:34'),
(308, 34, 17, 257, 0, 41, 5, 5, 5, '系统自动好评', NULL, 1, '2016-11-04 13:41:34'),
(309, 34, 19, 259, 0, 41, 5, 5, 5, '系统自动好评', NULL, 1, '2016-11-04 13:41:34'),
(310, 34, 20, 259, 0, 41, 5, 5, 5, '系统自动好评', NULL, 1, '2016-11-04 13:41:34'),
(311, 34, 21, 256, 0, 44, 5, 5, 5, '系统自动好评', NULL, 1, '2016-11-04 13:41:35'),
(312, 34, 22, 259, 0, 41, 5, 5, 5, '系统自动好评', NULL, 1, '2016-11-04 13:41:35'),
(313, 34, 23, 257, 0, 47, 5, 5, 5, '系统自动好评', NULL, 1, '2016-11-04 13:41:35'),
(314, 34, 24, 259, 0, 47, 5, 5, 5, '系统自动好评', NULL, 1, '2016-11-04 13:41:35'),
(315, 34, 24, 257, 0, 47, 5, 5, 5, '系统自动好评', NULL, 1, '2016-11-04 13:41:35'),
(316, 34, 25, 257, 0, 47, 5, 5, 5, '系统自动好评', NULL, 1, '2016-11-04 13:41:35'),
(317, 34, 25, 256, 0, 47, 5, 5, 5, '系统自动好评', NULL, 1, '2016-11-04 13:41:35'),
(318, 34, 26, 257, 0, 41, 5, 5, 5, '系统自动好评', NULL, 1, '2016-11-04 13:41:35'),
(319, 34, 27, 258, 0, 47, 5, 5, 5, '系统自动好评', NULL, 1, '2016-11-04 13:41:35'),
(320, 34, 30, 256, 0, 44, 5, 5, 5, '系统自动好评', NULL, 1, '2016-11-04 13:41:35'),
(321, 34, 30, 262, 0, 44, 5, 5, 5, '系统自动好评', NULL, 1, '2016-11-04 13:41:35'),
(322, 34, 30, 257, 0, 44, 5, 5, 5, '系统自动好评', NULL, 1, '2016-11-04 13:41:35'),
(323, 34, 30, 255, 0, 44, 5, 5, 5, '系统自动好评', NULL, 1, '2016-11-04 13:41:35'),
(324, 34, 31, 261, 0, 44, 5, 5, 5, '系统自动好评', NULL, 1, '2016-11-04 13:41:36'),
(325, 34, 31, 255, 0, 44, 5, 5, 5, '系统自动好评', NULL, 1, '2016-11-04 13:41:36'),
(326, 34, 52, 259, 0, 41, 5, 5, 5, '系统自动好评', NULL, 1, '2016-11-04 13:41:36'),
(327, 34, 62, 260, 0, 41, 5, 5, 5, '系统自动好评', NULL, 1, '2016-11-04 13:41:36'),
(328, 34, 63, 256, 0, 44, 5, 5, 5, '系统自动好评', NULL, 1, '2016-11-04 13:41:36'),
(329, 34, 63, 267, 0, 44, 5, 5, 5, '系统自动好评', NULL, 1, '2016-11-04 13:41:36'),
(330, 34, 63, 269, 0, 44, 5, 5, 5, '系统自动好评', NULL, 1, '2016-11-04 13:41:36'),
(331, 34, 63, 266, 0, 44, 5, 5, 5, '系统自动好评', NULL, 1, '2016-11-04 13:41:36'),
(332, 34, 64, 266, 0, 44, 5, 5, 5, '系统自动好评', NULL, 1, '2016-11-04 13:41:36'),
(333, 34, 65, 268, 0, 44, 5, 5, 5, '系统自动好评', NULL, 1, '2016-11-04 13:41:36'),
(334, 34, 67, 269, 0, 44, 5, 5, 5, '系统自动好评', NULL, 1, '2016-11-04 13:41:36'),
(335, 34, 67, 270, 0, 44, 5, 5, 5, '系统自动好评', NULL, 1, '2016-11-04 13:41:36'),
(336, 34, 67, 258, 0, 44, 5, 5, 5, '系统自动好评', NULL, 1, '2016-11-04 13:41:36'),
(337, 34, 67, 268, 0, 44, 5, 5, 5, '系统自动好评', NULL, 1, '2016-11-04 13:41:36'),
(338, 34, 1, 257, 0, 44, 5, 5, 5, '系统自动好评', NULL, 1, '2016-11-04 14:17:09'),
(339, 34, 2, 265, 0, 44, 5, 5, 5, '系统自动好评', NULL, 1, '2016-11-04 14:17:09'),
(340, 34, 6, 257, 0, 41, 5, 5, 5, '系统自动好评', NULL, 1, '2016-11-04 14:17:09'),
(341, 34, 17, 257, 0, 41, 5, 5, 5, '系统自动好评', NULL, 1, '2016-11-04 14:17:09'),
(342, 34, 19, 259, 0, 41, 5, 5, 5, '系统自动好评', NULL, 1, '2016-11-04 14:17:09'),
(343, 34, 20, 259, 0, 41, 5, 5, 5, '系统自动好评', NULL, 1, '2016-11-04 14:17:09'),
(344, 34, 21, 256, 0, 44, 5, 5, 5, '系统自动好评', NULL, 1, '2016-11-04 14:17:09'),
(345, 34, 22, 259, 0, 41, 5, 5, 5, '系统自动好评', NULL, 1, '2016-11-04 14:17:09'),
(346, 34, 23, 257, 0, 47, 5, 5, 5, '系统自动好评', NULL, 1, '2016-11-04 14:17:09'),
(347, 34, 24, 259, 0, 47, 5, 5, 5, '系统自动好评', NULL, 1, '2016-11-04 14:17:09'),
(348, 34, 24, 257, 0, 47, 5, 5, 5, '系统自动好评', NULL, 1, '2016-11-04 14:17:09'),
(349, 34, 25, 257, 0, 47, 5, 5, 5, '系统自动好评', NULL, 1, '2016-11-04 14:17:10'),
(350, 34, 25, 256, 0, 47, 5, 5, 5, '系统自动好评', NULL, 1, '2016-11-04 14:17:10'),
(351, 34, 26, 257, 0, 41, 5, 5, 5, '系统自动好评', NULL, 1, '2016-11-04 14:17:10'),
(352, 34, 27, 258, 0, 47, 5, 5, 5, '系统自动好评', NULL, 1, '2016-11-04 14:17:10'),
(353, 34, 30, 256, 0, 44, 5, 5, 5, '系统自动好评', NULL, 1, '2016-11-04 14:17:10'),
(354, 34, 30, 262, 0, 44, 5, 5, 5, '系统自动好评', NULL, 1, '2016-11-04 14:17:10'),
(355, 34, 30, 257, 0, 44, 5, 5, 5, '系统自动好评', NULL, 1, '2016-11-04 14:17:10'),
(356, 34, 30, 255, 0, 44, 5, 5, 5, '系统自动好评', NULL, 1, '2016-11-04 14:17:10'),
(357, 34, 31, 261, 0, 44, 5, 5, 5, '系统自动好评', NULL, 1, '2016-11-04 14:17:10'),
(358, 34, 31, 255, 0, 44, 5, 5, 5, '系统自动好评', NULL, 1, '2016-11-04 14:17:10'),
(359, 34, 52, 259, 0, 41, 5, 5, 5, '系统自动好评', NULL, 1, '2016-11-04 14:17:10'),
(360, 34, 62, 260, 0, 41, 5, 5, 5, '系统自动好评', NULL, 1, '2016-11-04 14:17:10'),
(361, 34, 63, 256, 0, 44, 5, 5, 5, '系统自动好评', NULL, 1, '2016-11-04 14:17:10'),
(362, 34, 63, 267, 0, 44, 5, 5, 5, '系统自动好评', NULL, 1, '2016-11-04 14:17:10'),
(363, 34, 63, 269, 0, 44, 5, 5, 5, '系统自动好评', NULL, 1, '2016-11-04 14:17:10'),
(364, 34, 63, 266, 0, 44, 5, 5, 5, '系统自动好评', NULL, 1, '2016-11-04 14:17:10'),
(365, 34, 64, 266, 0, 44, 5, 5, 5, '系统自动好评', NULL, 1, '2016-11-04 14:17:10'),
(366, 34, 65, 268, 0, 44, 5, 5, 5, '系统自动好评', NULL, 1, '2016-11-04 14:17:10'),
(367, 34, 67, 269, 0, 44, 5, 5, 5, '系统自动好评', NULL, 1, '2016-11-04 14:17:10'),
(368, 34, 67, 270, 0, 44, 5, 5, 5, '系统自动好评', NULL, 1, '2016-11-04 14:17:10'),
(369, 34, 67, 258, 0, 44, 5, 5, 5, '系统自动好评', NULL, 1, '2016-11-04 14:17:10'),
(370, 34, 67, 268, 0, 44, 5, 5, 5, '系统自动好评', NULL, 1, '2016-11-04 14:17:10');

-- --------------------------------------------------------

--
-- Table structure for table `wst_goods_attributes`
--

CREATE TABLE `wst_goods_attributes` (
  `id` int(11) NOT NULL,
  `shopId` int(11) NOT NULL,
  `goodsId` int(11) NOT NULL,
  `attrId` int(11) NOT NULL,
  `attrVal` text NOT NULL,
  `attrPrice` decimal(11,2) DEFAULT '0.00',
  `attrStock` int(11) DEFAULT '0',
  `isRecomm` tinyint(4) DEFAULT '0'
) ENGINE=MyISAM DEFAULT CHARSET=utf8;

--
-- Dumping data for table `wst_goods_attributes`
--

INSERT INTO `wst_goods_attributes` (`id`, `shopId`, `goodsId`, `attrId`, `attrVal`, `attrPrice`, `attrStock`, `isRecomm`) VALUES
(20, 4, 117, 4, '一等', '700.00', 100, 0),
(19, 4, 117, 7, '含的Ω-3脂肪酸,富含维生素D,含有丰富的不饱和脂肪酸', '0.00', 0, 0),
(18, 4, 117, 6, '生食', '0.00', 0, 0),
(17, 4, 117, 5, '美国', '0.00', 0, 0),
(7, 4, 3, 2, '四川', '0.00', 0, 0),
(8, 4, 3, 3, '每100ML鲜橙汁含:热量207焦耳,蛋白质0.9g,脂肪0.2g,氨基酸203.9mg,维生素A0.127mg', '0.00', 0, 0),
(9, 4, 3, 1, '1等', '50.00', 100, 0),
(10, 4, 3, 1, '2等', '40.00', 100, 1),
(11, 4, 3, 1, '3等', '30.00', 100, 0),
(12, 4, 5, 2, '云南', '0.00', 0, 0),
(13, 4, 5, 3, '含有糖、蛋白质、粗纤维', '0.00', 0, 0),
(14, 4, 5, 1, '一等', '60.00', 100, 0),
(15, 4, 5, 1, '二等', '50.00', 100, 1),
(16, 4, 5, 1, '三等', '40.00', 100, 0),
(21, 4, 117, 4, '二等', '650.00', 100, 1),
(22, 4, 117, 4, '三等', '600.00', 100, 0),
(23, 4, 116, 5, '美国', '0.00', 0, 0),
(24, 4, 116, 6, '生食,烧烤', '0.00', 0, 0),
(25, 4, 116, 7, '含有丰富的蛋白质，还有较多的钙、铁、碘和维生素A等营养元素', '0.00', 0, 0),
(26, 4, 116, 4, '一等', '50.00', 100, 0),
(27, 4, 116, 4, '二等', '39.00', 100, 0),
(28, 4, 116, 4, '三等', '23.00', 100, 1);

-- --------------------------------------------------------

--
-- Table structure for table `wst_goods_cats`
--

CREATE TABLE `wst_goods_cats` (
  `catId` int(11) NOT NULL,
  `parentId` int(11) NOT NULL,
  `isShow` tinyint(4) NOT NULL DEFAULT '1',
  `catName` varchar(20) NOT NULL,
  `priceSection` text,
  `catSort` int(11) NOT NULL DEFAULT '0',
  `catFlag` tinyint(4) NOT NULL DEFAULT '1',
  `isFloor` tinyint(4) NOT NULL DEFAULT '1',
  `discount` decimal(11,2) NOT NULL
) ENGINE=MyISAM DEFAULT CHARSET=utf8;

--
-- Dumping data for table `wst_goods_cats`
--

INSERT INTO `wst_goods_cats` (`catId`, `parentId`, `isShow`, `catName`, `priceSection`, `catSort`, `catFlag`, `isFloor`, `discount`) VALUES
(47, 0, 1, '时蔬水果、网上菜场', '100', 1, -1, 1, '0.00'),
(48, 0, 1, '厨卫清洁、纸制用品', '111', 2, -1, 1, '0.00'),
(49, 0, 1, '酒水饮料、茶叶冲饮', '11', 3, -1, 1, '0.00'),
(50, 0, 1, '粮油食品、南北干货', 'we', 4, -1, 1, '0.00'),
(51, 0, 1, '美容护理、洗浴用品', 'd', 5, -1, 1, '0.00'),
(52, 0, 1, '休闲食品、进口食品', 'asd', 6, -1, 1, '0.00'),
(53, 0, 1, '营养保健、调理用品', 'sd', 7, -1, 1, '0.00'),
(54, 0, 1, '家居家电、厨具卫浴', 'sd', 8, -1, 1, '0.00'),
(55, 0, 1, '床上用品、玩具乐器', 'sd', 9, -1, 1, '0.00'),
(56, 0, 1, '虚拟服务、优惠票券', 'sd', 10, -1, 1, '0.00'),
(57, 0, 1, '母婴、玩具乐器', 'sd', 11, -1, 1, '0.00'),
(58, 0, 1, '食品饮料、酒类、生鲜', 'sad', 12, -1, 1, '0.00'),
(59, 0, 1, '营养保健', 'sd', 13, -1, 1, '0.00'),
(60, 0, 1, '彩票、旅行、充值、票务', 'sd', 14, -1, 1, '0.00'),
(61, 47, 1, '进口水果', '100', 0, -1, 1, '0.00'),
(62, 47, 1, '新鲜蔬菜', '100', 0, -1, 1, '0.00'),
(63, 47, 1, '美食净菜', '100', 0, -1, 1, '0.00'),
(64, 47, 1, '肉类蛋禽', '100', 0, -1, 1, '0.00'),
(65, 47, 1, '海鲜水产', '100', 0, -1, 1, '0.00'),
(66, 47, 1, '速冻食品', '100', 0, -1, 1, '0.00'),
(67, 47, 1, '生活', '100', 0, -1, 1, '0.00'),
(68, 47, 1, '科技', '100', 0, -1, 1, '0.00'),
(69, 47, 1, '少儿', '100', 0, -1, 1, '0.00'),
(70, 47, 1, '教育', '100', 0, -1, 1, '0.00'),
(71, 47, 1, '其它', '100', 0, -1, 1, '0.00'),
(72, 61, 1, '橙柚', '100', 0, -1, 1, '0.00'),
(73, 61, 1, '苹果', '100', 0, -1, 1, '0.00'),
(74, 48, 1, '纸制品', '0-100,100-200', 1, -1, 1, '0.00'),
(75, 74, 1, '软包抽纸', '0-100,100-200', 1, -1, 1, '0.00'),
(76, 61, 1, '凤梨', '100', 1, -1, 1, '0.00'),
(77, 61, 1, '火龙果', '100', 4, -1, 1, '0.00'),
(78, 49, 1, '酒水', NULL, 2, -1, 1, '0.00'),
(79, 49, 1, '咖啡', NULL, 3, -1, 1, '0.00'),
(80, 49, 1, '茶叶', NULL, 1, -1, 1, '0.00'),
(81, 49, 1, '饮料饮品', NULL, 4, -1, 1, '0.00'),
(82, 49, 1, '成人奶粉', NULL, 5, -1, 1, '0.00'),
(83, 49, 1, '养生茶', NULL, 6, -1, 1, '0.00'),
(84, 56, 1, '通讯充值', NULL, 1, -1, 1, '0.00'),
(85, 56, 1, '本地生活', NULL, 2, -1, 1, '0.00'),
(86, 56, 1, '演出票务', NULL, 3, -1, 1, '0.00'),
(87, 56, 1, '教育培训', NULL, 4, -1, 1, '0.00'),
(88, 87, 1, '早教幼教', NULL, 1, -1, 1, '0.00'),
(89, 87, 1, '艺术培训', NULL, 3, -1, 1, '0.00'),
(90, 87, 1, '语言培训', NULL, 4, -1, 1, '0.00'),
(91, 87, 1, '网络课程', NULL, 5, -1, 1, '0.00'),
(92, 87, 1, '学习培训', NULL, 6, -1, 1, '0.00'),
(93, 86, 1, '电影选座', NULL, 1, -1, 1, '0.00'),
(94, 86, 1, '演唱会', NULL, 2, -1, 1, '0.00'),
(95, 86, 1, '音乐会', NULL, 3, -1, 1, '0.00'),
(96, 86, 1, '体育赛事', NULL, 4, -1, 1, '0.00'),
(97, 85, 1, '外卖订座', NULL, 2, -1, 1, '0.00'),
(98, 85, 1, '生活缴费', NULL, 3, -1, 1, '0.00'),
(99, 85, 1, '汽车养护', NULL, 5, -1, 1, '0.00'),
(100, 84, 1, '移动话费充值', NULL, 1, -1, 1, '0.00'),
(101, 84, 1, '电信话费充值', NULL, 2, -1, 1, '0.00'),
(102, 84, 1, '联通话费充值', NULL, 3, -1, 1, '0.00'),
(103, 55, 1, '儿童玩具', NULL, 2, -1, 1, '0.00'),
(104, 103, 1, '毛绒玩具', NULL, 1, -1, 1, '0.00'),
(105, 103, 1, '电动车', NULL, 2, -1, 1, '0.00'),
(106, 103, 1, '积木拼插', NULL, 3, -1, 1, '0.00'),
(107, 103, 1, '滑板车', NULL, 7, -1, 1, '0.00'),
(108, 55, 1, '婴幼家纺', NULL, 3, -1, 1, '0.00'),
(109, 55, 1, '床上用品', NULL, 7, -1, 1, '0.00'),
(110, 108, 1, '婴儿枕', NULL, 1, -1, 1, '0.00'),
(111, 108, 1, '冬抱被', NULL, 2, -1, 1, '0.00'),
(112, 108, 1, '床垫', NULL, 3, -1, 1, '0.00'),
(113, 109, 1, '记忆枕', NULL, 1, -1, 1, '0.00'),
(114, 109, 1, '电热毯', NULL, 2, -1, 1, '0.00'),
(115, 109, 1, '床单床笠', NULL, 3, -1, 1, '0.00'),
(116, 108, 1, '床品套件', NULL, 4, -1, 1, '0.00'),
(117, 109, 1, '全棉四件套', NULL, 5, -1, 1, '0.00'),
(118, 54, 1, '厨具锅具', NULL, 1, -1, 1, '0.00'),
(119, 54, 1, '厨房电器', NULL, 2, -1, 1, '0.00'),
(120, 54, 1, '电器附件', NULL, 3, -1, 1, '0.00'),
(121, 54, 1, '日常电器', NULL, 4, -1, 1, '0.00'),
(122, 118, 1, '压力锅', NULL, 1, -1, 1, '0.00'),
(123, 118, 1, '平底锅', NULL, 2, -1, 1, '0.00'),
(124, 118, 1, '铲勺', NULL, 3, -1, 1, '0.00'),
(125, 118, 1, '烘焙工具', NULL, 4, -1, 1, '0.00'),
(126, 119, 1, '电饭煲', NULL, 1, -1, 1, '0.00'),
(127, 119, 1, '电磁炉', NULL, 2, -1, 1, '0.00'),
(128, 119, 1, '电炖锅', NULL, 3, -1, 1, '0.00'),
(129, 120, 1, '万能遥控器', NULL, 1, -1, 1, '0.00'),
(130, 120, 1, '电池', NULL, 2, -1, 1, '0.00'),
(131, 120, 1, '电视挂架', NULL, 4, -1, 1, '0.00'),
(132, 120, 1, '插头', NULL, 3, -1, 1, '0.00'),
(133, 121, 1, '理发器', NULL, 1, -1, 1, '0.00'),
(134, 121, 1, '电吹风', NULL, 2, -1, 1, '0.00'),
(135, 121, 1, '脱毛器', NULL, 3, -1, 1, '0.00'),
(136, 121, 1, '美发器', NULL, 4, -1, 1, '0.00'),
(137, 53, 1, '日常用药', NULL, 1, -1, 1, '0.00'),
(138, 53, 1, '营养健康', NULL, 2, -1, 1, '0.00'),
(139, 53, 1, '调理用药', NULL, 3, -1, 1, '0.00'),
(140, 53, 1, '传统滋补', NULL, 4, -1, 1, '0.00'),
(141, 53, 1, '营养成分', NULL, 5, -1, 1, '0.00'),
(142, 137, 1, '感冒发热', NULL, 1, -1, 1, '0.00'),
(143, 137, 1, '咽喉肿痛', NULL, 2, -1, 1, '0.00'),
(144, 137, 1, '止咳化痰', NULL, 3, -1, 1, '0.00'),
(145, 137, 1, '牙龈肿痛', NULL, 4, -1, 1, '0.00'),
(146, 137, 1, '跌打损伤', NULL, 5, -1, 1, '0.00'),
(147, 138, 1, '增强免疫', NULL, 1, -1, 1, '0.00'),
(148, 138, 1, '改善睡眠', NULL, 2, -1, 1, '0.00'),
(149, 138, 1, '补肾健体', NULL, 3, -1, 1, '0.00'),
(150, 138, 1, '延缓衰老', NULL, 4, -1, 1, '0.00'),
(151, 138, 1, '美白养颜', NULL, 5, -1, 1, '0.00'),
(152, 139, 1, '补脑安神', NULL, 1, -1, 1, '0.00'),
(153, 139, 1, '减肥瘦身', NULL, 2, -1, 1, '0.00'),
(154, 139, 1, '健脾消食', NULL, 3, -1, 1, '0.00'),
(155, 139, 1, '养肝护胆', NULL, 4, -1, 1, '0.00'),
(156, 140, 1, '蜂蜜/蜂产品', NULL, 1, -1, 1, '0.00'),
(157, 140, 1, '阿胶', NULL, 2, -1, 1, '0.00'),
(158, 140, 1, '燕窝', NULL, 3, -1, 1, '0.00'),
(159, 141, 1, '鱼油', NULL, 1, -1, 1, '0.00'),
(160, 141, 1, '螺旋藻', NULL, 2, -1, 1, '0.00'),
(161, 141, 1, '海狗/海豹油', NULL, 3, -1, 1, '0.00'),
(162, 141, 1, '蛋白质/氨基酸', NULL, 4, -1, 1, '0.00'),
(163, 141, 1, '葡萄糖', NULL, 5, -1, 1, '0.00'),
(164, 51, 1, '洗浴用品', NULL, 1, -1, 1, '0.00'),
(165, 51, 1, '进口美护', NULL, 2, -1, 1, '0.00'),
(166, 51, 1, '女性护理', NULL, 3, -1, 1, '0.00'),
(167, 51, 1, '缤纷彩妆', NULL, 2, -1, 1, '0.00'),
(168, 164, 1, '沐浴露', NULL, 1, -1, 1, '0.00'),
(169, 164, 1, '舒肤佳', NULL, 2, -1, 1, '0.00'),
(170, 164, 1, '浴球/浴擦', NULL, 3, -1, 1, '0.00'),
(171, 164, 1, '威露士', NULL, 4, -1, 1, '0.00'),
(172, 165, 1, '进口护肤品', NULL, 1, -1, 1, '0.00'),
(173, 165, 1, '进口男士护理', NULL, 2, -1, 1, '0.00'),
(174, 165, 1, '进口沐浴', NULL, 3, -1, 1, '0.00'),
(175, 165, 1, '进口美妆', NULL, 4, -1, 1, '0.00'),
(176, 166, 1, '日用卫生巾', NULL, 1, -1, 1, '0.00'),
(177, 166, 1, '夜用卫生巾', NULL, 2, -1, 1, '0.00'),
(178, 166, 1, '护垫', NULL, 3, -1, 1, '0.00'),
(179, 166, 1, '卫生棉条', NULL, 4, -1, 1, '0.00'),
(180, 167, 1, '润唇膏', NULL, 1, -1, 1, '0.00'),
(181, 167, 1, '眼线笔', NULL, 2, -1, 1, '0.00'),
(182, 167, 1, '粉底', NULL, 3, -1, 1, '0.00'),
(183, 167, 1, '眼影', NULL, 4, -1, 1, '0.00'),
(184, 164, 1, '沐浴套装', NULL, 5, -1, 1, '0.00'),
(185, 164, 1, '滴露', NULL, 6, -1, 1, '0.00'),
(186, 164, 1, '女性洗液', NULL, 7, -1, 1, '0.00'),
(187, 164, 1, '香皂', NULL, 8, -1, 1, '0.00'),
(188, 167, 1, '指甲油', NULL, 8, -1, 1, '0.00'),
(189, 52, 1, '坚果/蜜饯', NULL, 1, -1, 1, '0.00'),
(190, 52, 1, '休闲零食', NULL, 0, -1, 1, '0.00'),
(191, 52, 1, '进口速食调料', NULL, 3, -1, 1, '0.00'),
(192, 52, 1, '进口休闲零食', NULL, 4, -1, 1, '0.00'),
(193, 52, 1, '进口饼干/糕点', NULL, 5, -1, 1, '0.00'),
(194, 193, 1, '进口曲奇', NULL, 1, -1, 1, '0.00'),
(195, 193, 1, '进口蛋卷', NULL, 2, -1, 1, '0.00'),
(196, 193, 1, '进口西式糕点', NULL, 3, -1, 1, '0.00'),
(197, 193, 1, '进口夹心饼干', NULL, 4, -1, 1, '0.00'),
(198, 193, 1, '进口威化', NULL, 5, -1, 1, '0.00'),
(199, 189, 1, '坚果', NULL, 1, -1, 1, '0.00'),
(200, 189, 1, '核桃', NULL, 2, -1, 1, '0.00'),
(201, 189, 1, '夏威夷果', NULL, 3, -1, 1, '0.00'),
(202, 189, 1, '开心果', NULL, 4, -1, 1, '0.00'),
(203, 189, 1, '百草味', NULL, 5, -1, 1, '0.00'),
(204, 190, 1, '薯片', NULL, 1, -1, 1, '0.00'),
(205, 190, 1, '牛肉干', NULL, 2, -1, 1, '0.00'),
(206, 190, 1, '鱼豆腐', NULL, 3, -1, 1, '0.00'),
(207, 190, 1, '鱼干', NULL, 4, -1, 1, '0.00'),
(208, 190, 1, '凤爪鸡翅', NULL, 5, -1, 1, '0.00'),
(209, 191, 1, '进口意面酱', NULL, 1, -1, 1, '0.00'),
(210, 191, 1, '进口调味油', NULL, 2, -1, 1, '0.00'),
(211, 191, 1, '进口肉罐头', NULL, 3, -1, 1, '0.00'),
(212, 191, 1, '进口水果罐头', NULL, 4, -1, 1, '0.00'),
(213, 191, 1, '进口咖喱', NULL, 5, -1, 1, '0.00'),
(214, 192, 1, '进口薯片', NULL, 1, -1, 1, '0.00'),
(215, 192, 1, '进口玉米片', NULL, 2, -1, 1, '0.00'),
(216, 192, 1, '进口果冻', NULL, 3, -1, 1, '0.00'),
(217, 192, 1, '进口海苔', NULL, 4, -1, 1, '0.00'),
(218, 192, 1, '进口海鲜零食', NULL, 5, -1, 1, '0.00'),
(219, 50, 1, '南北干货', NULL, 1, -1, 1, '0.00'),
(220, 50, 1, '食用油', NULL, 2, -1, 1, '0.00'),
(221, 50, 1, '大米面粉', NULL, 3, -1, 1, '0.00'),
(222, 50, 1, '健康杂粮', NULL, 4, -1, 1, '0.00'),
(223, 50, 1, '方便速食', NULL, 5, -1, 1, '0.00'),
(224, 219, 1, '枸杞', NULL, 2, -1, 1, '0.00'),
(225, 219, 1, '桂圆/龙眼干', NULL, 1, -1, 1, '0.00'),
(226, 219, 1, '莲子/枣子', NULL, 3, -1, 1, '0.00'),
(227, 219, 1, '腌干水产品', NULL, 4, -1, 1, '0.00'),
(228, 219, 1, '猴头菇', NULL, 5, -1, 1, '0.00'),
(229, 221, 1, '大米', NULL, 1, -1, 1, '0.00'),
(230, 221, 1, '面粉', NULL, 2, -1, 1, '0.00'),
(231, 221, 1, '豆类', NULL, 3, -1, 1, '0.00'),
(232, 223, 1, '方便面', NULL, 1, -1, 1, '0.00'),
(233, 223, 1, '方便粉丝', NULL, 2, -1, 1, '0.00'),
(234, 223, 1, '蛋制品', NULL, 3, -1, 1, '0.00'),
(235, 223, 1, '八宝粥', NULL, 4, -1, 1, '0.00'),
(236, 223, 1, '罐头食品', NULL, 5, -1, 1, '0.00'),
(237, 222, 1, '小米', NULL, 1, -1, 1, '0.00'),
(238, 222, 1, '糙米', NULL, 2, -1, 1, '0.00'),
(239, 222, 1, '玉米', NULL, 3, -1, 1, '0.00'),
(240, 222, 1, '杂粮', NULL, 4, -1, 1, '0.00'),
(241, 222, 1, '薏仁米', NULL, 5, -1, 1, '0.00'),
(242, 220, 1, '调和油', NULL, 1, -1, 1, '0.00'),
(243, 220, 1, '葵花籽油', NULL, 2, -1, 1, '0.00'),
(244, 220, 1, '玉米油', NULL, 3, -1, 1, '0.00'),
(245, 220, 1, '花生油', NULL, 4, -1, 1, '0.00'),
(246, 220, 1, '橄榄油', NULL, 5, -1, 1, '0.00'),
(247, 221, 1, '粗粮', NULL, 4, -1, 1, '0.00'),
(248, 82, 1, '脱脂', NULL, 1, -1, 1, '0.00'),
(249, 61, 1, '梨', NULL, 6, -1, 1, '0.00'),
(250, 61, 1, '芒果', NULL, 8, -1, 1, '0.00'),
(251, 61, 1, '蓝莓', NULL, 12, -1, 1, '0.00'),
(252, 62, 1, '茄果类', NULL, 1, -1, 1, '0.00'),
(253, 62, 1, '农场菜', NULL, 2, -1, 1, '0.00'),
(254, 62, 1, '叶菜类', NULL, 3, -1, 1, '0.00'),
(255, 62, 1, '营养菜', NULL, 4, -1, 1, '0.00'),
(256, 62, 1, '根茎类', NULL, 5, -1, 1, '0.00'),
(257, 62, 1, '豆角类', NULL, 6, -1, 1, '0.00'),
(258, 48, 1, '厨卫清洁', NULL, 3, -1, 1, '0.00'),
(259, 48, 1, '居室清洁', NULL, 4, -1, 1, '0.00'),
(260, 48, 1, '整理收纳', NULL, 5, -1, 1, '0.00'),
(261, 48, 1, '一次性用品', NULL, 7, -1, 1, '0.00'),
(262, 74, 1, '卷筒纸', NULL, 2, -1, 1, '0.00'),
(263, 74, 1, '手帕纸', NULL, 3, -1, 1, '0.00'),
(264, 74, 1, '平板纸', NULL, 4, -1, 1, '0.00'),
(265, 74, 1, '湿巾纸', NULL, 5, -1, 1, '0.00'),
(266, 74, 1, '商务卫生纸', NULL, 6, -1, 1, '0.00'),
(267, 258, 1, '洗洁精', NULL, 1, -1, 1, '0.00'),
(268, 261, 1, '垃圾袋', NULL, 1, -1, 1, '0.00'),
(269, 261, 1, '保鲜袋', NULL, 2, -1, 1, '0.00'),
(270, 261, 1, '保鲜膜', NULL, 3, -1, 1, '0.00'),
(271, 261, 1, '牙签', NULL, 4, -1, 1, '0.00'),
(272, 261, 1, '一次性鞋套', NULL, 5, -1, 1, '0.00'),
(273, 258, 1, '油污净', NULL, 2, -1, 1, '0.00'),
(274, 258, 1, '洁厕剂', NULL, 3, -1, 1, '0.00'),
(275, 258, 1, '浴室清洁', NULL, 4, -1, 1, '0.00'),
(276, 258, 1, '管道疏通', NULL, 5, -1, 1, '0.00'),
(277, 261, 1, '一次性手套', NULL, 6, -1, 1, '0.00'),
(278, 259, 1, '地板清洁', NULL, 1, -1, 1, '0.00'),
(279, 259, 1, '灭蟑驱虫 ', NULL, 2, -1, 1, '0.00'),
(280, 259, 1, '空气清新', NULL, 3, -1, 1, '0.00'),
(281, 259, 1, '家具清洁', NULL, 4, -1, 1, '0.00'),
(282, 259, 1, '玻璃清洁', NULL, 5, -1, 1, '0.00'),
(283, 260, 1, '挂钩/粘钩', NULL, 1, -1, 1, '0.00'),
(284, 260, 1, '收纳盒', NULL, 2, -1, 1, '0.00'),
(285, 260, 1, '防尘罩', NULL, 3, -1, 1, '0.00'),
(286, 260, 1, '整理架', NULL, 4, -1, 1, '0.00'),
(287, 260, 1, '压缩袋', NULL, 5, -1, 1, '0.00'),
(288, 65, 1, '海鲜', NULL, 2, -1, 1, '0.00'),
(289, 65, 1, '贝类', NULL, 3, -1, 1, '0.00'),
(290, 65, 1, '蟹类', NULL, 4, -1, 1, '0.00'),
(291, 65, 1, '虾类', NULL, 6, -1, 1, '0.00'),
(292, 65, 1, '加工水产', NULL, 8, -1, 1, '0.00'),
(293, 78, 1, '白酒', NULL, 1, -1, 1, '0.00'),
(294, 78, 1, '葡萄酒', NULL, 2, -1, 1, '0.00'),
(295, 78, 1, '黄酒', NULL, 3, -1, 1, '0.00'),
(296, 78, 1, '啤酒', NULL, 4, -1, 1, '0.00'),
(297, 78, 1, '起泡酒', NULL, 5, -1, 1, '0.00'),
(298, 79, 1, '速溶咖啡', NULL, 1, -1, 1, '0.00'),
(299, 79, 1, '白咖啡', NULL, 2, -1, 1, '0.00'),
(300, 82, 1, '低脂', NULL, 2, -1, 1, '0.00'),
(301, 82, 1, '全脂', NULL, 3, -1, 1, '0.00'),
(302, 79, 1, '咖啡伴侣', NULL, 3, -1, 1, '0.00'),
(303, 80, 1, '乌龙茶', NULL, 1, -1, 1, '0.00'),
(304, 81, 1, '果蔬汁', NULL, 1, -1, 1, '0.00'),
(305, 82, 1, '甜奶粉', NULL, 4, -1, 1, '0.00'),
(306, 82, 1, '高钙', NULL, 5, -1, 1, '0.00'),
(307, 80, 1, '红茶', NULL, 2, -1, 1, '0.00'),
(308, 79, 1, '雀巢咖啡', NULL, 4, -1, 1, '0.00'),
(309, 80, 1, '花草茶', NULL, 3, -1, 1, '0.00'),
(310, 79, 1, '咖啡豆', NULL, 5, -1, 1, '0.00'),
(311, 80, 1, '绿茶', NULL, 4, -1, 1, '0.00'),
(312, 80, 1, '水果茶', NULL, 5, -1, 1, '0.00'),
(313, 81, 1, '功能饮料', NULL, 2, -1, 1, '0.00'),
(314, 81, 1, '凉茶', NULL, 3, -1, 1, '0.00'),
(315, 81, 1, '椰汁', NULL, 4, -1, 1, '0.00'),
(316, 81, 1, '碳酸饮料', NULL, 5, -1, 1, '0.00'),
(317, 64, 1, '新鲜鸡蛋', NULL, 1, -1, 1, '0.00'),
(318, 63, 1, '凉菜', NULL, 1, -1, 1, '0.00'),
(319, 66, 1, '冰冻鸡翅', NULL, 1, -1, 1, '0.00'),
(320, 71, 1, '其他蔬果', NULL, 1, -1, 1, '0.00'),
(321, 63, 1, '乳肉', NULL, 2, -1, 1, '0.00'),
(322, 64, 1, '新鲜鸭蛋', NULL, 2, -1, 1, '0.00'),
(323, 66, 1, '冰冻鸭', NULL, 2, -1, 1, '0.00'),
(324, 66, 1, '冰激凌', NULL, 3, -1, 1, '0.00'),
(325, 61, 1, 'dddd', NULL, 0, -1, 1, '0.00'),
(326, 64, 1, '肉类', NULL, 0, -1, 1, '0.00'),
(327, 64, 1, '骨头', NULL, 0, -1, 1, '0.00'),
(328, 64, 1, '牛肉', NULL, 0, -1, 1, '0.00'),
(329, 258, 1, '洗衣粉', NULL, 10, -1, 1, '0.00'),
(330, 223, 1, '火腿肠', NULL, 5, -1, 1, '0.00'),
(331, 167, 1, '化妆品套装', NULL, 10, -1, 1, '0.00'),
(332, 66, 1, '冰冻海鲜', NULL, 0, -1, 1, '0.00'),
(333, 223, 1, '其他', NULL, 20, -1, 1, '0.00'),
(334, 0, 1, 'kk商城', NULL, 1, -1, 1, '0.00'),
(335, 334, 1, '默认', NULL, 1, -1, 1, '0.00'),
(336, 335, 1, '今日疯抢', NULL, 0, -1, 1, '0.00'),
(337, 335, 1, '热选品牌', NULL, 0, -1, 1, '0.00'),
(338, 335, 1, '精选促销', NULL, 0, -1, 1, '0.00'),
(339, 335, 1, '超值热卖', NULL, 0, -1, 1, '0.00'),
(340, 334, 1, '咖啡馆', NULL, 1, -1, 1, '0.00'),
(341, 340, 1, '白巧克力', NULL, 0, -1, 1, '0.00'),
(342, 340, 1, '黑巧克力', NULL, 0, -1, 1, '0.00'),
(343, 340, 1, '咖啡', NULL, 0, -1, 1, '0.00'),
(344, 340, 1, '创意热饮', NULL, 0, -1, 1, '0.00'),
(345, 340, 1, '特质冷饮', NULL, 0, -1, 1, '0.00'),
(346, 335, 1, '咖啡', NULL, 0, -1, 1, '0.00'),
(347, 335, 1, 'coffee', NULL, 0, -1, 1, '0.00'),
(348, 0, 1, 'kk商城', NULL, 1, 1, 1, '0.00'),
(349, 348, 1, '默认', NULL, 1, 1, 1, '0.00'),
(350, 349, 1, '今日疯抢', NULL, 0, 1, 1, '0.80'),
(351, 349, 1, '热选品牌', NULL, 0, 1, 1, '0.00'),
(352, 349, 1, '精选促销', NULL, 0, 1, 1, '0.00'),
(353, 349, 1, '超值热卖', NULL, 0, 1, 1, '0.00'),
(354, 348, 1, '咖啡馆', NULL, 1, 1, 1, '0.00'),
(355, 354, 1, '咖啡', NULL, 0, -1, 1, '0.00'),
(356, 354, 1, '创意热饮', NULL, 0, -1, 1, '0.00'),
(357, 354, 1, '特调冷饮', NULL, 0, -1, 1, '0.00'),
(358, 349, 1, '咖啡', NULL, 0, -1, 1, '0.00'),
(359, 349, 1, '创意热饮', NULL, 0, -1, 1, '0.00'),
(360, 349, 1, '特调冷饮', NULL, 0, -1, 1, '0.00'),
(361, 354, 1, '1', NULL, 0, -1, 1, '0.00'),
(362, 354, 1, '特调冷饮', NULL, 0, -1, 1, '0.00'),
(363, 354, 1, '咖啡', NULL, 0, 1, 1, '0.01'),
(364, 354, 1, '创意热饮/奶盖', NULL, 0, 1, 1, '0.02'),
(365, 354, 1, '特调冷饮', NULL, 0, 1, 1, '0.00'),
(366, 349, 1, '测试类', NULL, 0, -1, 1, '0.00'),
(367, 0, 1, '积分商城', NULL, 0, -1, 1, '0.00'),
(368, 348, 1, '积分商城', NULL, 0, -1, 1, '0.00'),
(369, 368, 1, '超值兑换', NULL, 0, -1, 1, '0.00'),
(370, 368, 1, '不可错过', NULL, 0, -1, 1, '0.00'),
(371, 0, 1, '积分商城', NULL, 2, -1, 1, '0.00'),
(372, 348, 1, '积分商城', NULL, 1, 1, 1, '0.00'),
(373, 372, 1, '不可错过', NULL, 0, 1, 1, '0.00'),
(374, 372, 1, 'ciao值兑换', NULL, 0, -1, 1, '0.00'),
(375, 354, 1, '鲜榨果汁', NULL, 0, 1, 1, '0.00'),
(376, 0, 1, '折扣商品', NULL, 0, -1, 1, '0.00'),
(377, 376, 1, '会员日', NULL, 0, -1, 1, '0.00'),
(378, 376, 1, '生日', NULL, 0, -1, 1, '0.00'),
(379, 349, 1, '折扣商品', NULL, 0, -1, 1, '0.00'),
(380, 349, 1, '折扣商品', NULL, 0, -1, 1, '0.00'),
(381, 348, 1, '折扣商品', NULL, 0, 1, 1, '0.00'),
(382, 381, 1, '会员日', NULL, 0, 1, 1, '0.00'),
(383, 381, 1, '生日', NULL, 0, 1, 1, '0.00');

-- --------------------------------------------------------

--
-- Table structure for table `wst_goods_cat_brands`
--

CREATE TABLE `wst_goods_cat_brands` (
  `id` int(11) NOT NULL,
  `catId` int(11) DEFAULT NULL,
  `brandId` int(11) DEFAULT NULL
) ENGINE=MyISAM DEFAULT CHARSET=utf8;

--
-- Dumping data for table `wst_goods_cat_brands`
--

INSERT INTO `wst_goods_cat_brands` (`id`, `catId`, `brandId`) VALUES
(1, 47, 19),
(2, 47, 20),
(3, 47, 21),
(4, 47, 22),
(5, 47, 23),
(6, 47, 24),
(7, 48, 25),
(8, 48, 26),
(9, 48, 27),
(10, 48, 28),
(11, 49, 29),
(12, 49, 30),
(13, 49, 31),
(14, 49, 32),
(15, 49, 33),
(16, 49, 34),
(17, 49, 35),
(18, 49, 36),
(19, 49, 37),
(20, 49, 38),
(21, 49, 39),
(22, 49, 40),
(23, 50, 41),
(24, 50, 42),
(25, 50, 43),
(26, 50, 44),
(27, 50, 45),
(28, 50, 46),
(29, 50, 47),
(30, 51, 48),
(31, 51, 49),
(32, 51, 50),
(33, 51, 51),
(34, 51, 52),
(36, 51, 53),
(37, 51, 54),
(38, 51, 55),
(39, 51, 56),
(40, 51, 57),
(41, 51, 58),
(42, 51, 59);

-- --------------------------------------------------------

--
-- Table structure for table `wst_goods_gallerys`
--

CREATE TABLE `wst_goods_gallerys` (
  `id` int(11) NOT NULL,
  `goodsId` int(11) NOT NULL,
  `shopId` int(11) NOT NULL,
  `goodsImg` varchar(150) NOT NULL,
  `goodsThumbs` varchar(150) DEFAULT NULL
) ENGINE=MyISAM DEFAULT CHARSET=utf8;

--
-- Dumping data for table `wst_goods_gallerys`
--

INSERT INTO `wst_goods_gallerys` (`id`, `goodsId`, `shopId`, `goodsImg`, `goodsThumbs`) VALUES
(2, 3, 4, 'Upload/goods/2015-05/554c2c1e38e03.jpg', 'Upload/goods/2015-05/554c2c1e38e03_thumb.jpg'),
(3, 3, 4, 'Upload/goods/2015-05/554c2c2540bbb.png', 'Upload/goods/2015-05/554c2c2540bbb_thumb.png'),
(13, 5, 4, 'Upload/goods/2015-05/5563efa072081.jpg', 'Upload/goods/2015-05/5563efa072081_thumb.jpg'),
(14, 5, 4, 'Upload/goods/2015-05/5563efa276070.jpg', 'Upload/goods/2015-05/5563efa276070_thumb.jpg'),
(15, 5, 4, 'Upload/goods/2015-05/5563efa4ac19d.jpg', 'Upload/goods/2015-05/5563efa4ac19d_thumb.jpg'),
(19, 6, 4, 'Upload/goods/2015-05/5563f37817542.jpg', 'Upload/goods/2015-05/5563f37817542_thumb.jpg'),
(20, 6, 4, 'Upload/goods/2015-05/5563f37b1eae7.jpg', 'Upload/goods/2015-05/5563f37b1eae7_thumb.jpg'),
(21, 6, 4, 'Upload/goods/2015-05/5563f37d002c8.jpg', 'Upload/goods/2015-05/5563f37d002c8_thumb.jpg'),
(23, 7, 4, 'Upload/goods/2015-05/55641f418a6b3.jpg', 'Upload/goods/2015-05/55641f418a6b3_thumb.jpg'),
(27, 9, 4, 'Upload/goods/2015-05/556422319d52f.jpg', 'Upload/goods/2015-05/556422319d52f_thumb.jpg'),
(28, 9, 4, 'Upload/goods/2015-05/55642233c3f63.jpg', 'Upload/goods/2015-05/55642233c3f63_thumb.jpg'),
(29, 9, 4, 'Upload/goods/2015-05/556422354e819.jpg', 'Upload/goods/2015-05/556422354e819_thumb.jpg'),
(30, 10, 4, 'Upload/goods/2015-05/5564263dac034.jpg', 'Upload/goods/2015-05/5564263dac034_thumb.jpg'),
(31, 10, 4, 'Upload/goods/2015-05/5564263f3219a.jpg', 'Upload/goods/2015-05/5564263f3219a_thumb.jpg'),
(32, 10, 4, 'Upload/goods/2015-05/556426409f4c6.jpg', 'Upload/goods/2015-05/556426409f4c6_thumb.jpg'),
(33, 8, 4, 'Upload/goods/2015-05/55642c550d196.jpg', 'Upload/goods/2015-05/55642c550d196_thumb.jpg'),
(34, 8, 4, 'Upload/goods/2015-05/55642c576be16.jpg', 'Upload/goods/2015-05/55642c576be16_thumb.jpg'),
(37, 11, 11, 'Upload/goods/2015-05/55643432c0801.jpg', 'Upload/goods/2015-05/55643432c0801_thumb.jpg'),
(40, 28, 14, 'Upload/goods/2015-05/556480ebada5f.jpg', 'Upload/goods/2015-05/556480ebada5f_thumb.jpg'),
(41, 29, 14, 'Upload/goods/2015-05/5564818cc1764.jpg', 'Upload/goods/2015-05/5564818cc1764_thumb.jpg'),
(42, 31, 14, 'Upload/goods/2015-05/556485bb85d2a.jpg', 'Upload/goods/2015-05/556485bb85d2a_thumb.jpg'),
(43, 31, 14, 'Upload/goods/2015-05/556485c430771.jpg', 'Upload/goods/2015-05/556485c430771_thumb.jpg'),
(44, 31, 14, 'Upload/goods/2015-05/556485c9b20d9.jpg', 'Upload/goods/2015-05/556485c9b20d9_thumb.jpg'),
(45, 31, 14, 'Upload/goods/2015-05/556485ca618d0.jpg', 'Upload/goods/2015-05/556485ca618d0_thumb.jpg'),
(46, 33, 14, 'Upload/goods/2015-05/55648deaa0eea.jpg', 'Upload/goods/2015-05/55648deaa0eea_thumb.jpg'),
(47, 33, 14, 'Upload/goods/2015-05/55648deb4aefd.jpg', 'Upload/goods/2015-05/55648deb4aefd_thumb.jpg'),
(48, 34, 14, 'Upload/goods/2015-05/55648f45afaab.jpg', 'Upload/goods/2015-05/55648f45afaab_thumb.jpg'),
(49, 34, 14, 'Upload/goods/2015-05/55648f465cb3b.jpg', 'Upload/goods/2015-05/55648f465cb3b_thumb.jpg'),
(50, 35, 14, 'Upload/goods/2015-05/5564902e457a6.jpg', 'Upload/goods/2015-05/5564902e457a6_thumb.jpg'),
(51, 36, 14, 'Upload/goods/2015-05/55649c8a61b2d.jpg', 'Upload/goods/2015-05/55649c8a61b2d_thumb.jpg'),
(52, 36, 14, 'Upload/goods/2015-05/55649c8acf2e4.jpg', 'Upload/goods/2015-05/55649c8acf2e4_thumb.jpg'),
(53, 37, 14, 'Upload/goods/2015-05/55649d5712e62.jpg', 'Upload/goods/2015-05/55649d5712e62_thumb.jpg'),
(54, 37, 14, 'Upload/goods/2015-05/55649d57b7506.jpg', 'Upload/goods/2015-05/55649d57b7506_thumb.jpg'),
(55, 37, 14, 'Upload/goods/2015-05/55649d5841b02.jpg', 'Upload/goods/2015-05/55649d5841b02_thumb.jpg'),
(56, 38, 14, 'Upload/goods/2015-05/55649dd083973.jpg', 'Upload/goods/2015-05/55649dd083973_thumb.jpg'),
(59, 39, 14, 'Upload/goods/2015-05/55649f52d28e1.jpg', 'Upload/goods/2015-05/55649f52d28e1_thumb.jpg'),
(60, 42, 14, 'Upload/goods/2015-05/5564a2a43c7de.jpg', 'Upload/goods/2015-05/5564a2a43c7de_thumb.jpg'),
(61, 42, 14, 'Upload/goods/2015-05/5564a2a4e7d31.jpg', 'Upload/goods/2015-05/5564a2a4e7d31_thumb.jpg'),
(67, 2, 4, 'Upload/goods/2015-05/55641879b274d.jpg', 'Upload/goods/2015-05/55641879b274d_thumb.jpg'),
(72, 43, 18, 'Upload/goods/2015-05/55652a0bbc2b6.jpg', 'Upload/goods/2015-05/55652a0bbc2b6_thumb.jpg'),
(73, 43, 18, 'Upload/goods/2015-05/55652a0c366cf.jpg', 'Upload/goods/2015-05/55652a0c366cf_thumb.jpg'),
(74, 43, 18, 'Upload/goods/2015-05/55652a0fa8e82.jpg', 'Upload/goods/2015-05/55652a0fa8e82_thumb.jpg'),
(75, 43, 18, 'Upload/goods/2015-05/55652a10638f5.jpg', 'Upload/goods/2015-05/55652a10638f5_thumb.jpg'),
(82, 44, 18, 'Upload/goods/2015-05/55652c2275a6d.jpg', 'Upload/goods/2015-05/55652c2275a6d_thumb.jpg'),
(83, 44, 18, 'Upload/goods/2015-05/55652c230aa1e.jpg', 'Upload/goods/2015-05/55652c230aa1e_thumb.jpg'),
(84, 44, 18, 'Upload/goods/2015-05/55652c23d560e.jpg', 'Upload/goods/2015-05/55652c23d560e_thumb.jpg'),
(85, 44, 18, 'Upload/goods/2015-05/55652c6d8b2b2.jpg', 'Upload/goods/2015-05/55652c6d8b2b2_thumb.jpg'),
(86, 45, 4, 'Upload/goods/2015-05/55652cf5f2bc4.jpg', 'Upload/goods/2015-05/55652cf5f2bc4_thumb.jpg'),
(87, 45, 4, 'Upload/goods/2015-05/55652cfbcac39.jpg', 'Upload/goods/2015-05/55652cfbcac39_thumb.jpg'),
(88, 46, 18, 'Upload/goods/2015-05/55652d0aa8261.jpg', 'Upload/goods/2015-05/55652d0aa8261_thumb.jpg'),
(89, 46, 18, 'Upload/goods/2015-05/55652d0c2540d.jpg', 'Upload/goods/2015-05/55652d0c2540d_thumb.jpg'),
(90, 46, 18, 'Upload/goods/2015-05/55652d0d1942b.jpg', 'Upload/goods/2015-05/55652d0d1942b_thumb.jpg'),
(91, 46, 18, 'Upload/goods/2015-05/55652d0dccb37.jpg', 'Upload/goods/2015-05/55652d0dccb37_thumb.jpg'),
(100, 48, 18, 'Upload/goods/2015-05/55652e15c9bd1.jpg', 'Upload/goods/2015-05/55652e15c9bd1_thumb.jpg'),
(101, 48, 18, 'Upload/goods/2015-05/55652e167dd1a.jpg', 'Upload/goods/2015-05/55652e167dd1a_thumb.jpg'),
(102, 48, 18, 'Upload/goods/2015-05/55652e17bd752.jpg', 'Upload/goods/2015-05/55652e17bd752_thumb.jpg'),
(103, 48, 18, 'Upload/goods/2015-05/55652e1871e2f.jpg', 'Upload/goods/2015-05/55652e1871e2f_thumb.jpg'),
(108, 47, 18, 'Upload/goods/2015-05/55652dbb59d31.jpg', 'Upload/goods/2015-05/55652dbb59d31_thumb.jpg'),
(109, 47, 18, 'Upload/goods/2015-05/55652dbcedd46.jpg', 'Upload/goods/2015-05/55652dbcedd46_thumb.jpg'),
(110, 47, 18, 'Upload/goods/2015-05/55652dbe36f6e.jpg', 'Upload/goods/2015-05/55652dbe36f6e_thumb.jpg'),
(111, 47, 18, 'Upload/goods/2015-05/55652dbf07c24.jpg', 'Upload/goods/2015-05/55652dbf07c24_thumb.jpg'),
(118, 49, 18, 'Upload/goods/2015-05/55653130c3042.jpg', 'Upload/goods/2015-05/55653130c3042_thumb.jpg'),
(119, 49, 18, 'Upload/goods/2015-05/556531316c331.jpg', 'Upload/goods/2015-05/556531316c331_thumb.jpg'),
(120, 49, 18, 'Upload/goods/2015-05/556531324e849.jpg', 'Upload/goods/2015-05/556531324e849_thumb.jpg'),
(121, 49, 18, 'Upload/goods/2015-05/5565313306019.jpg', 'Upload/goods/2015-05/5565313306019_thumb.jpg'),
(122, 49, 18, 'Upload/goods/2015-05/55653133a3249.jpg', 'Upload/goods/2015-05/55653133a3249_thumb.jpg'),
(123, 49, 18, 'Upload/goods/2015-05/55653134402c2.jpg', 'Upload/goods/2015-05/55653134402c2_thumb.jpg'),
(124, 50, 18, 'Upload/goods/2015-05/5565336e3a061.jpg', 'Upload/goods/2015-05/5565336e3a061_thumb.jpg'),
(125, 50, 18, 'Upload/goods/2015-05/5565336f6535c.jpg', 'Upload/goods/2015-05/5565336f6535c_thumb.jpg'),
(126, 50, 18, 'Upload/goods/2015-05/5565337041019.jpg', 'Upload/goods/2015-05/5565337041019_thumb.jpg'),
(127, 50, 18, 'Upload/goods/2015-05/55653370bb676.jpg', 'Upload/goods/2015-05/55653370bb676_thumb.jpg'),
(135, 51, 18, 'Upload/goods/2015-05/556535c9d4b87.jpg', 'Upload/goods/2015-05/556535c9d4b87_thumb.jpg'),
(136, 51, 18, 'Upload/goods/2015-05/556535caa93e9.jpg', 'Upload/goods/2015-05/556535caa93e9_thumb.jpg'),
(137, 51, 18, 'Upload/goods/2015-05/556535cb5b943.jpg', 'Upload/goods/2015-05/556535cb5b943_thumb.jpg'),
(138, 51, 18, 'Upload/goods/2015-05/556535cbeb7a1.jpg', 'Upload/goods/2015-05/556535cbeb7a1_thumb.jpg'),
(139, 51, 18, 'Upload/goods/2015-05/556535cc824d0.jpg', 'Upload/goods/2015-05/556535cc824d0_thumb.jpg'),
(140, 51, 18, 'Upload/goods/2015-05/556535cd2c10c.jpg', 'Upload/goods/2015-05/556535cd2c10c_thumb.jpg'),
(141, 51, 18, 'Upload/goods/2015-05/556535cdaacf8.jpg', 'Upload/goods/2015-05/556535cdaacf8_thumb.jpg'),
(148, 52, 19, 'Upload/goods/2015-05/556539c691c99.jpg', 'Upload/goods/2015-05/556539c691c99_thumb.jpg'),
(149, 52, 19, 'Upload/goods/2015-05/556539c76dae9.jpg', 'Upload/goods/2015-05/556539c76dae9_thumb.jpg'),
(150, 52, 19, 'Upload/goods/2015-05/556539c7bc42d.jpg', 'Upload/goods/2015-05/556539c7bc42d_thumb.jpg'),
(151, 53, 19, 'Upload/goods/2015-05/55653e2855992.jpg', 'Upload/goods/2015-05/55653e2855992_thumb.jpg'),
(152, 53, 19, 'Upload/goods/2015-05/55653e2a721af.jpg', 'Upload/goods/2015-05/55653e2a721af_thumb.jpg'),
(153, 54, 19, 'Upload/goods/2015-05/55653f29e309a.jpg', 'Upload/goods/2015-05/55653f29e309a_thumb.jpg'),
(154, 54, 19, 'Upload/goods/2015-05/55653f2be1acf.jpg', 'Upload/goods/2015-05/55653f2be1acf_thumb.jpg'),
(155, 54, 19, 'Upload/goods/2015-05/55653f2cd61c9.jpg', 'Upload/goods/2015-05/55653f2cd61c9_thumb.jpg'),
(156, 55, 19, 'Upload/goods/2015-05/5565400c55b29.jpg', 'Upload/goods/2015-05/5565400c55b29_thumb.jpg'),
(157, 56, 19, 'Upload/goods/2015-05/5565412f6e079.jpg', 'Upload/goods/2015-05/5565412f6e079_thumb.jpg'),
(158, 56, 19, 'Upload/goods/2015-05/556541302cc71.jpg', 'Upload/goods/2015-05/556541302cc71_thumb.jpg'),
(159, 57, 19, 'Upload/goods/2015-05/5565419cae8ac.jpg', 'Upload/goods/2015-05/5565419cae8ac_thumb.jpg'),
(160, 58, 19, 'Upload/goods/2015-05/5565427b25647.jpg', 'Upload/goods/2015-05/5565427b25647_thumb.jpg'),
(161, 58, 19, 'Upload/goods/2015-05/5565427bcbe85.jpg', 'Upload/goods/2015-05/5565427bcbe85_thumb.jpg'),
(162, 59, 19, 'Upload/goods/2015-05/5565436d78c7e.jpg', 'Upload/goods/2015-05/5565436d78c7e_thumb.jpg'),
(163, 59, 19, 'Upload/goods/2015-05/5565436dc7ca3.jpg', 'Upload/goods/2015-05/5565436dc7ca3_thumb.jpg'),
(164, 59, 19, 'Upload/goods/2015-05/5565436e2f373.jpg', 'Upload/goods/2015-05/5565436e2f373_thumb.jpg'),
(165, 60, 22, 'Upload/goods/2015-05/55656f0dc8726.jpg', 'Upload/goods/2015-05/55656f0dc8726_thumb.jpg'),
(166, 60, 22, 'Upload/goods/2015-05/55656f0e91f06.jpg', 'Upload/goods/2015-05/55656f0e91f06_thumb.jpg'),
(167, 60, 22, 'Upload/goods/2015-05/55656f0fb24e3.jpg', 'Upload/goods/2015-05/55656f0fb24e3_thumb.jpg'),
(168, 61, 22, 'Upload/goods/2015-05/5565701b5dce1.jpg', 'Upload/goods/2015-05/5565701b5dce1_thumb.jpg'),
(169, 61, 22, 'Upload/goods/2015-05/5565701c3b880.jpg', 'Upload/goods/2015-05/5565701c3b880_thumb.jpg'),
(170, 61, 22, 'Upload/goods/2015-05/5565701cc71e3.jpg', 'Upload/goods/2015-05/5565701cc71e3_thumb.jpg'),
(171, 62, 22, 'Upload/goods/2015-05/556570f548f9e.jpg', 'Upload/goods/2015-05/556570f548f9e_thumb.jpg'),
(172, 62, 22, 'Upload/goods/2015-05/5565710c6ba89.jpg', 'Upload/goods/2015-05/5565710c6ba89_thumb.jpg'),
(173, 62, 22, 'Upload/goods/2015-05/5565710d6ef1a.jpg', 'Upload/goods/2015-05/5565710d6ef1a_thumb.jpg'),
(174, 63, 22, 'Upload/goods/2015-05/556572b9f3346.jpg', 'Upload/goods/2015-05/556572b9f3346_thumb.jpg'),
(175, 63, 22, 'Upload/goods/2015-05/556572bc4cf30.jpg', 'Upload/goods/2015-05/556572bc4cf30_thumb.jpg'),
(176, 63, 22, 'Upload/goods/2015-05/556572bd29814.jpg', 'Upload/goods/2015-05/556572bd29814_thumb.jpg'),
(177, 64, 22, 'Upload/goods/2015-05/556574c553f33.jpg', 'Upload/goods/2015-05/556574c553f33_thumb.jpg'),
(178, 64, 22, 'Upload/goods/2015-05/556574c6510f3.png', 'Upload/goods/2015-05/556574c6510f3_thumb.png'),
(179, 64, 22, 'Upload/goods/2015-05/556574c72ea85.png', 'Upload/goods/2015-05/556574c72ea85_thumb.png'),
(180, 66, 22, 'Upload/goods/2015-05/5565776165013.jpg', 'Upload/goods/2015-05/5565776165013_thumb.jpg'),
(181, 66, 22, 'Upload/goods/2015-05/556577623dc0e.png', 'Upload/goods/2015-05/556577623dc0e_thumb.png'),
(182, 66, 22, 'Upload/goods/2015-05/55657762e7635.png', 'Upload/goods/2015-05/55657762e7635_thumb.png'),
(183, 67, 22, 'Upload/goods/2015-05/556579f80240b.jpg', 'Upload/goods/2015-05/556579f80240b_thumb.jpg'),
(184, 67, 22, 'Upload/goods/2015-05/556579f87653a.jpg', 'Upload/goods/2015-05/556579f87653a_thumb.jpg'),
(185, 67, 22, 'Upload/goods/2015-05/556579f99ec2c.jpg', 'Upload/goods/2015-05/556579f99ec2c_thumb.jpg'),
(186, 68, 22, 'Upload/goods/2015-05/55657bb2cb473.jpg', 'Upload/goods/2015-05/55657bb2cb473_thumb.jpg'),
(187, 68, 22, 'Upload/goods/2015-05/55657bb350127.jpg', 'Upload/goods/2015-05/55657bb350127_thumb.jpg'),
(188, 69, 22, 'Upload/goods/2015-05/556589e6a109b.jpg', 'Upload/goods/2015-05/556589e6a109b_thumb.jpg'),
(189, 69, 22, 'Upload/goods/2015-05/556589e7742f9.jpg', 'Upload/goods/2015-05/556589e7742f9_thumb.jpg'),
(190, 70, 22, 'Upload/goods/2015-05/55658aaa2f68c.jpg', 'Upload/goods/2015-05/55658aaa2f68c_thumb.jpg'),
(191, 70, 22, 'Upload/goods/2015-05/55658aaaaaa10.jpg', 'Upload/goods/2015-05/55658aaaaaa10_thumb.jpg'),
(192, 70, 22, 'Upload/goods/2015-05/55658aab0d505.jpg', 'Upload/goods/2015-05/55658aab0d505_thumb.jpg'),
(193, 71, 22, 'Upload/goods/2015-05/55658bf10e3e1.jpg', 'Upload/goods/2015-05/55658bf10e3e1_thumb.jpg'),
(194, 71, 22, 'Upload/goods/2015-05/55658bf1c2924.jpg', 'Upload/goods/2015-05/55658bf1c2924_thumb.jpg'),
(195, 71, 22, 'Upload/goods/2015-05/55658bf287eaa.jpg', 'Upload/goods/2015-05/55658bf287eaa_thumb.jpg'),
(196, 72, 22, 'Upload/goods/2015-05/55658c81af47f.jpg', 'Upload/goods/2015-05/55658c81af47f_thumb.jpg'),
(197, 72, 22, 'Upload/goods/2015-05/55658c82bbd0b.jpg', 'Upload/goods/2015-05/55658c82bbd0b_thumb.jpg'),
(198, 72, 22, 'Upload/goods/2015-05/55658c83f19ad.jpg', 'Upload/goods/2015-05/55658c83f19ad_thumb.jpg'),
(202, 73, 26, 'Upload/goods/2015-05/5565c016aa36b.jpg', 'Upload/goods/2015-05/5565c016aa36b_thumb.jpg'),
(203, 73, 26, 'Upload/goods/2015-05/5565c0177c47c.jpg', 'Upload/goods/2015-05/5565c0177c47c_thumb.jpg'),
(204, 73, 26, 'Upload/goods/2015-05/5565c0183e5d9.jpg', 'Upload/goods/2015-05/5565c0183e5d9_thumb.jpg'),
(205, 74, 26, 'Upload/goods/2015-05/5565c3b10200b.png', 'Upload/goods/2015-05/5565c3b10200b_thumb.png'),
(206, 74, 26, 'Upload/goods/2015-05/5565c3b190c79.jpg', 'Upload/goods/2015-05/5565c3b190c79_thumb.jpg'),
(207, 74, 26, 'Upload/goods/2015-05/5565c3b1e8b50.jpg', 'Upload/goods/2015-05/5565c3b1e8b50_thumb.jpg'),
(208, 75, 26, 'Upload/goods/2015-05/5565c4a1d54e2.jpg', 'Upload/goods/2015-05/5565c4a1d54e2_thumb.jpg'),
(209, 75, 26, 'Upload/goods/2015-05/5565c4a29c3ed.jpg', 'Upload/goods/2015-05/5565c4a29c3ed_thumb.jpg'),
(210, 75, 26, 'Upload/goods/2015-05/5565c4a31535a.jpg', 'Upload/goods/2015-05/5565c4a31535a_thumb.jpg'),
(211, 76, 26, 'Upload/goods/2015-05/5565c55f01a5b.jpg', 'Upload/goods/2015-05/5565c55f01a5b_thumb.jpg'),
(212, 76, 26, 'Upload/goods/2015-05/5565c55f01a5b.jpg', 'Upload/goods/2015-05/5565c55f01a5b_thumb.jpg'),
(213, 76, 26, 'Upload/goods/2015-05/5565c56053212.jpg', 'Upload/goods/2015-05/5565c56053212_thumb.jpg'),
(214, 77, 26, 'Upload/goods/2015-05/5565c5ffcd37a.jpg', 'Upload/goods/2015-05/5565c5ffcd37a_thumb.jpg'),
(215, 77, 26, 'Upload/goods/2015-05/5565c6006fbfa.jpg', 'Upload/goods/2015-05/5565c6006fbfa_thumb.jpg'),
(216, 77, 26, 'Upload/goods/2015-05/5565c600e7625.jpg', 'Upload/goods/2015-05/5565c600e7625_thumb.jpg'),
(217, 77, 26, 'Upload/goods/2015-05/5565c60159599.jpg', 'Upload/goods/2015-05/5565c60159599_thumb.jpg'),
(218, 78, 26, 'Upload/goods/2015-05/5565c713ca4c2.jpg', 'Upload/goods/2015-05/5565c713ca4c2_thumb.jpg'),
(219, 78, 26, 'Upload/goods/2015-05/5565c7149cf0f.jpg', 'Upload/goods/2015-05/5565c7149cf0f_thumb.jpg'),
(220, 78, 26, 'Upload/goods/2015-05/5565c7152c719.jpg', 'Upload/goods/2015-05/5565c7152c719_thumb.jpg'),
(221, 79, 26, 'Upload/goods/2015-05/5565c7e0024c3.jpg', 'Upload/goods/2015-05/5565c7e0024c3_thumb.jpg'),
(222, 79, 26, 'Upload/goods/2015-05/5565c7e0cd10b.jpg', 'Upload/goods/2015-05/5565c7e0cd10b_thumb.jpg'),
(223, 79, 26, 'Upload/goods/2015-05/5565c7e2ecc11.jpg', 'Upload/goods/2015-05/5565c7e2ecc11_thumb.jpg'),
(224, 79, 26, 'Upload/goods/2015-05/5565c7e43a308.jpg', 'Upload/goods/2015-05/5565c7e43a308_thumb.jpg'),
(225, 80, 26, 'Upload/goods/2015-05/5565c8b57be7d.jpg', 'Upload/goods/2015-05/5565c8b57be7d_thumb.jpg'),
(226, 80, 26, 'Upload/goods/2015-05/5565c8b618f70.jpg', 'Upload/goods/2015-05/5565c8b618f70_thumb.jpg'),
(227, 80, 26, 'Upload/goods/2015-05/5565c8b680405.jpg', 'Upload/goods/2015-05/5565c8b680405_thumb.jpg'),
(228, 80, 26, 'Upload/goods/2015-05/5565c8b6df578.jpg', 'Upload/goods/2015-05/5565c8b6df578_thumb.jpg'),
(229, 81, 26, 'Upload/goods/2015-05/5565cc0e30b26.jpg', 'Upload/goods/2015-05/5565cc0e30b26_thumb.jpg'),
(230, 81, 26, 'Upload/goods/2015-05/5565cc1c05591.jpg', 'Upload/goods/2015-05/5565cc1c05591_thumb.jpg'),
(231, 81, 26, 'Upload/goods/2015-05/5565cc221b9cf.jpg', 'Upload/goods/2015-05/5565cc221b9cf_thumb.jpg'),
(232, 82, 26, 'Upload/goods/2015-05/5565ccb259904.jpg', 'Upload/goods/2015-05/5565ccb259904_thumb.jpg'),
(233, 82, 26, 'Upload/goods/2015-05/5565ccb36ddab.jpg', 'Upload/goods/2015-05/5565ccb36ddab_thumb.jpg'),
(234, 82, 26, 'Upload/goods/2015-05/5565ccb53a07f.jpg', 'Upload/goods/2015-05/5565ccb53a07f_thumb.jpg'),
(235, 82, 26, 'Upload/goods/2015-05/5565ccb5efb97.jpg', 'Upload/goods/2015-05/5565ccb5efb97_thumb.jpg'),
(236, 83, 26, 'Upload/goods/2015-05/5565ce87de3d7.jpg', 'Upload/goods/2015-05/5565ce87de3d7_thumb.jpg'),
(237, 83, 26, 'Upload/goods/2015-05/5565ce8c08d27.jpg', 'Upload/goods/2015-05/5565ce8c08d27_thumb.jpg'),
(238, 83, 26, 'Upload/goods/2015-05/5565ce8e2e42c.jpg', 'Upload/goods/2015-05/5565ce8e2e42c_thumb.jpg'),
(239, 84, 26, 'Upload/goods/2015-05/5565cfd272d9f.jpg', 'Upload/goods/2015-05/5565cfd272d9f_thumb.jpg'),
(240, 84, 26, 'Upload/goods/2015-05/5565cfd34f089.jpg', 'Upload/goods/2015-05/5565cfd34f089_thumb.jpg'),
(241, 84, 26, 'Upload/goods/2015-05/5565cfd50bac1.jpg', 'Upload/goods/2015-05/5565cfd50bac1_thumb.jpg'),
(242, 85, 26, 'Upload/goods/2015-05/5565d04bd2287.jpg', 'Upload/goods/2015-05/5565d04bd2287_thumb.jpg'),
(243, 85, 26, 'Upload/goods/2015-05/5565d04e9f999.jpg', 'Upload/goods/2015-05/5565d04e9f999_thumb.jpg'),
(244, 85, 26, 'Upload/goods/2015-05/5565d054be144.jpg', 'Upload/goods/2015-05/5565d054be144_thumb.jpg'),
(245, 86, 26, 'Upload/goods/2015-05/5565d13ed59cc.jpg', 'Upload/goods/2015-05/5565d13ed59cc_thumb.jpg'),
(246, 87, 26, 'Upload/goods/2015-05/5565d1da8bc70.jpg', 'Upload/goods/2015-05/5565d1da8bc70_thumb.jpg'),
(247, 87, 26, 'Upload/goods/2015-05/5565d1db2186e.jpg', 'Upload/goods/2015-05/5565d1db2186e_thumb.jpg'),
(248, 87, 26, 'Upload/goods/2015-05/5565d1db992cc.jpg', 'Upload/goods/2015-05/5565d1db992cc_thumb.jpg'),
(249, 87, 26, 'Upload/goods/2015-05/5565d1dc245eb.jpg', 'Upload/goods/2015-05/5565d1dc245eb_thumb.jpg'),
(250, 88, 26, 'Upload/goods/2015-05/5565d2adb5408.jpg', 'Upload/goods/2015-05/5565d2adb5408_thumb.jpg'),
(251, 88, 26, 'Upload/goods/2015-05/5565d2ae637f7.jpg', 'Upload/goods/2015-05/5565d2ae637f7_thumb.jpg'),
(252, 88, 26, 'Upload/goods/2015-05/5565d2af81e60.jpg', 'Upload/goods/2015-05/5565d2af81e60_thumb.jpg'),
(253, 89, 30, 'Upload/goods/2015-05/5565e0e2261bd.jpg', 'Upload/goods/2015-05/5565e0e2261bd_thumb.jpg'),
(254, 89, 30, 'Upload/goods/2015-05/5565e0e404617.jpg', 'Upload/goods/2015-05/5565e0e404617_thumb.jpg'),
(255, 89, 30, 'Upload/goods/2015-05/5565e0e51306a.jpg', 'Upload/goods/2015-05/5565e0e51306a_thumb.jpg'),
(256, 90, 30, 'Upload/goods/2015-05/5565e21dedf1e.jpg', 'Upload/goods/2015-05/5565e21dedf1e_thumb.jpg'),
(257, 90, 30, 'Upload/goods/2015-05/5565e23546787.jpg', 'Upload/goods/2015-05/5565e23546787_thumb.jpg'),
(258, 90, 30, 'Upload/goods/2015-05/5565e236759a8.jpg', 'Upload/goods/2015-05/5565e236759a8_thumb.jpg'),
(259, 91, 30, 'Upload/goods/2015-05/5565e2f34c1e9.jpg', 'Upload/goods/2015-05/5565e2f34c1e9_thumb.jpg'),
(260, 91, 30, 'Upload/goods/2015-05/5565e2f4be849.jpg', 'Upload/goods/2015-05/5565e2f4be849_thumb.jpg'),
(261, 91, 30, 'Upload/goods/2015-05/5565e2f69e74d.jpg', 'Upload/goods/2015-05/5565e2f69e74d_thumb.jpg'),
(262, 92, 30, 'Upload/goods/2015-05/5565e2f34c1e9.jpg', 'Upload/goods/2015-05/5565e2f34c1e9_thumb.jpg'),
(263, 92, 30, 'Upload/goods/2015-05/5565e2f4be849.jpg', 'Upload/goods/2015-05/5565e2f4be849_thumb.jpg'),
(264, 92, 30, 'Upload/goods/2015-05/5565e2f69e74d.jpg', 'Upload/goods/2015-05/5565e2f69e74d_thumb.jpg'),
(265, 93, 30, 'Upload/goods/2015-05/5565e2f34c1e9.jpg', 'Upload/goods/2015-05/5565e2f34c1e9_thumb.jpg'),
(266, 93, 30, 'Upload/goods/2015-05/5565e2f4be849.jpg', 'Upload/goods/2015-05/5565e2f4be849_thumb.jpg'),
(267, 93, 30, 'Upload/goods/2015-05/5565e2f69e74d.jpg', 'Upload/goods/2015-05/5565e2f69e74d_thumb.jpg'),
(268, 94, 30, 'Upload/goods/2015-05/5565e5aebd4c4.jpg', 'Upload/goods/2015-05/5565e5aebd4c4_thumb.jpg'),
(269, 94, 30, 'Upload/goods/2015-05/5565e5af656bc.jpg', 'Upload/goods/2015-05/5565e5af656bc_thumb.jpg'),
(270, 94, 30, 'Upload/goods/2015-05/5565e5afcbf29.jpg', 'Upload/goods/2015-05/5565e5afcbf29_thumb.jpg'),
(271, 95, 30, 'Upload/goods/2015-05/5565e6c41e1f6.jpg', 'Upload/goods/2015-05/5565e6c41e1f6_thumb.jpg'),
(272, 95, 30, 'Upload/goods/2015-05/5565e6c4cbde8.jpg', 'Upload/goods/2015-05/5565e6c4cbde8_thumb.jpg'),
(273, 95, 30, 'Upload/goods/2015-05/5565e6c563ff9.jpg', 'Upload/goods/2015-05/5565e6c563ff9_thumb.jpg'),
(274, 96, 30, 'Upload/goods/2015-05/5565e79d29c0b.jpg', 'Upload/goods/2015-05/5565e79d29c0b_thumb.jpg'),
(275, 96, 30, 'Upload/goods/2015-05/5565e79e3b157.jpg', 'Upload/goods/2015-05/5565e79e3b157_thumb.jpg'),
(276, 96, 30, 'Upload/goods/2015-05/5565e79f764b7.jpg', 'Upload/goods/2015-05/5565e79f764b7_thumb.jpg'),
(277, 97, 30, 'Upload/goods/2015-05/5565e81d6d662.jpg', 'Upload/goods/2015-05/5565e81d6d662_thumb.jpg'),
(278, 97, 30, 'Upload/goods/2015-05/5565e81e1244b.jpg', 'Upload/goods/2015-05/5565e81e1244b_thumb.jpg'),
(279, 98, 30, 'Upload/goods/2015-05/5565e8c4de5dd.jpg', 'Upload/goods/2015-05/5565e8c4de5dd_thumb.jpg'),
(280, 98, 30, 'Upload/goods/2015-05/5565e8c5bc256.jpg', 'Upload/goods/2015-05/5565e8c5bc256_thumb.jpg'),
(281, 99, 30, 'Upload/goods/2015-05/5565e9d80e76d.jpg', 'Upload/goods/2015-05/5565e9d80e76d_thumb.jpg'),
(282, 99, 30, 'Upload/goods/2015-05/5565e9d91f8c8.jpg', 'Upload/goods/2015-05/5565e9d91f8c8_thumb.jpg'),
(283, 99, 30, 'Upload/goods/2015-05/5565e9d9c79f9.jpg', 'Upload/goods/2015-05/5565e9d9c79f9_thumb.jpg'),
(284, 109, 12, 'Upload/goods/2015-05/556b086ea67c2.jpg', 'Upload/goods/2015-05/556b086ea67c2_thumb.jpg'),
(285, 109, 12, 'Upload/goods/2015-05/556b086f029d9.jpg', 'Upload/goods/2015-05/556b086f029d9_thumb.jpg'),
(286, 109, 12, 'Upload/goods/2015-05/556b086f5b93c.jpg', 'Upload/goods/2015-05/556b086f5b93c_thumb.jpg'),
(287, 111, 12, 'Upload/goods/2015-05/556b0a9b0d13b.jpg', 'Upload/goods/2015-05/556b0a9b0d13b_thumb.jpg'),
(288, 111, 12, 'Upload/goods/2015-05/556b0a9b6018d.jpg', 'Upload/goods/2015-05/556b0a9b6018d_thumb.jpg'),
(289, 112, 12, 'Upload/goods/2015-05/556b0b1360524.jpg', 'Upload/goods/2015-05/556b0b1360524_thumb.jpg'),
(290, 113, 12, 'Upload/goods/2015-05/556b0c26ee7ae.jpg', 'Upload/goods/2015-05/556b0c26ee7ae_thumb.jpg'),
(291, 113, 12, 'Upload/goods/2015-05/556b0c27869e0.jpg', 'Upload/goods/2015-05/556b0c27869e0_thumb.jpg'),
(292, 114, 12, 'Upload/goods/2015-05/556b0f0430a02.jpg', 'Upload/goods/2015-05/556b0f0430a02_thumb.jpg'),
(293, 115, 12, 'Upload/goods/2015-05/556b0f596175c.jpg', 'Upload/goods/2015-05/556b0f596175c_thumb.jpg'),
(294, 4, 4, 'Upload/goods/2015-05/556b100dc6ec3.jpg', 'Upload/goods/2015-05/556b100dc6ec3_thumb.jpg'),
(295, 117, 4, 'Upload/goods/2015-05/556b11d98f37e.jpg', 'Upload/goods/2015-05/556b11d98f37e_thumb.jpg'),
(296, 117, 4, 'Upload/goods/2015-05/556b11da0fc38.jpg', 'Upload/goods/2015-05/556b11da0fc38_thumb.jpg'),
(297, 121, 13, 'Upload/goods/2015-05/556b1c3090090.jpg', 'Upload/goods/2015-05/556b1c3090090_thumb.jpg'),
(298, 121, 13, 'Upload/goods/2015-05/556b1c3103de4.jpg', 'Upload/goods/2015-05/556b1c3103de4_thumb.jpg'),
(299, 124, 13, 'Upload/goods/2015-05/556b1d99e2edd.jpg', 'Upload/goods/2015-05/556b1d99e2edd_thumb.jpg'),
(300, 125, 13, 'Upload/goods/2015-05/556b1dd66d5fc.jpg', 'Upload/goods/2015-05/556b1dd66d5fc_thumb.jpg'),
(301, 127, 11, 'Upload/goods/2015-05/556b1fcb90e35.jpg', 'Upload/goods/2015-05/556b1fcb90e35_thumb.jpg'),
(302, 128, 11, 'Upload/goods/2015-05/556b202a693a0.jpg', 'Upload/goods/2015-05/556b202a693a0_thumb.jpg'),
(303, 129, 11, 'Upload/goods/2015-05/556b2048ecf54.jpg', 'Upload/goods/2015-05/556b2048ecf54_thumb.jpg'),
(304, 131, 11, 'Upload/goods/2015-05/556b20ca427a6.jpg', 'Upload/goods/2015-05/556b20ca427a6_thumb.jpg'),
(305, 133, 15, 'Upload/goods/2015-06/556bad89c3cc8.jpg', 'Upload/goods/2015-06/556bad89c3cc8_thumb.jpg'),
(306, 133, 15, 'Upload/goods/2015-06/556bad8a3d477.jpg', 'Upload/goods/2015-06/556bad8a3d477_thumb.jpg'),
(307, 133, 15, 'Upload/goods/2015-06/556bad8a882e6.jpg', 'Upload/goods/2015-06/556bad8a882e6_thumb.jpg'),
(308, 133, 15, 'Upload/goods/2015-06/556bad8adc0a7.jpg', 'Upload/goods/2015-06/556bad8adc0a7_thumb.jpg'),
(309, 137, 15, 'Upload/goods/2015-06/556bb0fcb72fe.jpg', 'Upload/goods/2015-06/556bb0fcb72fe_thumb.jpg'),
(310, 137, 15, 'Upload/goods/2015-06/556bb0fd12afa.jpg', 'Upload/goods/2015-06/556bb0fd12afa_thumb.jpg'),
(311, 137, 15, 'Upload/goods/2015-06/556bb0fd758b5.jpg', 'Upload/goods/2015-06/556bb0fd758b5_thumb.jpg'),
(312, 140, 15, 'Upload/goods/2015-06/556bb4523ee91.jpg', 'Upload/goods/2015-06/556bb4523ee91_thumb.jpg'),
(313, 140, 15, 'Upload/goods/2015-06/556bb452c1370.jpg', 'Upload/goods/2015-06/556bb452c1370_thumb.jpg'),
(314, 140, 15, 'Upload/goods/2015-06/556bb453610df.jpg', 'Upload/goods/2015-06/556bb453610df_thumb.jpg'),
(315, 140, 15, 'Upload/goods/2015-06/556bb453b5b07.jpg', 'Upload/goods/2015-06/556bb453b5b07_thumb.jpg'),
(316, 140, 15, 'Upload/goods/2015-06/556bb45417e1b.jpg', 'Upload/goods/2015-06/556bb45417e1b_thumb.jpg'),
(317, 141, 15, 'Upload/goods/2015-06/556bbd4d914e2.jpg', 'Upload/goods/2015-06/556bbd4d914e2_thumb.jpg'),
(318, 141, 15, 'Upload/goods/2015-06/556bbd4de65a0.jpg', 'Upload/goods/2015-06/556bbd4de65a0_thumb.jpg'),
(319, 141, 15, 'Upload/goods/2015-06/556bbd4e649b3.jpg', 'Upload/goods/2015-06/556bbd4e649b3_thumb.jpg'),
(320, 142, 15, 'Upload/goods/2015-06/556bbf43efdd7.jpg', 'Upload/goods/2015-06/556bbf43efdd7_thumb.jpg'),
(321, 142, 15, 'Upload/goods/2015-06/556bbf445e196.jpg', 'Upload/goods/2015-06/556bbf445e196_thumb.jpg'),
(322, 142, 15, 'Upload/goods/2015-06/556bbf44c6471.jpg', 'Upload/goods/2015-06/556bbf44c6471_thumb.jpg'),
(323, 142, 15, 'Upload/goods/2015-06/556bbf453742d.jpg', 'Upload/goods/2015-06/556bbf453742d_thumb.jpg'),
(324, 143, 15, 'Upload/goods/2015-06/556bc6382cbe3.jpg', 'Upload/goods/2015-06/556bc6382cbe3_thumb.jpg'),
(325, 143, 15, 'Upload/goods/2015-06/556bc6388a413.jpg', 'Upload/goods/2015-06/556bc6388a413_thumb.jpg'),
(326, 143, 15, 'Upload/goods/2015-06/556bc63937d27.jpg', 'Upload/goods/2015-06/556bc63937d27_thumb.jpg'),
(327, 143, 15, 'Upload/goods/2015-06/556bc6399ff4d.jpg', 'Upload/goods/2015-06/556bc6399ff4d_thumb.jpg'),
(328, 144, 15, 'Upload/goods/2015-06/556bcbbe1ed42.jpg', 'Upload/goods/2015-06/556bcbbe1ed42_thumb.jpg'),
(329, 144, 15, 'Upload/goods/2015-06/556bcbbe7c0fa.jpg', 'Upload/goods/2015-06/556bcbbe7c0fa_thumb.jpg'),
(330, 144, 15, 'Upload/goods/2015-06/556bcbbef4125.jpg', 'Upload/goods/2015-06/556bcbbef4125_thumb.jpg'),
(331, 145, 15, 'Upload/goods/2015-06/556bcc363c6be.jpg', 'Upload/goods/2015-06/556bcc363c6be_thumb.jpg'),
(332, 145, 15, 'Upload/goods/2015-06/556bcc369c75b.jpg', 'Upload/goods/2015-06/556bcc369c75b_thumb.jpg'),
(333, 145, 15, 'Upload/goods/2015-06/556bcc3713b3b.jpg', 'Upload/goods/2015-06/556bcc3713b3b_thumb.jpg'),
(334, 146, 15, 'Upload/goods/2015-06/556bcc8fdf4cd.jpg', 'Upload/goods/2015-06/556bcc8fdf4cd_thumb.jpg'),
(335, 146, 15, 'Upload/goods/2015-06/556bcc9076314.jpg', 'Upload/goods/2015-06/556bcc9076314_thumb.jpg'),
(336, 146, 15, 'Upload/goods/2015-06/556bcc9721c42.jpg', 'Upload/goods/2015-06/556bcc9721c42_thumb.jpg'),
(337, 147, 15, 'Upload/goods/2015-06/556bccf6d056d.jpg', 'Upload/goods/2015-06/556bccf6d056d_thumb.jpg'),
(338, 147, 15, 'Upload/goods/2015-06/556bccf868149.jpg', 'Upload/goods/2015-06/556bccf868149_thumb.jpg'),
(339, 147, 15, 'Upload/goods/2015-06/556bccf96c570.jpg', 'Upload/goods/2015-06/556bccf96c570_thumb.jpg'),
(340, 147, 15, 'Upload/goods/2015-06/556bccfa3d7c9.jpg', 'Upload/goods/2015-06/556bccfa3d7c9_thumb.jpg'),
(341, 148, 15, 'Upload/goods/2015-06/556bce1174400.jpg', 'Upload/goods/2015-06/556bce1174400_thumb.jpg'),
(342, 149, 15, 'Upload/goods/2015-06/556bced73de18.jpg', 'Upload/goods/2015-06/556bced73de18_thumb.jpg'),
(343, 153, 15, 'Upload/goods/2015-06/556bd0b6737d5.jpg', 'Upload/goods/2015-06/556bd0b6737d5_thumb.jpg'),
(350, 160, 20, 'Upload/goods/2015-06/556c1337277dd.jpg', 'Upload/goods/2015-06/556c1337277dd_thumb.jpg'),
(351, 160, 20, 'Upload/goods/2015-06/556c133781136.jpg', 'Upload/goods/2015-06/556c133781136_thumb.jpg'),
(352, 157, 20, 'Upload/goods/2015-06/556be7fd12d80.jpg', 'Upload/goods/2015-06/556be7fd12d80_thumb.jpg'),
(353, 156, 20, 'Upload/goods/2015-06/556be78648caf.jpg', 'Upload/goods/2015-06/556be78648caf_thumb.jpg'),
(354, 156, 20, 'Upload/goods/2015-06/556be787287a6.jpg', 'Upload/goods/2015-06/556be787287a6_thumb.jpg'),
(355, 158, 20, 'Upload/goods/2015-06/556bf9819ece2.jpg', 'Upload/goods/2015-06/556bf9819ece2_thumb.jpg'),
(356, 158, 20, 'Upload/goods/2015-06/556bf982060e9.jpg', 'Upload/goods/2015-06/556bf982060e9_thumb.jpg'),
(357, 159, 20, 'Upload/goods/2015-06/556bf9fda709e.jpg', 'Upload/goods/2015-06/556bf9fda709e_thumb.jpg'),
(358, 161, 20, 'Upload/goods/2015-06/556c147ea4142.jpg', 'Upload/goods/2015-06/556c147ea4142_thumb.jpg'),
(359, 161, 20, 'Upload/goods/2015-06/556c147f0d64b.jpg', 'Upload/goods/2015-06/556c147f0d64b_thumb.jpg'),
(360, 161, 20, 'Upload/goods/2015-06/556c147f6cfa1.jpg', 'Upload/goods/2015-06/556c147f6cfa1_thumb.jpg'),
(361, 162, 20, 'Upload/goods/2015-06/556c15333e140.jpg', 'Upload/goods/2015-06/556c15333e140_thumb.jpg'),
(362, 163, 20, 'Upload/goods/2015-06/556c15b9bdca7.jpg', 'Upload/goods/2015-06/556c15b9bdca7_thumb.jpg'),
(363, 163, 20, 'Upload/goods/2015-06/556c15ba27cf0.jpg', 'Upload/goods/2015-06/556c15ba27cf0_thumb.jpg'),
(364, 164, 20, 'Upload/goods/2015-06/556c17899e10b.jpg', 'Upload/goods/2015-06/556c17899e10b_thumb.jpg'),
(365, 164, 20, 'Upload/goods/2015-06/556c178c165b2.jpg', 'Upload/goods/2015-06/556c178c165b2_thumb.jpg'),
(366, 168, 20, 'Upload/goods/2015-06/556c195983cdb.jpg', 'Upload/goods/2015-06/556c195983cdb_thumb.jpg'),
(367, 169, 20, 'Upload/goods/2015-06/556c19c90f9b3.jpg', 'Upload/goods/2015-06/556c19c90f9b3_thumb.jpg'),
(368, 171, 20, 'Upload/goods/2015-06/556c1ae574add.jpg', 'Upload/goods/2015-06/556c1ae574add_thumb.jpg'),
(369, 172, 20, 'Upload/goods/2015-06/556c1d2381be7.jpg', 'Upload/goods/2015-06/556c1d2381be7_thumb.jpg'),
(370, 173, 20, 'Upload/goods/2015-06/556c1d703f39f.jpg', 'Upload/goods/2015-06/556c1d703f39f_thumb.jpg'),
(371, 173, 20, 'Upload/goods/2015-06/556c1d7b55adf.jpg', 'Upload/goods/2015-06/556c1d7b55adf_thumb.jpg'),
(372, 174, 20, 'Upload/goods/2015-06/556c1e3c6bea4.jpg', 'Upload/goods/2015-06/556c1e3c6bea4_thumb.jpg'),
(373, 176, 20, 'Upload/goods/2015-06/556c1f4ca436b.jpg', 'Upload/goods/2015-06/556c1f4ca436b_thumb.jpg'),
(374, 176, 20, 'Upload/goods/2015-06/556c1f4d0f785.jpg', 'Upload/goods/2015-06/556c1f4d0f785_thumb.jpg'),
(375, 177, 20, 'Upload/goods/2015-06/556c1ffc80b8c.jpg', 'Upload/goods/2015-06/556c1ffc80b8c_thumb.jpg'),
(376, 177, 20, 'Upload/goods/2015-06/556c1ffcf04b2.jpg', 'Upload/goods/2015-06/556c1ffcf04b2_thumb.jpg'),
(377, 177, 20, 'Upload/goods/2015-06/556c1ffd585df.jpg', 'Upload/goods/2015-06/556c1ffd585df_thumb.jpg'),
(378, 177, 20, 'Upload/goods/2015-06/556c1ffde645b.jpg', 'Upload/goods/2015-06/556c1ffde645b_thumb.jpg'),
(379, 178, 20, 'Upload/goods/2015-06/556c20cac978e.jpg', 'Upload/goods/2015-06/556c20cac978e_thumb.jpg'),
(380, 178, 20, 'Upload/goods/2015-06/556c20cb5be5a.jpg', 'Upload/goods/2015-06/556c20cb5be5a_thumb.jpg'),
(381, 178, 20, 'Upload/goods/2015-06/556c20cbb9935.jpg', 'Upload/goods/2015-06/556c20cbb9935_thumb.jpg'),
(383, 182, 23, 'Upload/goods/2015-06/556c26ff07de2.jpg', 'Upload/goods/2015-06/556c26ff07de2_thumb.jpg'),
(384, 183, 23, 'Upload/goods/2015-06/556c27b9af355.jpg', 'Upload/goods/2015-06/556c27b9af355_thumb.jpg'),
(385, 183, 23, 'Upload/goods/2015-06/556c27ba1b9ba.jpg', 'Upload/goods/2015-06/556c27ba1b9ba_thumb.jpg'),
(386, 184, 23, 'Upload/goods/2015-06/556c28532a1af.jpg', 'Upload/goods/2015-06/556c28532a1af_thumb.jpg'),
(387, 185, 23, 'Upload/goods/2015-06/556c28d50ba5d.jpg', 'Upload/goods/2015-06/556c28d50ba5d_thumb.jpg'),
(388, 185, 23, 'Upload/goods/2015-06/556c28d56954c.jpg', 'Upload/goods/2015-06/556c28d56954c_thumb.jpg'),
(389, 186, 23, 'Upload/goods/2015-06/556c2941585ab.jpg', 'Upload/goods/2015-06/556c2941585ab_thumb.jpg'),
(390, 186, 23, 'Upload/goods/2015-06/556c2941bbbbe.jpg', 'Upload/goods/2015-06/556c2941bbbbe_thumb.jpg'),
(391, 187, 23, 'Upload/goods/2015-06/556c2a235511a.jpg', 'Upload/goods/2015-06/556c2a235511a_thumb.jpg'),
(392, 180, 23, 'Upload/goods/2015-06/556c257eb6123.jpg', 'Upload/goods/2015-06/556c257eb6123_thumb.jpg'),
(393, 188, 23, 'Upload/goods/2015-06/556c2d4134582.jpg', 'Upload/goods/2015-06/556c2d4134582_thumb.jpg'),
(394, 189, 23, 'Upload/goods/2015-06/556c2df9a5c53.jpg', 'Upload/goods/2015-06/556c2df9a5c53_thumb.jpg'),
(395, 189, 23, 'Upload/goods/2015-06/556c2dfa6e0c4.jpg', 'Upload/goods/2015-06/556c2dfa6e0c4_thumb.jpg'),
(396, 189, 23, 'Upload/goods/2015-06/556c2dfac649d.jpg', 'Upload/goods/2015-06/556c2dfac649d_thumb.jpg'),
(397, 190, 23, 'Upload/goods/2015-06/556c2efc94bf9.jpg', 'Upload/goods/2015-06/556c2efc94bf9_thumb.jpg'),
(398, 190, 23, 'Upload/goods/2015-06/556c2f043bcfd.jpg', 'Upload/goods/2015-06/556c2f043bcfd_thumb.jpg'),
(399, 191, 23, 'Upload/goods/2015-06/556c46cb281a1.jpg', 'Upload/goods/2015-06/556c46cb281a1_thumb.jpg'),
(400, 191, 23, 'Upload/goods/2015-06/556c46cb8d432.jpg', 'Upload/goods/2015-06/556c46cb8d432_thumb.jpg'),
(401, 193, 23, 'Upload/goods/2015-06/556c476c62ab8.jpg', 'Upload/goods/2015-06/556c476c62ab8_thumb.jpg'),
(402, 194, 23, 'Upload/goods/2015-06/556c47be669aa.jpg', 'Upload/goods/2015-06/556c47be669aa_thumb.jpg'),
(403, 194, 23, 'Upload/goods/2015-06/556c47beb949c.jpg', 'Upload/goods/2015-06/556c47beb949c_thumb.jpg'),
(404, 194, 23, 'Upload/goods/2015-06/556c47bf1cf10.jpg', 'Upload/goods/2015-06/556c47bf1cf10_thumb.jpg'),
(405, 196, 23, 'Upload/goods/2015-06/556c484e8ddc9.jpg', 'Upload/goods/2015-06/556c484e8ddc9_thumb.jpg'),
(406, 197, 23, 'Upload/goods/2015-06/556c48a4b3ac2.jpg', 'Upload/goods/2015-06/556c48a4b3ac2_thumb.jpg'),
(407, 197, 23, 'Upload/goods/2015-06/556c48a5534ca.jpg', 'Upload/goods/2015-06/556c48a5534ca_thumb.jpg'),
(408, 200, 23, 'Upload/goods/2015-06/556c49b98bd6c.jpg', 'Upload/goods/2015-06/556c49b98bd6c_thumb.jpg'),
(409, 201, 23, 'Upload/goods/2015-06/556c4a3e1fe15.jpg', 'Upload/goods/2015-06/556c4a3e1fe15_thumb.jpg'),
(410, 201, 23, 'Upload/goods/2015-06/556c4a3e79b40.jpg', 'Upload/goods/2015-06/556c4a3e79b40_thumb.jpg'),
(411, 204, 23, 'Upload/goods/2015-06/556c4fcf388ca.jpg', 'Upload/goods/2015-06/556c4fcf388ca_thumb.jpg'),
(412, 204, 23, 'Upload/goods/2015-06/556c4fcf9f1ed.jpg', 'Upload/goods/2015-06/556c4fcf9f1ed_thumb.jpg'),
(413, 205, 23, 'Upload/goods/2015-06/556c501f6c554.jpg', 'Upload/goods/2015-06/556c501f6c554_thumb.jpg'),
(414, 205, 23, 'Upload/goods/2015-06/556c501fc9a5c.jpg', 'Upload/goods/2015-06/556c501fc9a5c_thumb.jpg'),
(415, 206, 23, 'Upload/goods/2015-06/556c506e60c34.jpg', 'Upload/goods/2015-06/556c506e60c34_thumb.jpg'),
(416, 206, 23, 'Upload/goods/2015-06/556c506ec378d.jpg', 'Upload/goods/2015-06/556c506ec378d_thumb.jpg'),
(417, 207, 27, 'Upload/goods/2015-06/556c526f3413b.jpg', 'Upload/goods/2015-06/556c526f3413b_thumb.jpg'),
(418, 207, 27, 'Upload/goods/2015-06/556c526f916b7.jpg', 'Upload/goods/2015-06/556c526f916b7_thumb.jpg'),
(419, 207, 27, 'Upload/goods/2015-06/556c52700090b.jpg', 'Upload/goods/2015-06/556c52700090b_thumb.jpg'),
(420, 208, 27, 'Upload/goods/2015-06/556c53743e932.jpg', 'Upload/goods/2015-06/556c53743e932_thumb.jpg'),
(421, 208, 27, 'Upload/goods/2015-06/556c5374c631c.jpg', 'Upload/goods/2015-06/556c5374c631c_thumb.jpg'),
(422, 208, 27, 'Upload/goods/2015-06/556c53767ae6e.jpg', 'Upload/goods/2015-06/556c53767ae6e_thumb.jpg'),
(423, 209, 27, 'Upload/goods/2015-06/556c54664934a.jpg', 'Upload/goods/2015-06/556c54664934a_thumb.jpg'),
(424, 209, 27, 'Upload/goods/2015-06/556c54670e219.jpg', 'Upload/goods/2015-06/556c54670e219_thumb.jpg'),
(425, 210, 27, 'Upload/goods/2015-06/556c54fcea013.jpg', 'Upload/goods/2015-06/556c54fcea013_thumb.jpg'),
(426, 210, 27, 'Upload/goods/2015-06/556c54fd8e239.jpg', 'Upload/goods/2015-06/556c54fd8e239_thumb.jpg'),
(427, 210, 27, 'Upload/goods/2015-06/556c54fe467e9.jpg', 'Upload/goods/2015-06/556c54fe467e9_thumb.jpg'),
(428, 211, 27, 'Upload/goods/2015-06/556c567b1d130.jpg', 'Upload/goods/2015-06/556c567b1d130_thumb.jpg'),
(429, 211, 27, 'Upload/goods/2015-06/556c567c270e8.jpg', 'Upload/goods/2015-06/556c567c270e8_thumb.jpg'),
(430, 211, 27, 'Upload/goods/2015-06/556c567cb4efc.jpg', 'Upload/goods/2015-06/556c567cb4efc_thumb.jpg'),
(431, 212, 27, 'Upload/goods/2015-06/556c5765a6b70.jpg', 'Upload/goods/2015-06/556c5765a6b70_thumb.jpg'),
(432, 212, 27, 'Upload/goods/2015-06/556c57664c453.jpg', 'Upload/goods/2015-06/556c57664c453_thumb.jpg'),
(433, 213, 27, 'Upload/goods/2015-06/556c5811acc97.jpg', 'Upload/goods/2015-06/556c5811acc97_thumb.jpg'),
(434, 213, 27, 'Upload/goods/2015-06/556c58129638f.jpg', 'Upload/goods/2015-06/556c58129638f_thumb.jpg'),
(435, 213, 27, 'Upload/goods/2015-06/556c581342225.jpg', 'Upload/goods/2015-06/556c581342225_thumb.jpg'),
(436, 213, 27, 'Upload/goods/2015-06/556c58142ac10.jpg', 'Upload/goods/2015-06/556c58142ac10_thumb.jpg'),
(437, 214, 27, 'Upload/goods/2015-06/556c59125d44c.jpg', 'Upload/goods/2015-06/556c59125d44c_thumb.jpg'),
(438, 214, 27, 'Upload/goods/2015-06/556c591328371.jpg', 'Upload/goods/2015-06/556c591328371_thumb.jpg'),
(439, 215, 27, 'Upload/goods/2015-06/556c5d0c0cab6.jpg', 'Upload/goods/2015-06/556c5d0c0cab6_thumb.jpg'),
(440, 216, 27, 'Upload/goods/2015-06/556c5df155bd8.jpg', 'Upload/goods/2015-06/556c5df155bd8_thumb.jpg'),
(441, 216, 27, 'Upload/goods/2015-06/556c5df1bc9c5.jpg', 'Upload/goods/2015-06/556c5df1bc9c5_thumb.jpg'),
(442, 217, 27, 'Upload/goods/2015-06/556c5e5e87993.jpg', 'Upload/goods/2015-06/556c5e5e87993_thumb.jpg'),
(443, 217, 27, 'Upload/goods/2015-06/556c5e5f57f11.jpg', 'Upload/goods/2015-06/556c5e5f57f11_thumb.jpg'),
(444, 218, 27, 'Upload/goods/2015-06/556c5ed3c254a.jpg', 'Upload/goods/2015-06/556c5ed3c254a_thumb.jpg'),
(445, 220, 27, 'Upload/goods/2015-06/556c5ff218931.jpg', 'Upload/goods/2015-06/556c5ff218931_thumb.jpg'),
(446, 220, 27, 'Upload/goods/2015-06/556c5ff289bbe.jpg', 'Upload/goods/2015-06/556c5ff289bbe_thumb.jpg'),
(447, 220, 27, 'Upload/goods/2015-06/556c5ff2f104b.jpg', 'Upload/goods/2015-06/556c5ff2f104b_thumb.jpg'),
(448, 221, 27, 'Upload/goods/2015-06/556c60937cedb.jpg', 'Upload/goods/2015-06/556c60937cedb_thumb.jpg'),
(449, 221, 27, 'Upload/goods/2015-06/556c6094460d3.jpg', 'Upload/goods/2015-06/556c6094460d3_thumb.jpg'),
(450, 222, 27, 'Upload/goods/2015-06/556c610dec8d7.jpg', 'Upload/goods/2015-06/556c610dec8d7_thumb.jpg'),
(451, 224, 31, 'Upload/goods/2015-06/556c65b4c99d5.jpg', 'Upload/goods/2015-06/556c65b4c99d5_thumb.jpg'),
(452, 224, 31, 'Upload/goods/2015-06/556c65b53995e.jpg', 'Upload/goods/2015-06/556c65b53995e_thumb.jpg'),
(453, 225, 31, 'Upload/goods/2015-06/556c661218d22.jpg', 'Upload/goods/2015-06/556c661218d22_thumb.jpg'),
(454, 225, 31, 'Upload/goods/2015-06/556c6612a9efb.jpg', 'Upload/goods/2015-06/556c6612a9efb_thumb.jpg'),
(455, 226, 31, 'Upload/goods/2015-06/556c664307fe8.jpg', 'Upload/goods/2015-06/556c664307fe8_thumb.jpg'),
(456, 226, 31, 'Upload/goods/2015-06/556c6643c0ec7.jpg', 'Upload/goods/2015-06/556c6643c0ec7_thumb.jpg'),
(457, 226, 31, 'Upload/goods/2015-06/556c66442dc06.jpg', 'Upload/goods/2015-06/556c66442dc06_thumb.jpg'),
(458, 227, 31, 'Upload/goods/2015-06/556c6751e7dc9.jpg', 'Upload/goods/2015-06/556c6751e7dc9_thumb.jpg'),
(459, 227, 31, 'Upload/goods/2015-06/556c6752b0901.jpg', 'Upload/goods/2015-06/556c6752b0901_thumb.jpg'),
(460, 230, 31, 'Upload/goods/2015-06/556c6823db5a1.jpg', 'Upload/goods/2015-06/556c6823db5a1_thumb.jpg'),
(461, 231, 31, 'Upload/goods/2015-06/556c695db83ab.jpg', 'Upload/goods/2015-06/556c695db83ab_thumb.jpg'),
(462, 232, 31, 'Upload/goods/2015-06/556c69b8c762b.jpg', 'Upload/goods/2015-06/556c69b8c762b_thumb.jpg'),
(463, 233, 31, 'Upload/goods/2015-06/556c6a0adcca0.jpg', 'Upload/goods/2015-06/556c6a0adcca0_thumb.jpg'),
(464, 235, 31, 'Upload/goods/2015-06/556c6aca3235f.jpg', 'Upload/goods/2015-06/556c6aca3235f_thumb.jpg'),
(465, 236, 31, 'Upload/goods/2015-06/556c6b6248f39.jpg', 'Upload/goods/2015-06/556c6b6248f39_thumb.jpg'),
(466, 236, 31, 'Upload/goods/2015-06/556c6b62d3407.jpg', 'Upload/goods/2015-06/556c6b62d3407_thumb.jpg'),
(467, 236, 31, 'Upload/goods/2015-06/556c6b6343533.jpg', 'Upload/goods/2015-06/556c6b6343533_thumb.jpg'),
(468, 236, 31, 'Upload/goods/2015-06/556c6b63a9231.jpg', 'Upload/goods/2015-06/556c6b63a9231_thumb.jpg'),
(469, 237, 31, 'Upload/goods/2015-06/556c6b8575a00.jpg', 'Upload/goods/2015-06/556c6b8575a00_thumb.jpg'),
(470, 238, 31, 'Upload/goods/2015-06/556c6c13245c8.jpg', 'Upload/goods/2015-06/556c6c13245c8_thumb.jpg'),
(471, 239, 31, 'Upload/goods/2015-06/556c6c93c278b.jpg', 'Upload/goods/2015-06/556c6c93c278b_thumb.jpg'),
(472, 239, 31, 'Upload/goods/2015-06/556c6c944cc72.jpg', 'Upload/goods/2015-06/556c6c944cc72_thumb.jpg'),
(473, 239, 31, 'Upload/goods/2015-06/556c6c94bc9fb.jpg', 'Upload/goods/2015-06/556c6c94bc9fb_thumb.jpg'),
(474, 241, 31, 'Upload/goods/2015-06/556c6d8cb487c.jpg', 'Upload/goods/2015-06/556c6d8cb487c_thumb.jpg'),
(475, 243, 31, 'Upload/goods/2015-06/556c6e4d54e10.jpg', 'Upload/goods/2015-06/556c6e4d54e10_thumb.jpg'),
(476, 243, 31, 'Upload/goods/2015-06/556c6e4db70d5.jpg', 'Upload/goods/2015-06/556c6e4db70d5_thumb.jpg'),
(477, 244, 31, 'Upload/goods/2015-06/556c6eedbad5f.jpg', 'Upload/goods/2015-06/556c6eedbad5f_thumb.jpg'),
(478, 244, 31, 'Upload/goods/2015-06/556c6eee81dbb.jpg', 'Upload/goods/2015-06/556c6eee81dbb_thumb.jpg'),
(479, 245, 31, 'Upload/goods/2015-06/556c6f810b870.jpg', 'Upload/goods/2015-06/556c6f810b870_thumb.jpg'),
(480, 245, 31, 'Upload/goods/2015-06/556c6f81946ce.jpg', 'Upload/goods/2015-06/556c6f81946ce_thumb.jpg'),
(481, 245, 31, 'Upload/goods/2015-06/556c6f8200dc1.jpg', 'Upload/goods/2015-06/556c6f8200dc1_thumb.jpg'),
(482, 246, 31, 'Upload/goods/2015-06/556c6fd85734f.jpg', 'Upload/goods/2015-06/556c6fd85734f_thumb.jpg'),
(483, 246, 31, 'Upload/goods/2015-06/556c6fd8ec656.jpg', 'Upload/goods/2015-06/556c6fd8ec656_thumb.jpg'),
(484, 247, 31, 'Upload/goods/2015-06/556c72a728acc.jpg', 'Upload/goods/2015-06/556c72a728acc_thumb.jpg'),
(485, 247, 31, 'Upload/goods/2015-06/556c72a7c4f5b.jpg', 'Upload/goods/2015-06/556c72a7c4f5b_thumb.jpg'),
(486, 248, 31, 'Upload/goods/2015-06/556c7320c9066.jpg', 'Upload/goods/2015-06/556c7320c9066_thumb.jpg'),
(487, 250, 31, 'Upload/goods/2015-06/556c743c9e0df.jpg', 'Upload/goods/2015-06/556c743c9e0df_thumb.jpg'),
(488, 250, 31, 'Upload/goods/2015-06/556c743d2285c.jpg', 'Upload/goods/2015-06/556c743d2285c_thumb.jpg'),
(489, 251, 31, 'Upload/goods/2015-06/556c74ade2a55.jpg', 'Upload/goods/2015-06/556c74ade2a55_thumb.jpg'),
(490, 252, 31, 'Upload/goods/2015-06/556c751ad110e.jpg', 'Upload/goods/2015-06/556c751ad110e_thumb.jpg'),
(491, 252, 31, 'Upload/goods/2015-06/556c751b514dc.jpg', 'Upload/goods/2015-06/556c751b514dc_thumb.jpg'),
(492, 253, 31, 'Upload/goods/2015-06/556c758e77960.jpg', 'Upload/goods/2015-06/556c758e77960_thumb.jpg'),
(493, 253, 31, 'Upload/goods/2015-06/556c758ee4d25.jpg', 'Upload/goods/2015-06/556c758ee4d25_thumb.jpg');

-- --------------------------------------------------------

--
-- Table structure for table `wst_goods_relateds`
--

CREATE TABLE `wst_goods_relateds` (
  `id` int(11) NOT NULL,
  `goodsId` int(11) NOT NULL,
  `relatedGoodsId` int(11) NOT NULL,
  `relatedType` tinyint(4) NOT NULL
) ENGINE=MyISAM DEFAULT CHARSET=utf8;

-- --------------------------------------------------------

--
-- Table structure for table `wst_goods_scores`
--

CREATE TABLE `wst_goods_scores` (
  `scoreId` int(11) NOT NULL,
  `goodsId` int(11) DEFAULT NULL,
  `shopId` int(11) DEFAULT NULL,
  `totalScore` int(11) DEFAULT '0',
  `totalUsers` int(11) DEFAULT '0',
  `goodsScore` int(11) DEFAULT '0',
  `goodsUsers` int(11) DEFAULT '0',
  `serviceScore` int(11) DEFAULT '0',
  `serviceUsers` int(11) DEFAULT '0',
  `timeScore` int(11) DEFAULT '0',
  `timeUsers` int(11) DEFAULT '0'
) ENGINE=MyISAM DEFAULT CHARSET=utf8;

--
-- Dumping data for table `wst_goods_scores`
--

INSERT INTO `wst_goods_scores` (`scoreId`, `goodsId`, `shopId`, `totalScore`, `totalUsers`, `goodsScore`, `goodsUsers`, `serviceScore`, `serviceUsers`, `timeScore`, `timeUsers`) VALUES
(1, 257, 34, 1384, 93, 461, 93, 462, 93, 461, 93),
(2, 259, 34, 822, 55, 273, 55, 274, 55, 275, 55),
(3, 258, 34, 282, 19, 95, 19, 93, 19, 94, 19),
(4, 256, 34, 634, 43, 211, 43, 211, 43, 212, 43),
(5, 267, 34, 165, 11, 55, 11, 55, 11, 55, 11),
(6, 269, 34, 285, 19, 95, 19, 95, 19, 95, 19),
(7, 266, 34, 270, 18, 90, 18, 90, 18, 90, 18),
(8, 261, 34, 165, 11, 55, 11, 55, 11, 55, 11),
(9, 1, 34, 42, 5, 5, 5, 18, 5, 19, 5),
(10, 1, 34, 11, 1, 1, 1, 5, 1, 5, 1),
(11, 1, 34, 6, 1, 1, 1, 3, 1, 2, 1),
(12, 1, 34, 9, 1, 1, 1, 4, 1, 4, 1),
(13, 1, 34, 5, 1, 1, 1, 2, 1, 2, 1),
(14, 1, 34, 5, 1, 1, 1, 2, 1, 2, 1),
(15, 1, 34, 7, 1, 1, 1, 3, 1, 3, 1),
(16, 1, 34, 7, 1, 1, 1, 3, 1, 3, 1),
(17, 1, 34, 9, 1, 1, 1, 4, 1, 4, 1),
(18, 1, 34, 9, 1, 1, 1, 4, 1, 4, 1),
(19, 270, 34, 120, 8, 40, 8, 40, 8, 40, 8),
(20, 268, 34, 225, 15, 75, 15, 75, 15, 75, 15),
(21, 1, 34, 9, 1, 0, 1, 4, 1, 4, 1),
(22, 1, 34, 9, 1, 0, 1, 4, 1, 4, 1),
(23, 1, 34, 9, 1, 0, 1, 4, 1, 4, 1),
(24, 1, 34, 9, 1, 0, 1, 4, 1, 4, 1),
(25, 1, 34, 9, 1, 0, 1, 4, 1, 4, 1),
(26, 1, 34, 9, 1, 0, 1, 5, 1, 3, 1),
(27, 1, 34, 6, 1, 0, 1, 3, 1, 2, 1),
(28, 1, 34, 7, 1, 0, 1, 3, 1, 3, 1),
(29, 1, 34, 9, 1, 0, 1, 5, 1, 3, 1),
(30, 1, 34, 7, 1, 0, 1, 3, 1, 3, 1),
(31, 1, 34, 8, 1, 0, 1, 4, 1, 3, 1),
(32, 1, 34, 8, 1, 0, 1, 4, 1, 3, 1),
(33, 1, 34, 9, 1, 0, 1, 4, 1, 4, 1),
(34, 1, 34, 11, 1, 0, 1, 5, 1, 5, 1),
(35, 265, 34, 150, 10, 50, 10, 50, 10, 50, 10),
(36, 262, 34, 150, 10, 50, 10, 50, 10, 50, 10),
(37, 255, 34, 300, 20, 100, 20, 100, 20, 100, 20),
(38, 260, 34, 105, 7, 35, 7, 35, 7, 35, 7),
(39, 1, 34, 11, 1, 0, 1, 5, 1, 5, 1),
(40, 1, 34, 11, 1, 0, 1, 5, 1, 5, 1),
(41, 1, 34, 11, 1, 0, 1, 5, 1, 5, 1);

-- --------------------------------------------------------

--
-- Table structure for table `wst_log_operates`
--

CREATE TABLE `wst_log_operates` (
  `operateId` int(11) NOT NULL,
  `staffId` int(11) NOT NULL,
  `operateTime` datetime NOT NULL,
  `module` varchar(20) NOT NULL,
  `operateURI` varchar(150) NOT NULL,
  `content` text NOT NULL
) ENGINE=MyISAM DEFAULT CHARSET=utf8;

-- --------------------------------------------------------

--
-- Table structure for table `wst_log_orders`
--

CREATE TABLE `wst_log_orders` (
  `logId` int(11) NOT NULL,
  `orderId` int(11) NOT NULL,
  `logContent` varchar(255) NOT NULL,
  `logUserId` int(11) NOT NULL,
  `logType` tinyint(4) NOT NULL DEFAULT '0',
  `logTime` datetime NOT NULL
) ENGINE=MyISAM DEFAULT CHARSET=utf8;

--
-- Dumping data for table `wst_log_orders`
--

INSERT INTO `wst_log_orders` (`logId`, `orderId`, `logContent`, `logUserId`, `logType`, `logTime`) VALUES
(1, 1, '下单成功', 44, 0, '2016-10-18 14:17:23'),
(2, 1, '商家已受理订单', 41, 0, '2016-10-18 14:20:49'),
(3, 2, '下单成功', 44, 0, '2016-10-18 14:21:34'),
(4, 2, '商家已受理订单', 41, 0, '2016-10-18 14:29:16'),
(5, 3, '下单成功', 41, 0, '2016-10-18 15:05:55'),
(6, 3, '商家已受理订单', 41, 0, '2016-10-18 15:11:20'),
(7, 4, '下单成功', 41, 0, '2016-10-18 15:27:13'),
(8, 4, '商家已受理订单', 41, 0, '2016-10-18 15:28:52'),
(9, 5, '下单成功', 41, 0, '2016-10-18 15:30:50'),
(10, 5, '商家已受理订单', 41, 0, '2016-10-18 15:32:24'),
(11, 6, '下单成功', 41, 0, '2016-10-18 16:27:54'),
(12, 7, '下单成功', 41, 0, '2016-10-18 16:28:54'),
(13, 8, '下单成功', 41, 0, '2016-10-18 16:29:34'),
(14, 9, '下单成功', 41, 0, '2016-10-18 16:30:38'),
(15, 10, '下单成功', 41, 0, '2016-10-18 16:31:18'),
(16, 10, '商家已受理订单', 41, 0, '2016-10-18 16:41:40'),
(17, 9, '商家已受理订单', 41, 0, '2016-10-18 16:41:40'),
(18, 8, '商家已受理订单', 41, 0, '2016-10-18 16:41:40'),
(19, 7, '商家已受理订单', 41, 0, '2016-10-18 16:41:40'),
(20, 6, '商家已受理订单', 41, 0, '2016-10-18 16:41:40'),
(21, 11, '下单成功', 41, 0, '2016-10-18 16:51:30'),
(22, 12, '下单成功', 41, 0, '2016-10-18 16:56:46'),
(23, 13, '下单成功', 41, 0, '2016-10-18 16:58:05'),
(24, 14, '下单成功', 41, 0, '2016-10-18 16:59:39'),
(25, 15, '下单成功', 41, 0, '2016-10-18 17:02:00'),
(26, 16, '下单成功', 41, 0, '2016-10-18 17:03:28'),
(27, 16, '商家已受理订单', 41, 0, '2016-10-18 17:05:10'),
(28, 15, '商家已受理订单', 41, 0, '2016-10-18 17:05:12'),
(29, 14, '商家已受理订单', 41, 0, '2016-10-18 17:05:12'),
(30, 13, '商家已受理订单', 41, 0, '2016-10-18 17:05:12'),
(31, 12, '商家已受理订单', 41, 0, '2016-10-18 17:05:12'),
(32, 11, '商家已受理订单', 41, 0, '2016-10-18 17:05:12'),
(33, 17, '下单成功', 41, 0, '2016-10-18 17:05:07'),
(34, 17, '商家已受理订单', 41, 0, '2016-10-18 17:07:16'),
(35, 18, '下单成功', 41, 0, '2016-10-18 17:06:29'),
(36, 19, '下单成功', 41, 0, '2016-10-18 17:07:41'),
(37, 19, '商家已受理订单', 41, 0, '2016-10-18 17:09:25'),
(38, 18, '商家已受理订单', 41, 0, '2016-10-18 17:09:28'),
(39, 20, '下单成功', 41, 0, '2016-10-18 17:40:07'),
(40, 21, '下单成功', 44, 0, '2016-10-18 17:43:40'),
(41, 22, '下单成功', 41, 0, '2016-10-18 18:16:13'),
(42, 23, '下单成功', 47, 0, '2016-10-18 19:16:55'),
(43, 23, '商家已受理订单', 41, 0, '2016-10-18 21:38:38'),
(44, 22, '商家已受理订单', 41, 0, '2016-10-18 21:38:40'),
(45, 21, '商家已受理订单', 41, 0, '2016-10-18 21:39:17'),
(46, 20, '商家已受理订单', 41, 0, '2016-10-18 21:39:32'),
(47, 24, '下单成功', 47, 0, '2016-10-19 10:16:28'),
(48, 24, '商家已受理订单', 41, 0, '2016-10-19 11:32:22'),
(49, 25, '下单成功', 47, 0, '2016-10-19 11:38:37'),
(50, 25, '商家已受理订单', 41, 0, '2016-10-19 14:04:03'),
(51, 26, '下单成功', 41, 0, '2016-10-19 14:41:17'),
(52, 25, '订单打包中', 41, 0, '2016-10-19 15:50:08'),
(53, 25, '商家已发货', 41, 0, '2016-10-19 15:50:14'),
(54, 26, '商家已受理订单', 41, 0, '2016-10-19 16:02:10'),
(55, 27, '下单成功', 47, 0, '2016-10-19 16:27:58'),
(56, 28, '下单成功', 44, 0, '2016-10-19 17:53:06'),
(57, 29, '订单已提交，等待支付', 41, 0, '2016-10-20 10:22:41'),
(58, 28, '商家已受理订单', 41, 0, '2016-10-20 10:30:46'),
(59, 27, '商家已受理订单', 41, 0, '2016-10-20 10:30:49'),
(60, 28, '订单打包中', 41, 0, '2016-10-20 10:44:45'),
(61, 28, '商家已发货', 41, 0, '2016-10-20 10:44:51'),
(62, 26, '订单打包中', 41, 0, '2016-10-20 14:00:15'),
(63, 24, '订单打包中', 41, 0, '2016-10-20 14:00:18'),
(64, 23, '订单打包中', 41, 0, '2016-10-20 14:00:20'),
(65, 27, '订单打包中', 41, 0, '2016-10-20 14:00:24'),
(66, 22, '订单打包中', 41, 0, '2016-10-20 14:00:27'),
(67, 27, '商家已发货', 41, 0, '2016-10-20 14:00:31'),
(68, 24, '商家已发货', 41, 0, '2016-10-20 14:00:35'),
(69, 23, '商家已发货', 41, 0, '2016-10-20 14:00:37'),
(70, 26, '商家已发货', 41, 0, '2016-10-20 14:00:39'),
(71, 22, '商家已发货', 41, 0, '2016-10-20 14:00:43'),
(72, 26, '用户已收货', 41, 0, '2016-10-20 14:01:16'),
(73, 30, '下单成功', 44, 0, '2016-10-20 16:56:31'),
(74, 30, '商家已受理订单', 41, 0, '2016-10-20 17:40:07'),
(75, 30, '订单打包中', 41, 0, '2016-10-20 17:40:17'),
(76, 30, '商家已发货', 41, 0, '2016-10-20 17:40:39'),
(77, 21, '订单打包中', 41, 0, '2016-10-20 17:56:18'),
(78, 20, '订单打包中', 41, 0, '2016-10-20 17:56:21'),
(79, 21, '商家已发货', 41, 0, '2016-10-20 17:56:26'),
(80, 20, '商家已发货', 41, 0, '2016-10-20 17:56:29'),
(81, 5, '订单打包中', 41, 0, '2016-10-20 17:58:30'),
(82, 6, '订单打包中', 41, 0, '2016-10-20 17:58:45'),
(83, 2, '订单打包中', 41, 0, '2016-10-20 17:59:06'),
(84, 1, '订单打包中', 41, 0, '2016-10-20 17:59:14'),
(85, 6, '商家已发货', 41, 0, '2016-10-20 17:59:21'),
(86, 5, '商家已发货', 41, 0, '2016-10-20 17:59:24'),
(87, 2, '商家已发货', 41, 0, '2016-10-20 17:59:26'),
(88, 1, '商家已发货', 41, 0, '2016-10-20 17:59:28'),
(89, 31, '下单成功', 44, 0, '2016-10-20 18:13:56'),
(90, 32, '下单成功', 47, 0, '2016-10-20 18:22:55'),
(91, 33, '订单已提交，等待支付', 47, 0, '2016-10-20 18:27:15'),
(92, 34, '订单已提交，等待支付', 47, 0, '2016-10-20 18:28:52'),
(93, 35, '订单已提交，等待支付', 47, 0, '2016-10-20 18:30:33'),
(94, 36, '订单已提交，等待支付', 47, 0, '2016-10-20 21:03:44'),
(95, 37, '订单已提交，等待支付', 47, 0, '2016-10-20 21:06:21'),
(96, 38, '订单已提交，等待支付', 47, 0, '2016-10-20 21:13:13'),
(97, 39, '订单已提交，等待支付', 47, 0, '2016-10-20 21:55:39'),
(98, 40, '订单已提交，等待支付', 47, 0, '2016-10-21 00:05:09'),
(99, 41, '订单已提交，等待支付', 47, 0, '2016-10-21 00:07:37'),
(100, 6, '用户已收货', 41, 0, '2016-10-21 08:53:22'),
(101, 22, '用户已收货', 41, 0, '2016-10-21 08:53:24'),
(102, 42, '订单已提交，等待支付', 44, 0, '2016-10-21 09:20:39'),
(103, 43, '订单已提交，等待支付', 44, 0, '2016-10-21 09:32:33'),
(104, 44, '订单已提交，等待支付', 44, 0, '2016-10-21 09:34:54'),
(105, 45, '订单已提交，等待支付', 44, 0, '2016-10-21 09:45:03'),
(106, 46, '订单已提交，等待支付', 41, 0, '2016-10-21 16:40:35'),
(107, 47, '订单已提交，等待支付', 41, 0, '2016-10-21 16:42:13'),
(108, 48, '订单已提交，等待支付', 44, 0, '2016-10-22 14:51:38'),
(109, 49, '订单已提交，等待支付', 41, 0, '2016-10-22 14:53:41'),
(110, 50, '订单已提交，等待支付', 47, 0, '2016-10-24 10:30:12'),
(111, 51, '订单已提交，等待支付', 47, 0, '2016-10-24 10:31:36'),
(112, 52, '下单成功', 41, 0, '2016-10-24 10:58:04'),
(113, 52, '商家已受理订单', 41, 0, '2016-10-24 10:58:32'),
(114, 52, '订单打包中', 41, 0, '2016-10-24 10:58:39'),
(115, 52, '商家已发货', 41, 0, '2016-10-24 10:58:42'),
(116, 52, '用户已收货', 41, 0, '2016-10-24 10:59:12'),
(117, 53, '订单已提交，等待支付', 47, 0, '2016-10-24 11:46:23'),
(118, 54, '订单已提交，等待支付', 47, 0, '2016-10-24 14:33:27'),
(119, 55, '订单已提交，等待支付', 47, 0, '2016-10-24 14:34:48'),
(120, 56, '订单已提交，等待支付', 41, 0, '2016-10-24 14:48:38'),
(121, 57, '订单已提交，等待支付', 41, 0, '2016-10-24 15:30:04'),
(122, 58, '订单已提交，等待支付', 41, 0, '2016-10-24 17:43:46'),
(123, 59, '订单已提交，等待支付', 44, 0, '2016-10-24 17:58:22'),
(124, 60, '订单已提交，等待支付', 41, 0, '2016-10-24 18:53:23'),
(125, 27, '用户已收货', 47, 0, '2016-10-25 11:17:10'),
(126, 25, '用户已收货', 47, 0, '2016-10-25 11:17:19'),
(127, 24, '用户已收货', 47, 0, '2016-10-25 11:17:23'),
(128, 23, '用户已收货', 47, 0, '2016-10-25 11:17:26'),
(129, 61, '下单成功', 47, 0, '2016-10-26 08:59:41'),
(130, 61, '商家已受理订单', 41, 0, '2016-10-26 09:01:33'),
(131, 32, '商家已受理订单', 41, 0, '2016-10-26 09:01:39'),
(132, 31, '商家已受理订单', 41, 0, '2016-10-26 09:01:44'),
(133, 61, '订单打包中', 41, 0, '2016-10-26 09:02:15'),
(134, 32, '订单打包中', 41, 0, '2016-10-26 09:02:18'),
(135, 61, '商家已发货', 41, 0, '2016-10-26 09:02:30'),
(136, 32, '商家已发货', 41, 0, '2016-10-26 09:02:33'),
(137, 30, '用户已收货', 44, 0, '2016-10-26 09:53:11'),
(138, 28, '用户拒收：b', 44, 0, '2016-10-26 10:09:41'),
(139, 28, '商家同意拒收', 41, 0, '2016-10-26 10:25:59'),
(140, 21, '用户已收货', 44, 0, '2016-10-26 11:27:05'),
(141, 2, '用户已收货', 44, 0, '2016-10-26 11:27:15'),
(142, 1, '用户已收货', 44, 0, '2016-10-26 11:27:55'),
(143, 31, '订单打包中', 41, 0, '2016-10-26 11:32:26'),
(144, 31, '商家已发货', 41, 0, '2016-10-26 11:32:31'),
(145, 31, '用户已收货', 44, 0, '2016-10-26 11:32:45'),
(146, 62, '下单成功', 41, 0, '2016-10-26 11:33:50'),
(147, 62, '商家已受理订单', 41, 0, '2016-10-26 11:34:39'),
(148, 62, '订单打包中', 41, 0, '2016-10-26 11:34:46'),
(149, 19, '订单打包中', 41, 0, '2016-10-26 11:34:49'),
(150, 18, '订单打包中', 41, 0, '2016-10-26 11:34:52'),
(151, 62, '商家已发货', 41, 0, '2016-10-26 11:34:57'),
(152, 19, '商家已发货', 41, 0, '2016-10-26 11:34:59'),
(153, 18, '商家已发货', 41, 0, '2016-10-26 11:35:01'),
(154, 63, '下单成功', 44, 0, '2016-10-26 11:48:41'),
(155, 64, '下单成功', 44, 0, '2016-10-26 11:49:01'),
(156, 65, '下单成功', 44, 0, '2016-10-26 11:49:18'),
(157, 65, '商家已受理订单', 41, 0, '2016-10-26 11:49:31'),
(158, 64, '商家已受理订单', 41, 0, '2016-10-26 11:49:33'),
(159, 63, '商家已受理订单', 41, 0, '2016-10-26 11:49:35'),
(160, 65, '订单打包中', 41, 0, '2016-10-26 11:49:39'),
(161, 64, '订单打包中', 41, 0, '2016-10-26 11:49:42'),
(162, 63, '订单打包中', 41, 0, '2016-10-26 11:49:46'),
(163, 16, '订单打包中', 41, 0, '2016-10-26 11:49:48'),
(164, 17, '订单打包中', 41, 0, '2016-10-26 11:49:51'),
(165, 15, '订单打包中', 41, 0, '2016-10-26 11:49:53'),
(166, 14, '订单打包中', 41, 0, '2016-10-26 11:49:54'),
(167, 13, '订单打包中', 41, 0, '2016-10-26 11:49:57'),
(168, 65, '商家已发货', 41, 0, '2016-10-26 11:50:05'),
(169, 64, '商家已发货', 41, 0, '2016-10-26 11:50:07'),
(170, 63, '商家已发货', 41, 0, '2016-10-26 11:50:10'),
(171, 17, '商家已发货', 41, 0, '2016-10-26 11:50:12'),
(172, 16, '商家已发货', 41, 0, '2016-10-26 11:50:14'),
(173, 15, '商家已发货', 41, 0, '2016-10-26 11:50:17'),
(174, 14, '商家已发货', 41, 0, '2016-10-26 11:50:19'),
(175, 63, '用户已收货', 44, 0, '2016-10-26 11:54:07'),
(176, 66, '下单成功', 47, 0, '2016-10-26 14:38:33'),
(177, 66, '商家已受理订单', 41, 0, '2016-10-26 14:39:37'),
(178, 67, '下单成功', 44, 0, '2016-10-27 11:58:11'),
(179, 67, '商家已受理订单', 41, 0, '2016-10-27 11:59:25'),
(180, 67, '订单打包中', 41, 0, '2016-10-27 11:59:29'),
(181, 67, '商家已发货', 41, 0, '2016-10-27 11:59:32'),
(182, 67, '用户已收货', 44, 0, '2016-10-27 12:00:35'),
(183, 65, '用户已收货', 44, 0, '2016-10-27 16:36:31'),
(184, 68, '下单成功', 44, 0, '2016-10-27 16:43:50'),
(185, 69, '订单已提交，等待支付', 44, 0, '2016-10-27 16:44:30'),
(186, 64, '用户已收货', 44, 0, '2016-10-27 16:48:55'),
(187, 70, '下单成功', 44, 0, '2016-10-27 16:49:48'),
(188, 71, '下单成功', 44, 0, '2016-10-27 16:50:12'),
(189, 71, '商家已受理订单', 41, 0, '2016-10-27 16:51:02'),
(190, 70, '商家已受理订单', 41, 0, '2016-10-27 16:51:04'),
(191, 68, '商家已受理订单', 41, 0, '2016-10-27 16:51:07'),
(192, 71, '订单打包中', 41, 0, '2016-10-27 16:51:10'),
(193, 70, '订单打包中', 41, 0, '2016-10-27 16:51:13'),
(194, 68, '订单打包中', 41, 0, '2016-10-27 16:51:15'),
(195, 66, '订单打包中', 41, 0, '2016-10-27 16:51:17'),
(196, 71, '商家已发货', 41, 0, '2016-10-27 16:51:20'),
(197, 70, '商家已发货', 41, 0, '2016-10-27 16:51:22'),
(198, 68, '商家已发货', 41, 0, '2016-10-27 16:51:24'),
(199, 62, '用户已收货', 41, 0, '2016-10-27 16:52:13'),
(200, 20, '用户已收货', 41, 0, '2016-10-27 16:53:22'),
(201, 19, '用户已收货', 41, 0, '2016-10-27 16:53:25'),
(202, 17, '用户已收货', 41, 0, '2016-10-27 16:53:28'),
(203, 72, '订单已提交，等待支付', 41, 0, '2016-10-27 17:08:35'),
(204, 73, '订单已提交，等待支付', 41, 0, '2016-10-28 14:00:23'),
(205, 74, '订单已提交，等待支付', 41, 0, '2016-10-28 14:22:16'),
(206, 75, '订单已提交，等待支付', 41, 0, '2016-10-28 14:39:05'),
(207, 76, '订单已提交，等待支付', 41, 0, '2016-10-28 14:58:45'),
(208, 77, '订单已提交，等待支付', 44, 0, '2016-10-28 15:05:45'),
(209, 78, '订单已提交，等待支付', 44, 0, '2016-10-28 15:06:41'),
(210, 5, '系统自动确认收货', 41, 0, '2016-10-31 14:57:22'),
(211, 79, '订单已提交，等待支付', 47, 0, '2016-11-01 15:32:22'),
(212, 80, '订单已提交，等待支付', 47, 0, '2016-11-01 16:37:42'),
(213, 81, '订单已提交，等待支付', 47, 0, '2016-11-02 15:38:33'),
(214, 82, '订单已提交，等待支付', 47, 0, '2016-11-02 15:39:44'),
(215, 71, '用户已收货', 44, 0, '2016-11-03 11:05:13'),
(216, 83, '下单成功', 47, 0, '2016-11-03 15:29:52'),
(217, 18, '用户已收货', 41, 0, '2016-11-03 17:43:25'),
(218, 16, '用户已收货', 41, 0, '2016-11-03 17:46:02'),
(219, 84, '订单已提交，等待支付', 41, 0, '2016-11-04 08:44:23'),
(220, 85, '订单已提交，等待支付', 47, 0, '2016-11-04 08:49:57'),
(221, 86, '订单已提交，等待支付', 47, 0, '2016-11-04 08:51:02'),
(222, 87, '订单已提交，等待支付', 47, 0, '2016-11-04 08:51:48'),
(223, 88, '订单已提交，等待支付', 58, 0, '2016-11-04 09:07:41'),
(224, 89, '下单成功', 47, 0, '2016-11-04 09:32:15'),
(225, 90, '订单已提交，等待支付', 41, 0, '2016-11-04 10:00:20'),
(226, 91, '订单已提交，等待支付', 41, 0, '2016-11-04 10:05:14'),
(227, 92, '订单已提交，等待支付', 41, 0, '2016-11-04 10:12:14'),
(228, 15, '用户已收货', 41, 0, '2016-11-04 10:19:57'),
(229, 93, '下单成功', 47, 0, '2016-11-04 10:31:53'),
(230, 94, '订单已提交，等待支付', 41, 0, '2016-11-04 10:45:59'),
(231, 95, '订单已提交，等待支付', 41, 0, '2016-11-04 11:01:09'),
(232, 96, '订单已提交，等待支付', 41, 0, '2016-11-04 11:03:38'),
(233, 97, '订单已提交，等待支付', 41, 0, '2016-11-04 11:04:14'),
(234, 98, '订单已提交，等待支付', 41, 0, '2016-11-04 11:05:14'),
(235, 99, '订单已提交，等待支付', 41, 0, '2016-11-04 11:05:59'),
(236, 100, '订单已提交，等待支付', 41, 0, '2016-11-04 11:06:26'),
(237, 101, '订单已提交，等待支付', 41, 0, '2016-11-04 11:07:06'),
(238, 93, '商家已受理订单', 41, 0, '2016-11-04 14:50:20'),
(239, 89, '商家已受理订单', 41, 0, '2016-11-04 14:50:22'),
(240, 83, '商家已受理订单', 41, 0, '2016-11-04 14:50:25'),
(241, 102, '订单已提交，等待支付', 44, 0, '2016-11-05 09:16:20'),
(242, 103, '订单已提交，等待支付', 44, 0, '2016-11-05 09:17:48'),
(243, 104, '订单已提交，等待支付', 44, 0, '2016-11-05 09:20:02'),
(244, 105, '订单已提交，等待支付', 44, 0, '2016-11-05 09:20:32');

-- --------------------------------------------------------

--
-- Table structure for table `wst_log_sms`
--

CREATE TABLE `wst_log_sms` (
  `smsId` int(11) NOT NULL,
  `smsSrc` tinyint(4) DEFAULT '0',
  `smsUserId` int(11) DEFAULT '0',
  `smsContent` varchar(255) DEFAULT NULL,
  `smsPhoneNumber` varchar(11) DEFAULT NULL,
  `smsReturnCode` varchar(255) DEFAULT NULL,
  `smsFunc` varchar(50) DEFAULT NULL,
  `createTime` datetime DEFAULT NULL,
  `smsCode` varchar(20) DEFAULT NULL,
  `smsIP` varchar(20) DEFAULT NULL
) ENGINE=MyISAM DEFAULT CHARSET=utf8;

-- --------------------------------------------------------

--
-- Table structure for table `wst_log_staff_logins`
--

CREATE TABLE `wst_log_staff_logins` (
  `loginId` int(11) NOT NULL,
  `staffId` int(11) NOT NULL,
  `loginTime` datetime NOT NULL,
  `loginIp` varchar(16) NOT NULL
) ENGINE=MyISAM DEFAULT CHARSET=utf8;

--
-- Dumping data for table `wst_log_staff_logins`
--

INSERT INTO `wst_log_staff_logins` (`loginId`, `staffId`, `loginTime`, `loginIp`) VALUES
(178, 1, '2015-06-02 22:50:57', '127.0.0.1'),
(179, 1, '2015-06-04 22:37:16', '127.0.0.1'),
(180, 1, '2016-10-13 15:12:02', '0.0.0.0'),
(181, 1, '2016-10-15 11:32:23', '0.0.0.0'),
(182, 1, '2016-10-15 17:56:05', '0.0.0.0'),
(183, 1, '2016-10-16 09:55:12', '0.0.0.0'),
(184, 1, '2016-10-16 15:46:26', '0.0.0.0'),
(185, 1, '2016-10-16 16:14:25', '0.0.0.0'),
(186, 1, '2016-10-17 09:25:22', '0.0.0.0'),
(187, 1, '2016-10-17 09:27:03', '0.0.0.0'),
(188, 1, '2016-10-17 20:39:40', '127.0.0.1'),
(189, 1, '2016-10-17 20:41:26', '0.0.0.0'),
(190, 1, '2016-10-18 08:40:21', '0.0.0.0'),
(191, 1, '2016-10-18 08:59:21', '127.0.0.1'),
(192, 1, '2016-10-18 10:50:52', '0.0.0.0'),
(193, 1, '2016-10-18 14:15:32', '127.0.0.1'),
(194, 1, '2016-10-18 14:35:50', '127.0.0.1'),
(195, 1, '2016-10-18 15:19:19', '127.0.0.1'),
(196, 1, '2016-10-19 08:43:12', '127.0.0.1'),
(197, 1, '2016-10-19 09:00:46', '127.0.0.1'),
(198, 1, '2016-10-19 11:50:35', '0.0.0.0'),
(199, 1, '2016-10-19 11:54:48', '0.0.0.0'),
(200, 1, '2016-10-20 10:09:36', '127.0.0.1'),
(201, 1, '2016-10-20 10:13:18', '127.0.0.1'),
(202, 1, '2016-10-21 20:39:15', '0.0.0.0'),
(203, 1, '2016-10-21 21:15:30', '127.0.0.1'),
(204, 1, '2016-10-24 10:33:53', '0.0.0.0'),
(205, 1, '2016-10-24 14:41:40', '127.0.0.1'),
(206, 1, '2016-10-26 13:52:00', '127.0.0.1'),
(207, 1, '2016-10-26 17:28:05', '0.0.0.0'),
(208, 1, '2016-10-27 08:48:29', '127.0.0.1'),
(209, 1, '2016-10-27 09:30:08', '0.0.0.0'),
(210, 1, '2016-10-27 10:41:17', '127.0.0.1'),
(211, 1, '2016-10-27 11:25:59', '127.0.0.1'),
(212, 1, '2016-10-27 14:27:40', '127.0.0.1'),
(213, 1, '2016-10-27 17:14:45', '127.0.0.1'),
(214, 1, '2016-10-28 09:35:06', '0.0.0.0'),
(215, 1, '2016-10-31 14:57:34', '127.0.0.1'),
(216, 1, '2016-10-31 15:31:34', '127.0.0.1'),
(217, 1, '2016-10-31 17:35:01', '0.0.0.0'),
(218, 1, '2016-11-01 09:03:46', '127.0.0.1'),
(219, 1, '2016-11-01 09:29:19', '127.0.0.1'),
(220, 1, '2016-11-01 11:01:36', '127.0.0.1'),
(221, 1, '2016-11-03 10:56:51', '127.0.0.1'),
(222, 1, '2016-11-03 11:36:39', '127.0.0.1'),
(223, 1, '2016-11-03 17:03:28', '127.0.0.1'),
(224, 1, '2016-11-04 08:47:35', '0.0.0.0'),
(225, 1, '2016-11-04 08:46:57', '127.0.0.1'),
(226, 1, '2016-11-04 08:53:34', '127.0.0.1'),
(227, 1, '2016-11-04 09:10:59', '0.0.0.0'),
(228, 1, '2016-11-04 09:14:05', '127.0.0.1'),
(229, 1, '2016-11-04 09:29:28', '127.0.0.1'),
(230, 1, '2016-11-04 13:41:43', '127.0.0.1'),
(231, 1, '2016-11-04 14:17:35', '127.0.0.1');

-- --------------------------------------------------------

--
-- Table structure for table `wst_log_sys_moneys`
--

CREATE TABLE `wst_log_sys_moneys` (
  `moneyId` int(11) NOT NULL,
  `targetType` tinyint(4) NOT NULL DEFAULT '0',
  `targetId` int(11) NOT NULL DEFAULT '0',
  `dataSrc` int(11) NOT NULL DEFAULT '0',
  `dataId` int(11) NOT NULL DEFAULT '0',
  `moneyRemark` text,
  `moneyType` tinyint(4) NOT NULL DEFAULT '0',
  `money` decimal(11,2) NOT NULL DEFAULT '0.00',
  `createTime` datetime DEFAULT NULL,
  `dataFlag` tinyint(4) DEFAULT '1'
) ENGINE=MyISAM DEFAULT CHARSET=utf8;

--
-- Dumping data for table `wst_log_sys_moneys`
--

INSERT INTO `wst_log_sys_moneys` (`moneyId`, `targetType`, `targetId`, `dataSrc`, `dataId`, `moneyRemark`, `moneyType`, `money`, `createTime`, `dataFlag`) VALUES
(1, 1, 34, 1, 26, '收取订单【1000000385】1.00%的佣金 ￥2.00', 1, '2.00', '2016-10-20 14:01:16', 1),
(2, 1, 34, 1, 6, '收取订单【1000000175】1.00%的佣金 ￥1.00', 1, '1.00', '2016-10-21 08:53:22', 1),
(3, 1, 34, 1, 22, '收取订单【1000000341】1.00%的佣金 ￥1.00', 1, '1.00', '2016-10-21 08:53:24', 1),
(4, 1, 34, 1, 52, '收取订单【1000000643】1.00%的佣金 ￥1.00', 1, '1.00', '2016-10-24 10:59:12', 1),
(5, 1, 34, 1, 27, '收取订单【1000000396】1.00%的佣金 ￥1.00', 1, '1.00', '2016-10-25 11:17:09', 1),
(6, 1, 34, 1, 25, '收取订单【1000000374】1.00%的佣金 ￥2.00', 1, '2.00', '2016-10-25 11:17:19', 1),
(7, 1, 34, 1, 24, '收取订单【1000000363】1.00%的佣金 ￥2.00', 1, '2.00', '2016-10-25 11:17:23', 1),
(8, 1, 34, 1, 23, '收取订单【1000000352】1.00%的佣金 ￥1.00', 1, '1.00', '2016-10-25 11:17:26', 1),
(9, 1, 34, 1, 30, '收取订单【1000000422】1.00%的佣金 ￥4.00', 1, '4.00', '2016-10-26 09:53:11', 1),
(10, 1, 34, 1, 21, '收取订单【1000000330】1.00%的佣金 ￥1.00', 1, '1.00', '2016-10-26 11:27:05', 1),
(11, 1, 34, 1, 2, '收取订单【1000000024】1.00%的佣金 ￥7.00', 1, '7.00', '2016-10-26 11:27:15', 1),
(12, 1, 34, 1, 1, '收取订单【1000000013】1.00%的佣金 ￥1.00', 1, '1.00', '2016-10-26 11:27:55', 1),
(13, 1, 34, 1, 31, '收取订单【1000000433】1.00%的佣金 ￥1.00', 1, '1.00', '2016-10-26 11:32:45', 1),
(14, 1, 34, 1, 63, '收取订单【1000000750】1.00%的佣金 ￥5.00', 1, '5.00', '2016-10-26 11:54:07', 1),
(15, 1, 34, 1, 67, '收取订单【1000000794】1.00%的佣金 ￥4.00', 1, '4.00', '2016-10-27 12:00:35', 1),
(16, 1, 34, 1, 65, '收取订单【1000000772】1.00%的佣金 ￥1.00', 1, '1.00', '2016-10-27 16:36:31', 1),
(17, 1, 34, 1, 64, '收取订单【1000000761】1.00%的佣金 ￥1.00', 1, '1.00', '2016-10-27 16:48:55', 1),
(18, 1, 34, 1, 62, '收取订单【1000000746】1.00%的佣金 ￥1.00', 1, '1.00', '2016-10-27 16:52:12', 1),
(19, 1, 34, 1, 20, '收取订单【1000000326】1.00%的佣金 ￥1.00', 1, '1.00', '2016-10-27 16:53:22', 1),
(20, 1, 34, 1, 19, '收取订单【1000000315】1.00%的佣金 ￥1.00', 1, '1.00', '2016-10-27 16:53:25', 1),
(21, 1, 34, 1, 17, '收取订单【1000000293】1.00%的佣金 ￥1.00', 1, '1.00', '2016-10-27 16:53:28', 1),
(22, 1, 34, 1, 5, '收取订单【1000000083】1.00%的佣金 ￥2.00', 1, '2.00', '2016-10-31 14:57:22', 1),
(23, 1, 34, 1, 71, '收取订单【1000000831】1.00%的佣金 ￥9.00', 1, '9.00', '2016-11-03 11:05:13', 1),
(24, 1, 34, 1, 18, '收取订单【1000000304】1.00%的佣金 ￥1.00', 1, '1.00', '2016-11-03 17:43:25', 1);

-- --------------------------------------------------------

--
-- Table structure for table `wst_log_user_logins`
--

CREATE TABLE `wst_log_user_logins` (
  `loginId` int(11) NOT NULL,
  `userId` int(11) NOT NULL,
  `loginTime` datetime NOT NULL,
  `loginIp` varchar(16) NOT NULL,
  `loginSrc` tinyint(3) UNSIGNED DEFAULT '0' COMMENT '0:商城  1:webapp  2:App',
  `loginRemark` varchar(30) DEFAULT NULL COMMENT '登录备注信息'
) ENGINE=MyISAM DEFAULT CHARSET=utf8;

--
-- Dumping data for table `wst_log_user_logins`
--

INSERT INTO `wst_log_user_logins` (`loginId`, `userId`, `loginTime`, `loginIp`, `loginSrc`, `loginRemark`) VALUES
(1, 40, '2016-10-13 17:28:08', '0.0.0.0', 0, NULL),
(2, 40, '2016-10-13 17:32:50', '0.0.0.0', 0, NULL),
(3, 41, '2016-10-13 17:33:17', '0.0.0.0', 0, NULL),
(4, 41, '2016-10-13 17:37:09', '0.0.0.0', 0, NULL),
(5, 41, '2016-10-13 17:52:53', '0.0.0.0', 0, NULL),
(6, 41, '2016-10-14 08:17:45', '0.0.0.0', 0, NULL),
(7, 41, '2016-10-14 15:30:30', '0.0.0.0', 0, NULL),
(8, 41, '2016-10-14 16:20:35', '0.0.0.0', 0, NULL),
(9, 41, '2016-10-14 16:30:18', '0.0.0.0', 0, NULL),
(10, 41, '2016-10-14 16:31:23', '0.0.0.0', 0, NULL),
(11, 41, '2016-10-14 16:46:23', '0.0.0.0', 0, NULL),
(12, 41, '2016-10-15 08:18:21', '0.0.0.0', 0, NULL),
(13, 41, '2016-10-15 09:59:59', '0.0.0.0', 0, NULL),
(14, 41, '2016-10-15 10:01:59', '0.0.0.0', 0, NULL),
(15, 41, '2016-10-15 10:03:30', '0.0.0.0', 0, NULL),
(16, 41, '2016-10-15 10:04:00', '0.0.0.0', 0, NULL),
(17, 41, '2016-10-15 10:10:29', '0.0.0.0', 0, NULL),
(18, 41, '2016-10-15 11:40:10', '0.0.0.0', 0, NULL),
(19, 41, '2016-10-15 14:17:06', '0.0.0.0', 0, NULL),
(20, 41, '2016-10-15 16:31:13', '0.0.0.0', 0, NULL),
(21, 41, '2016-10-16 08:17:13', '0.0.0.0', 0, NULL),
(22, 41, '2016-10-16 15:45:30', '0.0.0.0', 0, NULL),
(23, 41, '2016-10-17 08:43:43', '0.0.0.0', 0, NULL),
(24, 41, '2016-10-17 14:53:46', '0.0.0.0', 0, NULL),
(25, 41, '2016-10-17 15:49:10', '0.0.0.0', 0, NULL),
(26, 41, '2016-10-17 15:50:16', '0.0.0.0', 0, NULL),
(27, 41, '2016-10-17 15:51:11', '0.0.0.0', 0, NULL),
(28, 41, '2016-10-17 15:52:17', '0.0.0.0', 0, NULL),
(29, 41, '2016-10-17 15:54:14', '0.0.0.0', 0, NULL),
(30, 41, '2016-10-17 15:55:02', '0.0.0.0', 0, NULL),
(31, 41, '2016-10-17 15:55:53', '0.0.0.0', 0, NULL),
(32, 41, '2016-10-17 15:57:23', '0.0.0.0', 0, NULL),
(33, 41, '2016-10-17 15:58:48', '0.0.0.0', 0, NULL),
(34, 41, '2016-10-17 16:01:33', '0.0.0.0', 0, NULL),
(35, 41, '2016-10-17 16:07:29', '0.0.0.0', 0, NULL),
(36, 41, '2016-10-17 16:08:15', '0.0.0.0', 0, NULL),
(37, 41, '2016-10-17 17:18:49', '0.0.0.0', 0, NULL),
(38, 41, '2016-10-17 17:56:47', '0.0.0.0', 0, NULL),
(39, 41, '2016-10-17 17:57:46', '0.0.0.0', 0, NULL),
(40, 41, '2016-10-17 18:00:37', '0.0.0.0', 0, NULL),
(41, 41, '2016-10-17 20:07:35', '0.0.0.0', 0, NULL),
(42, 41, '2016-10-17 20:08:44', '0.0.0.0', 0, NULL),
(43, 41, '2016-10-17 20:10:17', '0.0.0.0', 0, NULL),
(44, 41, '2016-10-17 20:11:07', '0.0.0.0', 0, NULL),
(45, 41, '2016-10-17 20:12:30', '0.0.0.0', 0, NULL),
(46, 41, '2016-10-17 20:13:16', '0.0.0.0', 0, NULL),
(47, 41, '2016-10-17 20:17:53', '0.0.0.0', 0, NULL),
(48, 41, '2016-10-17 20:19:03', '0.0.0.0', 0, NULL),
(49, 41, '2016-10-17 20:38:46', '127.0.0.1', 0, NULL),
(50, 42, '2016-10-17 21:08:47', '127.0.0.1', 0, NULL),
(51, 42, '2016-10-17 21:09:10', '0.0.0.0', 0, NULL),
(52, 42, '2016-10-17 21:10:05', '127.0.0.1', 0, NULL),
(53, 41, '2016-10-17 21:12:10', '0.0.0.0', 0, NULL),
(54, 41, '2016-10-17 21:14:04', '127.0.0.1', 0, NULL),
(55, 41, '2016-10-17 21:28:04', '127.0.0.1', 0, NULL),
(56, 41, '2016-10-18 08:28:29', '0.0.0.0', 0, NULL),
(57, 41, '2016-10-18 08:30:00', '127.0.0.1', 0, NULL),
(58, 41, '2016-10-18 08:38:18', '0.0.0.0', 0, NULL),
(59, 41, '2016-10-18 08:58:00', '127.0.0.1', 0, NULL),
(60, 41, '2016-10-18 09:26:21', '127.0.0.1', 0, NULL),
(61, 41, '2016-10-18 09:48:33', '127.0.0.1', 0, NULL),
(62, 43, '2016-10-18 09:50:49', '127.0.0.1', 0, NULL),
(63, 41, '2016-10-18 10:11:49', '127.0.0.1', 0, NULL),
(64, 41, '2016-10-18 10:24:24', '127.0.0.1', 0, NULL),
(65, 41, '2016-10-18 10:30:25', '127.0.0.1', 0, NULL),
(66, 41, '2016-10-18 10:41:23', '0.0.0.0', 0, NULL),
(67, 41, '2016-10-18 10:59:21', '127.0.0.1', 0, NULL),
(68, 41, '2016-10-18 11:12:17', '127.0.0.1', 0, NULL),
(69, 41, '2016-10-18 12:09:11', '127.0.0.1', 0, NULL),
(70, 44, '2016-10-18 12:46:09', '127.0.0.1', 0, NULL),
(71, 44, '2016-10-18 14:06:59', '127.0.0.1', 0, NULL),
(72, 41, '2016-10-18 14:18:49', '127.0.0.1', 0, NULL),
(73, 44, '2016-10-18 14:21:18', '127.0.0.1', 0, NULL),
(74, 41, '2016-10-18 14:22:11', '0.0.0.0', 0, NULL),
(75, 41, '2016-10-18 14:39:56', '127.0.0.1', 0, NULL),
(76, 41, '2016-10-18 14:45:21', '127.0.0.1', 0, NULL),
(77, 44, '2016-10-18 15:10:04', '127.0.0.1', 0, NULL),
(78, 41, '2016-10-18 16:03:20', '127.0.0.1', 0, NULL),
(79, 44, '2016-10-18 16:54:48', '127.0.0.1', 0, NULL),
(80, 44, '2016-10-18 16:55:24', '127.0.0.1', 0, NULL),
(81, 44, '2016-10-18 17:02:28', '127.0.0.1', 0, NULL),
(82, 45, '2016-10-18 17:19:00', '127.0.0.1', 0, NULL),
(83, 46, '2016-10-18 17:19:32', '127.0.0.1', 0, NULL),
(84, 44, '2016-10-18 18:32:06', '127.0.0.1', 0, NULL),
(85, 41, '2016-10-18 18:40:04', '0.0.0.0', 0, NULL),
(86, 47, '2016-10-18 19:15:38', '127.0.0.1', 0, NULL),
(87, 41, '2016-10-18 19:41:04', '127.0.0.1', 0, NULL),
(88, 48, '2016-10-18 19:59:36', '127.0.0.1', 0, NULL),
(89, 47, '2016-10-18 20:00:19', '127.0.0.1', 0, NULL),
(90, 41, '2016-10-18 20:02:33', '127.0.0.1', 0, NULL),
(91, 47, '2016-10-18 20:09:05', '127.0.0.1', 0, NULL),
(92, 41, '2016-10-18 21:38:24', '127.0.0.1', 0, NULL),
(93, 41, '2016-10-19 08:12:15', '0.0.0.0', 0, NULL),
(94, 41, '2016-10-19 08:25:04', '0.0.0.0', 0, NULL),
(95, 44, '2016-10-19 08:33:00', '127.0.0.1', 0, NULL),
(96, 44, '2016-10-19 08:36:57', '127.0.0.1', 0, NULL),
(97, 44, '2016-10-19 08:38:16', '127.0.0.1', 0, NULL),
(98, 44, '2016-10-19 08:38:54', '127.0.0.1', 0, NULL),
(99, 41, '2016-10-19 08:57:54', '0.0.0.0', 0, NULL),
(100, 41, '2016-10-19 08:58:14', '0.0.0.0', 0, NULL),
(101, 47, '2016-10-19 08:58:08', '127.0.0.1', 0, NULL),
(102, 41, '2016-10-19 09:09:51', '0.0.0.0', 0, NULL),
(103, 44, '2016-10-19 09:27:37', '127.0.0.1', 0, NULL),
(104, 41, '2016-10-19 09:31:47', '0.0.0.0', 0, NULL),
(105, 44, '2016-10-19 09:42:10', '127.0.0.1', 0, NULL),
(106, 41, '2016-10-19 10:09:09', '127.0.0.1', 0, NULL),
(107, 42, '2016-10-19 10:09:53', '127.0.0.1', 0, NULL),
(108, 41, '2016-10-19 10:13:18', '127.0.0.1', 0, NULL),
(109, 47, '2016-10-19 10:14:28', '127.0.0.1', 0, NULL),
(110, 41, '2016-10-19 10:16:48', '127.0.0.1', 0, NULL),
(111, 41, '2016-10-19 11:10:04', '127.0.0.1', 0, NULL),
(112, 47, '2016-10-19 11:32:38', '127.0.0.1', 0, NULL),
(113, 41, '2016-10-19 11:33:34', '127.0.0.1', 0, NULL),
(114, 47, '2016-10-19 11:37:37', '127.0.0.1', 0, NULL),
(115, 44, '2016-10-19 14:51:50', '127.0.0.1', 0, NULL),
(116, 44, '2016-10-19 14:52:46', '127.0.0.1', 0, NULL),
(117, 44, '2016-10-19 15:03:12', '127.0.0.1', 0, NULL),
(118, 44, '2016-10-19 15:07:26', '127.0.0.1', 0, NULL),
(119, 44, '2016-10-19 15:12:30', '127.0.0.1', 0, NULL),
(120, 44, '2016-10-19 15:13:22', '127.0.0.1', 0, NULL),
(121, 41, '2016-10-19 16:23:29', '127.0.0.1', 0, NULL),
(122, 44, '2016-10-19 18:43:54', '127.0.0.1', 0, NULL),
(123, 44, '2016-10-19 18:44:39', '127.0.0.1', 0, NULL),
(124, 49, '2016-10-20 09:19:03', '127.0.0.1', 0, NULL),
(125, 50, '2016-10-20 09:20:22', '127.0.0.1', 0, NULL),
(126, 51, '2016-10-20 09:20:58', '127.0.0.1', 0, NULL),
(127, 52, '2016-10-20 09:42:12', '127.0.0.1', 0, NULL),
(128, 53, '2016-10-20 09:43:02', '127.0.0.1', 0, NULL),
(129, 44, '2016-10-20 09:58:54', '127.0.0.1', 0, NULL),
(130, 41, '2016-10-20 10:13:59', '127.0.0.1', 0, NULL),
(131, 44, '2016-10-20 10:23:31', '127.0.0.1', 0, NULL),
(132, 41, '2016-10-20 10:31:22', '0.0.0.0', 0, NULL),
(133, 41, '2016-10-20 10:31:48', '127.0.0.1', 0, NULL),
(134, 44, '2016-10-20 10:44:52', '127.0.0.1', 0, NULL),
(135, 41, '2016-10-20 11:43:13', '127.0.0.1', 0, NULL),
(136, 41, '2016-10-20 16:26:45', '127.0.0.1', 0, NULL),
(137, 44, '2016-10-20 16:34:46', '127.0.0.1', 0, NULL),
(138, 41, '2016-10-20 17:39:58', '127.0.0.1', 0, NULL),
(139, 47, '2016-10-20 18:21:49', '127.0.0.1', 0, NULL),
(140, 47, '2016-10-20 18:29:20', '127.0.0.1', 0, NULL),
(141, 47, '2016-10-21 00:04:31', '127.0.0.1', 0, NULL),
(142, 41, '2016-10-21 08:35:47', '0.0.0.0', 0, NULL),
(143, 44, '2016-10-21 08:45:25', '127.0.0.1', 0, NULL),
(144, 47, '2016-10-21 08:47:41', '127.0.0.1', 0, NULL),
(145, 41, '2016-10-21 09:29:45', '127.0.0.1', 0, NULL),
(146, 44, '2016-10-21 09:31:40', '127.0.0.1', 0, NULL),
(147, 41, '2016-10-21 09:33:43', '127.0.0.1', 0, NULL),
(148, 44, '2016-10-21 10:37:22', '127.0.0.1', 0, NULL),
(149, 44, '2016-10-21 11:12:24', '127.0.0.1', 0, NULL),
(150, 41, '2016-10-21 11:37:00', '127.0.0.1', 0, NULL),
(151, 44, '2016-10-21 14:22:37', '127.0.0.1', 0, NULL),
(152, 44, '2016-10-21 14:38:45', '127.0.0.1', 0, NULL),
(153, 44, '2016-10-21 14:48:37', '127.0.0.1', 0, NULL),
(154, 44, '2016-10-21 15:46:08', '127.0.0.1', 0, NULL),
(155, 47, '2016-10-21 16:47:47', '127.0.0.1', 0, NULL),
(156, 44, '2016-10-21 18:16:34', '127.0.0.1', 0, NULL),
(157, 44, '2016-10-21 18:22:31', '127.0.0.1', 0, NULL),
(158, 41, '2016-10-21 19:30:53', '0.0.0.0', 0, NULL),
(159, 41, '2016-10-21 20:01:46', '0.0.0.0', 0, NULL),
(160, 41, '2016-10-21 20:02:23', '0.0.0.0', 0, NULL),
(161, 41, '2016-10-21 20:04:39', '0.0.0.0', 0, NULL),
(162, 41, '2016-10-21 20:05:39', '0.0.0.0', 0, NULL),
(163, 41, '2016-10-21 20:06:40', '0.0.0.0', 0, NULL),
(164, 41, '2016-10-21 20:07:10', '0.0.0.0', 0, NULL),
(165, 41, '2016-10-21 20:08:40', '0.0.0.0', 0, NULL),
(166, 41, '2016-10-21 20:09:09', '0.0.0.0', 0, NULL),
(167, 41, '2016-10-21 20:10:09', '0.0.0.0', 0, NULL),
(168, 41, '2016-10-21 21:14:20', '127.0.0.1', 0, NULL),
(169, 41, '2016-10-22 08:36:40', '0.0.0.0', 0, NULL),
(170, 41, '2016-10-22 09:24:16', '127.0.0.1', 0, NULL),
(171, 41, '2016-10-22 09:39:25', '127.0.0.1', 0, NULL),
(172, 41, '2016-10-22 10:03:14', '127.0.0.1', 0, NULL),
(173, 44, '2016-10-22 11:54:03', '127.0.0.1', 0, NULL),
(174, 41, '2016-10-22 12:50:37', '127.0.0.1', 0, NULL),
(175, 44, '2016-10-22 13:35:40', '127.0.0.1', 0, NULL),
(176, 44, '2016-10-22 14:37:58', '127.0.0.1', 0, NULL),
(177, 44, '2016-10-22 17:49:36', '127.0.0.1', 0, NULL),
(178, 41, '2016-10-24 09:02:34', '0.0.0.0', 0, NULL),
(179, 41, '2016-10-24 09:40:47', '0.0.0.0', 0, NULL),
(180, 47, '2016-10-24 10:21:08', '127.0.0.1', 0, NULL),
(181, 41, '2016-10-24 10:30:06', '0.0.0.0', 0, NULL),
(182, 44, '2016-10-24 14:15:02', '127.0.0.1', 0, NULL),
(183, 47, '2016-10-24 14:28:21', '127.0.0.1', 0, NULL),
(184, 41, '2016-10-24 14:41:12', '127.0.0.1', 0, NULL),
(185, 47, '2016-10-24 15:41:01', '127.0.0.1', 0, NULL),
(186, 41, '2016-10-24 18:53:10', '127.0.0.1', 0, NULL),
(187, 41, '2016-10-25 08:53:30', '0.0.0.0', 0, NULL),
(188, 47, '2016-10-25 09:14:52', '127.0.0.1', 0, NULL),
(189, 44, '2016-10-25 09:20:32', '127.0.0.1', 0, NULL),
(190, 44, '2016-10-25 10:35:47', '127.0.0.1', 0, NULL),
(191, 47, '2016-10-25 11:16:41', '127.0.0.1', 0, NULL),
(192, 44, '2016-10-25 16:11:40', '127.0.0.1', 0, NULL),
(193, 44, '2016-10-25 16:11:44', '127.0.0.1', 0, NULL),
(194, 44, '2016-10-25 16:12:22', '127.0.0.1', 0, NULL),
(195, 44, '2016-10-25 16:17:53', '127.0.0.1', 0, NULL),
(196, 44, '2016-10-25 17:30:04', '127.0.0.1', 0, NULL),
(197, 44, '2016-10-26 08:37:19', '127.0.0.1', 0, NULL),
(198, 47, '2016-10-26 08:52:20', '127.0.0.1', 0, NULL),
(199, 41, '2016-10-26 08:53:43', '0.0.0.0', 0, NULL),
(200, 47, '2016-10-26 09:00:41', '127.0.0.1', 0, NULL),
(201, 41, '2016-10-26 09:01:08', '127.0.0.1', 0, NULL),
(202, 41, '2016-10-26 11:31:47', '127.0.0.1', 0, NULL),
(203, 47, '2016-10-26 14:17:00', '127.0.0.1', 0, NULL),
(204, 41, '2016-10-27 08:44:51', '0.0.0.0', 0, NULL),
(205, 47, '2016-10-27 08:47:30', '127.0.0.1', 0, NULL),
(206, 44, '2016-10-27 08:49:46', '127.0.0.1', 0, NULL),
(207, 47, '2016-10-27 08:56:40', '127.0.0.1', 0, NULL),
(208, 47, '2016-10-27 09:47:15', '127.0.0.1', 0, NULL),
(209, 41, '2016-10-27 09:47:43', '127.0.0.1', 0, NULL),
(210, 41, '2016-10-27 10:05:15', '127.0.0.1', 0, NULL),
(211, 41, '2016-10-27 10:11:29', '127.0.0.1', 0, NULL),
(212, 41, '2016-10-27 10:47:32', '127.0.0.1', 0, NULL),
(213, 41, '2016-10-27 11:03:05', '127.0.0.1', 0, NULL),
(214, 41, '2016-10-27 11:26:36', '127.0.0.1', 0, NULL),
(215, 41, '2016-10-27 11:57:06', '127.0.0.1', 0, NULL),
(216, 44, '2016-10-27 11:57:37', '127.0.0.1', 0, NULL),
(217, 41, '2016-10-27 11:59:15', '127.0.0.1', 0, NULL),
(218, 44, '2016-10-27 12:00:18', '127.0.0.1', 0, NULL),
(219, 41, '2016-10-27 16:50:52', '127.0.0.1', 0, NULL),
(220, 41, '2016-10-27 17:08:23', '127.0.0.1', 0, NULL),
(221, 41, '2016-10-28 09:16:36', '127.0.0.1', 0, NULL),
(222, 44, '2016-10-28 09:42:44', '127.0.0.1', 0, NULL),
(223, 41, '2016-10-28 10:21:13', '0.0.0.0', 0, NULL),
(224, 41, '2016-10-28 11:58:08', '127.0.0.1', 0, NULL),
(225, 41, '2016-10-28 13:49:31', '127.0.0.1', 0, NULL),
(226, 41, '2016-10-28 14:00:15', '127.0.0.1', 0, NULL),
(227, 47, '2016-10-28 14:04:43', '127.0.0.1', 0, NULL),
(228, 41, '2016-10-28 14:22:06', '127.0.0.1', 0, NULL),
(229, 41, '2016-10-28 17:44:54', '0.0.0.0', 0, NULL),
(230, 44, '2016-10-31 08:44:04', '127.0.0.1', 0, NULL),
(231, 47, '2016-10-31 08:43:07', '127.0.0.1', 0, NULL),
(232, 41, '2016-10-31 08:44:56', '0.0.0.0', 0, NULL),
(233, 41, '2016-10-31 09:18:12', '127.0.0.1', 0, NULL),
(234, 44, '2016-10-31 09:18:20', '127.0.0.1', 0, NULL),
(235, 44, '2016-10-31 09:19:03', '127.0.0.1', 0, NULL),
(236, 47, '2016-10-31 09:36:50', '127.0.0.1', 0, NULL),
(237, 41, '2016-10-31 15:18:59', '127.0.0.1', 0, NULL),
(238, 54, '2016-10-31 15:34:05', '127.0.0.1', 0, NULL),
(239, 41, '2016-11-01 08:47:13', '0.0.0.0', 0, NULL),
(240, 47, '2016-11-01 09:03:21', '127.0.0.1', 0, NULL),
(241, 55, '2016-11-01 09:10:33', '127.0.0.1', 0, NULL),
(242, 56, '2016-11-01 09:16:27', '127.0.0.1', 0, NULL),
(243, 44, '2016-11-01 09:19:45', '127.0.0.1', 0, NULL),
(244, 47, '2016-11-01 10:58:43', '127.0.0.1', 0, NULL),
(245, 41, '2016-11-01 16:27:04', '0.0.0.0', 0, NULL),
(246, 44, '2016-11-02 08:48:23', '127.0.0.1', 0, NULL),
(247, 47, '2016-11-02 08:56:41', '127.0.0.1', 0, NULL),
(248, 47, '2016-11-02 09:01:46', '127.0.0.1', 0, NULL),
(249, 41, '2016-11-02 09:21:01', '0.0.0.0', 0, NULL),
(250, 47, '2016-11-02 10:40:21', '127.0.0.1', 0, NULL),
(251, 47, '2016-11-02 11:31:00', '127.0.0.1', 0, NULL),
(252, 44, '2016-11-02 13:44:30', '127.0.0.1', 0, NULL),
(253, 41, '2016-11-02 14:32:55', '127.0.0.1', 0, NULL),
(254, 44, '2016-11-02 14:32:57', '127.0.0.1', 0, NULL),
(255, 41, '2016-11-02 17:02:20', '127.0.0.1', 0, NULL),
(256, 44, '2016-11-03 08:49:55', '127.0.0.1', 0, NULL),
(257, 41, '2016-11-03 09:58:11', '0.0.0.0', 0, NULL),
(258, 47, '2016-11-03 10:55:58', '127.0.0.1', 0, NULL),
(259, 41, '2016-11-03 13:46:39', '127.0.0.1', 0, NULL),
(260, 41, '2016-11-03 15:26:16', '127.0.0.1', 0, NULL),
(261, 41, '2016-11-03 15:31:39', '127.0.0.1', 0, NULL),
(262, 41, '2016-11-04 08:38:27', '0.0.0.0', 0, NULL),
(263, 41, '2016-11-04 08:41:16', '127.0.0.1', 0, NULL),
(264, 44, '2016-11-04 08:44:07', '127.0.0.1', 0, NULL),
(265, 41, '2016-11-04 08:46:17', '127.0.0.1', 0, NULL),
(266, 47, '2016-11-04 08:48:36', '127.0.0.1', 0, NULL),
(267, 57, '2016-11-04 08:55:17', '0.0.0.0', 0, NULL),
(268, 41, '2016-11-04 09:03:15', '0.0.0.0', 0, NULL),
(269, 57, '2016-11-04 09:05:17', '0.0.0.0', 0, NULL),
(270, 58, '2016-11-04 09:06:29', '0.0.0.0', 0, NULL),
(271, 41, '2016-11-04 09:08:27', '0.0.0.0', 0, NULL),
(272, 41, '2016-11-04 10:15:43', '0.0.0.0', 0, NULL),
(273, 41, '2016-11-04 10:41:29', '127.0.0.1', 0, NULL),
(274, 41, '2016-11-04 10:54:11', '0.0.0.0', 0, NULL),
(275, 41, '2016-11-04 14:22:15', '127.0.0.1', 0, NULL),
(276, 47, '2016-11-04 14:34:06', '127.0.0.1', 0, NULL),
(277, 41, '2016-11-05 08:51:10', '127.0.0.1', 0, NULL),
(278, 44, '2016-11-05 09:03:48', '127.0.0.1', 0, NULL);

-- --------------------------------------------------------

--
-- Table structure for table `wst_messages`
--

CREATE TABLE `wst_messages` (
  `id` int(11) NOT NULL,
  `msgType` tinyint(4) DEFAULT '0',
  `sendUserId` int(11) DEFAULT NULL,
  `receiveUserId` int(11) DEFAULT NULL,
  `msgContent` text,
  `createTime` datetime DEFAULT NULL,
  `msgStatus` tinyint(4) DEFAULT '0',
  `msgFlag` tinyint(4) DEFAULT '1'
) ENGINE=MyISAM DEFAULT CHARSET=utf8;

-- --------------------------------------------------------

--
-- Table structure for table `wst_navs`
--

CREATE TABLE `wst_navs` (
  `id` int(11) NOT NULL,
  `navType` tinyint(4) NOT NULL DEFAULT '0',
  `areaId1` int(11) DEFAULT NULL,
  `areaId2` int(11) DEFAULT NULL,
  `navTitle` varchar(50) NOT NULL,
  `navUrl` varchar(100) NOT NULL,
  `isShow` tinyint(4) NOT NULL DEFAULT '1',
  `isOpen` tinyint(4) NOT NULL DEFAULT '0',
  `navSort` int(11) NOT NULL DEFAULT '0',
  `createTime` datetime NOT NULL
) ENGINE=MyISAM DEFAULT CHARSET=utf8;

--
-- Dumping data for table `wst_navs`
--

INSERT INTO `wst_navs` (`id`, `navType`, `areaId1`, `areaId2`, `navTitle`, `navUrl`, `isShow`, `isOpen`, `navSort`, `createTime`) VALUES
(1, 0, 0, 0, '品牌街', 'index.php?m=Home&c=Brands&a=index', 1, 0, 2, '2015-07-12 20:08:22'),
(2, 0, 0, 0, '首页', 'index.php', 1, 0, 0, '2015-07-12 20:08:36'),
(3, 0, 0, 0, '店铺街', 'index.php?m=Home&c=Shops&a=toShopStreet', 1, 0, 3, '2015-07-12 20:10:00'),
(4, 0, 0, 0, '自营店铺', 'index.php?m=Home&c=Shops&a=toShopHome', 1, 0, 4, '2015-07-12 20:11:21'),
(5, 1, 0, 0, '关于我们', '#', 1, 0, 0, '2015-07-12 20:25:58'),
(7, 1, 0, 0, 'WST百科', '#', 1, 0, 0, '2015-07-12 23:02:39'),
(10, 1, 0, 0, '诚征英才', '#', 1, 0, 0, '2015-07-12 23:04:41'),
(8, 1, 0, 0, '帮助中心', '#', 1, 0, 0, '2015-07-12 23:03:43'),
(9, 1, 0, 0, '交易条款', '#', 1, 0, 0, '2015-07-12 23:03:55'),
(11, 1, 0, 0, '网站地图', '#', 1, 0, 0, '2015-07-12 23:04:51'),
(12, 1, 0, 0, '友情链接', '#', 1, 0, 0, '2015-07-12 23:05:08'),
(13, 1, 0, 0, '店铺管理', 'shop.php', 1, 0, 0, '2015-07-12 23:05:42');

-- --------------------------------------------------------

--
-- Table structure for table `wst_orderids`
--

CREATE TABLE `wst_orderids` (
  `id` bigint(11) NOT NULL,
  `rnd` float(16,2) NOT NULL
) ENGINE=MyISAM DEFAULT CHARSET=utf8;

--
-- Dumping data for table `wst_orderids`
--

INSERT INTO `wst_orderids` (`id`, `rnd`) VALUES
(100000000, 356590.00),
(100000001, 1476771456.00),
(100000002, 1476771712.00),
(100000003, 1476772608.00),
(100000004, 1476773120.00),
(100000005, 1476773504.00),
(100000006, 1476774400.00),
(100000007, 1476775680.00),
(100000008, 1476775808.00),
(100000009, 1476775936.00),
(100000010, 1476776832.00),
(100000011, 1476777088.00),
(100000012, 1476777216.00),
(100000013, 1476777472.00),
(100000014, 1476778496.00),
(100000015, 1476778624.00),
(100000016, 1476778752.00),
(100000017, 1476779264.00),
(100000018, 1476779392.00),
(100000019, 1476779392.00),
(100000020, 1476779392.00),
(100000021, 1476779520.00),
(100000022, 1476780544.00),
(100000023, 1476780672.00),
(100000024, 1476781056.00),
(100000025, 1476781056.00),
(100000026, 1476781184.00),
(100000027, 1476781312.00),
(100000028, 1476781440.00),
(100000029, 1476781568.00),
(100000030, 1476781568.00),
(100000031, 1476781696.00),
(100000032, 1476783616.00),
(100000033, 1476783872.00),
(100000034, 1476785792.00),
(100000035, 1476789376.00),
(100000036, 1476843392.00),
(100000037, 1476848256.00),
(100000038, 1476859264.00),
(100000039, 1476865664.00),
(100000040, 1476870784.00),
(100000041, 1476930176.00),
(100000042, 1476953728.00),
(100000043, 1476958464.00),
(100000044, 1476958976.00),
(100000045, 1476959232.00),
(100000046, 1476959360.00),
(100000047, 1476959488.00),
(100000048, 1476968576.00),
(100000049, 1476968832.00),
(100000050, 1476969216.00),
(100000051, 1476971776.00),
(100000052, 1476979456.00),
(100000053, 1476979712.00),
(100000054, 1477012864.00),
(100000055, 1477013504.00),
(100000056, 1477013632.00),
(100000057, 1477014272.00),
(100000058, 1477039232.00),
(100000059, 1477039360.00),
(100000060, 1477119104.00),
(100000061, 1477119232.00),
(100000062, 1477276160.00),
(100000063, 1477276288.00),
(100000064, 1477277824.00),
(100000065, 1477280768.00),
(100000066, 1477290752.00),
(100000067, 1477290880.00),
(100000068, 1477291776.00),
(100000069, 1477294208.00),
(100000070, 1477302272.00),
(100000071, 1477303040.00),
(100000072, 1477306368.00),
(100000073, 1477443584.00),
(100000074, 1477452800.00),
(100000075, 1477453696.00),
(100000076, 1477453696.00),
(100000077, 1477453696.00),
(100000078, 1477463936.00),
(100000079, 1477540736.00),
(100000080, 1477557888.00),
(100000081, 1477557888.00),
(100000082, 1477558144.00),
(100000083, 1477558272.00),
(100000084, 1477559296.00),
(100000085, 1477634432.00),
(100000086, 1477635712.00),
(100000087, 1477636736.00),
(100000088, 1477637888.00),
(100000089, 1477638400.00),
(100000090, 1477638400.00),
(100000091, 1477985536.00),
(100000092, 1477989504.00),
(100000093, 1478072320.00),
(100000094, 1478072320.00),
(100000095, 1478158208.00),
(100000096, 1478220288.00),
(100000097, 1478220544.00),
(100000098, 1478220672.00),
(100000099, 1478220672.00),
(100000100, 1478221312.00),
(100000101, 1478221696.00),
(100000102, 1478223104.00),
(100000103, 1478224768.00),
(100000104, 1478225152.00),
(100000105, 1478225536.00),
(100000106, 1478226688.00),
(100000107, 1478227584.00),
(100000108, 1478228480.00),
(100000109, 1478228608.00),
(100000110, 1478228608.00),
(100000111, 1478228736.00),
(100000112, 1478228736.00),
(100000113, 1478228736.00),
(100000114, 1478228864.00),
(100000115, 1478308608.00),
(100000116, 1478308608.00),
(100000117, 1478308864.00),
(100000118, 1478308864.00);

-- --------------------------------------------------------

--
-- Table structure for table `wst_orders`
--

CREATE TABLE `wst_orders` (
  `orderId` int(11) NOT NULL,
  `orderNo` varchar(20) NOT NULL,
  `areaId1` int(11) NOT NULL,
  `areaId2` int(11) NOT NULL,
  `areaId3` int(11) NOT NULL,
  `shopId` int(11) NOT NULL,
  `orderStatus` tinyint(4) NOT NULL DEFAULT '-2',
  `totalMoney` decimal(11,2) NOT NULL DEFAULT '0.00',
  `deliverMoney` decimal(11,2) NOT NULL DEFAULT '0.00',
  `payType` tinyint(4) NOT NULL DEFAULT '0',
  `payFrom` int(11) NOT NULL DEFAULT '0',
  `isSelf` tinyint(4) NOT NULL DEFAULT '0',
  `isPay` tinyint(4) NOT NULL DEFAULT '0',
  `deliverType` tinyint(4) NOT NULL DEFAULT '0',
  `userId` int(11) NOT NULL,
  `userName` varchar(20) NOT NULL,
  `communityId` int(11) NOT NULL,
  `userAddress` varchar(255) NOT NULL,
  `userTel` varchar(20) DEFAULT NULL,
  `userPhone` char(11) DEFAULT NULL,
  `userPostCode` char(6) NOT NULL,
  `orderScore` int(11) NOT NULL DEFAULT '0',
  `isInvoice` tinyint(4) NOT NULL DEFAULT '0',
  `invoiceClient` varchar(255) DEFAULT NULL,
  `orderRemarks` varchar(255) DEFAULT NULL,
  `requireTime` datetime NOT NULL,
  `isAppraises` tinyint(4) NOT NULL DEFAULT '0',
  `createTime` datetime NOT NULL,
  `isClosed` tinyint(4) NOT NULL DEFAULT '0',
  `isRefund` tinyint(4) NOT NULL DEFAULT '0',
  `refundRemark` varchar(255) DEFAULT NULL,
  `orderunique` varchar(20) NOT NULL,
  `orderSrc` tinyint(4) NOT NULL DEFAULT '0',
  `orderFlag` tinyint(4) NOT NULL DEFAULT '1',
  `needPay` decimal(11,2) DEFAULT '0.00',
  `tradeNo` varchar(100) DEFAULT NULL,
  `settlementId` int(11) DEFAULT '0',
  `realTotalMoney` decimal(11,2) NOT NULL DEFAULT '0.00',
  `poundageRate` float(11,2) NOT NULL DEFAULT '0.00',
  `poundageMoney` decimal(11,2) NOT NULL DEFAULT '0.00',
  `useScore` int(11) NOT NULL DEFAULT '0',
  `scoreMoney` decimal(11,2) NOT NULL DEFAULT '0.00',
  `receiveTime` datetime DEFAULT NULL,
  `deliveryTime` datetime DEFAULT NULL
) ENGINE=MyISAM DEFAULT CHARSET=utf8;

--
-- Dumping data for table `wst_orders`
--

INSERT INTO `wst_orders` (`orderId`, `orderNo`, `areaId1`, `areaId2`, `areaId3`, `shopId`, `orderStatus`, `totalMoney`, `deliverMoney`, `payType`, `payFrom`, `isSelf`, `isPay`, `deliverType`, `userId`, `userName`, `communityId`, `userAddress`, `userTel`, `userPhone`, `userPostCode`, `orderScore`, `isInvoice`, `invoiceClient`, `orderRemarks`, `requireTime`, `isAppraises`, `createTime`, `isClosed`, `isRefund`, `refundRemark`, `orderunique`, `orderSrc`, `orderFlag`, `needPay`, `tradeNo`, `settlementId`, `realTotalMoney`, `poundageRate`, `poundageMoney`, `useScore`, `scoreMoney`, `receiveTime`, `deliveryTime`) VALUES
(1, '1000000013', 110000, 110100, 110101, 34, 4, '100.00', '0.00', 0, 0, 0, 0, 1, 44, '1111', 24, '北京市 东城区 2222 22', '', '18835590505', '', 100, 0, '', '2222', '2016-10-19 00:00:00', 1, '2016-10-18 14:17:23', 0, 0, NULL, '147677144380544', 0, 1, '100.00', NULL, 0, '100.00', 1.00, '1.00', 0, '0.00', '2016-10-26 11:27:55', '2016-10-20 17:59:28'),
(2, '1000000024', 110000, 110100, 110101, 34, 4, '700.00', '0.00', 0, 0, 0, 0, 1, 44, '1111', 24, '北京市 东城区 2222 22', '', '18835590505', '', 700, 0, '', '', '2016-10-19 00:00:00', 1, '2016-10-18 14:21:34', 0, 0, NULL, '147677169452644', 0, 1, '700.00', NULL, 0, '700.00', 1.00, '7.00', 0, '0.00', '2016-10-26 11:27:15', '2016-10-20 17:59:26'),
(3, '1000000061', 110000, 110100, 110101, 34, 1, '300.00', '0.00', 0, 0, 0, 0, 1, 41, 'ASD', 24, '北京市 东城区 2222 a', '', '17482928472', '', 300, 0, '', '', '2016-10-19 00:00:00', 0, '2016-10-18 15:05:55', 0, 0, NULL, '147677435491541', 0, 1, '300.00', NULL, 0, '300.00', 1.00, '3.00', 0, '0.00', NULL, NULL),
(4, '1000000072', 110000, 110100, 110101, 34, 1, '500.00', '0.00', 0, 0, 0, 0, 1, 41, 'ASD', 24, '北京市 东城区 2222 a', '', '17482928472', '', 500, 0, '', '', '2016-10-19 00:00:00', 0, '2016-10-18 15:27:13', 0, 0, NULL, '147677563329941', 0, 1, '500.00', NULL, 0, '500.00', 1.00, '5.00', 0, '0.00', NULL, NULL),
(5, '1000000083', 110000, 110100, 110101, 34, 4, '200.00', '0.00', 0, 0, 0, 0, 1, 41, 'ASD', 24, '北京市 东城区 2222 a', '', '17482928472', '', 200, 0, '', '哈哈', '2016-10-18 15:30:48', 0, '2016-10-18 15:30:50', 0, 0, NULL, '14767758502741', 0, 1, '200.00', NULL, 0, '200.00', 1.00, '2.00', 0, '0.00', '2016-10-31 00:00:00', '2016-10-20 17:59:24'),
(6, '1000000175', 110000, 110100, 110101, 34, 4, '100.00', '0.00', 0, 0, 0, 0, 1, 41, 'ASD', 24, '北京市 东城区 2222 a', '', '17482928472', '', 100, 0, '', '1', '2016-10-18 16:27:53', 1, '2016-10-18 16:27:53', 0, 0, NULL, '147677927379441', 0, 1, '100.00', NULL, 0, '100.00', 1.00, '1.00', 0, '0.00', '2016-10-21 08:53:22', '2016-10-20 17:59:21'),
(7, '1000000186', 110000, 110100, 110101, 34, 1, '100.00', '0.00', 0, 0, 0, 0, 1, 41, 'ASD', 24, '北京市 东城区 2222 a', '', '17482928472', '', 100, 0, '', '1', '2016-10-18 16:28:53', 0, '2016-10-18 16:28:54', 0, 0, NULL, '147677933430641', 0, 1, '100.00', NULL, 0, '100.00', 1.00, '1.00', 0, '0.00', NULL, NULL),
(8, '1000000190', 110000, 110100, 110101, 34, 1, '0.00', '0.00', 0, 0, 0, 1, 1, 41, 'ASD', 24, '北京市 东城区 2222 a', '', '17482928472', '', 0, 0, '', '2', '2016-10-18 16:29:13', 0, '2016-10-18 16:29:34', 0, 0, NULL, '147677935429241', 0, 1, '0.00', NULL, 0, '0.00', 1.00, '0.00', 0, '0.00', NULL, NULL),
(9, '1000000201', 110000, 110100, 110101, 34, 1, '100.00', '0.00', 0, 0, 0, 0, 1, 41, 'ASD', 24, '北京市 东城区 2222 a', '', '17482928472', '', 100, 0, '', '', '2016-10-19 00:00:00', 0, '2016-10-18 16:30:38', 0, 0, NULL, '147677943834141', 0, 1, '100.00', NULL, 0, '100.00', 1.00, '1.00', 0, '0.00', NULL, NULL),
(10, '1000000212', 110000, 110100, 110101, 34, 1, '0.00', '0.00', 0, 0, 0, 1, 1, 41, 'ASD', 24, '北京市 东城区 2222 a', '', '17482928472', '', 0, 0, '', '', '2016-10-19 00:00:00', 0, '2016-10-18 16:31:17', 0, 0, NULL, '147677947754441', 0, 1, '0.00', NULL, 0, '0.00', 1.00, '0.00', 0, '0.00', NULL, NULL),
(11, '1000000234', 110000, 110100, 110101, 34, 1, '100.00', '0.00', 0, 0, 0, 0, 1, 41, 'ASD', 24, '北京市 东城区 2222 a', '', '17482928472', '', 100, 0, '', '', '2016-10-19 00:00:00', 0, '2016-10-18 16:51:30', 0, 0, NULL, '147678069047041', 0, 1, '100.00', NULL, 0, '100.00', 1.00, '1.00', 0, '0.00', NULL, NULL),
(12, '1000000245', 110000, 110100, 110101, 34, 1, '100.00', '0.00', 0, 0, 0, 0, 1, 41, 'ASD', 24, '北京市 东城区 2222 a', '', '17482928472', '', 100, 0, '', '3', '0000-00-00 00:00:00', 0, '2016-10-18 16:56:46', 0, 0, NULL, '147678100622941', 0, 1, '100.00', NULL, 0, '100.00', 1.00, '1.00', 0, '0.00', NULL, NULL),
(13, '1000000256', 110000, 110100, 110101, 34, 2, '100.00', '0.00', 0, 0, 0, 0, 1, 41, 'ASD', 24, '北京市 东城区 2222 a', '', '17482928472', '', 100, 0, '', '4', '2016-10-18 18:58:05', 0, '2016-10-18 16:58:05', 0, 0, NULL, '147678108569441', 0, 1, '100.00', NULL, 0, '100.00', 1.00, '1.00', 0, '0.00', NULL, NULL),
(14, '1000000260', 110000, 110100, 110101, 34, 3, '100.00', '0.00', 0, 0, 0, 0, 1, 41, 'ASD', 24, '北京市 东城区 2222 a', '', '17482928472', '', 100, 0, '', '', '2016-10-19 00:00:00', 0, '2016-10-18 16:59:39', 0, 0, NULL, '147678117964241', 0, 1, '100.00', NULL, 0, '100.00', 1.00, '1.00', 0, '0.00', NULL, '2016-10-26 11:50:19'),
(15, '1000000271', 110000, 110100, 110101, 34, 4, '0.00', '0.00', 0, 0, 0, 1, 1, 41, 'ASD', 24, '北京市 东城区 2222 a', '', '17482928472', '', 0, 0, '', '4', '2016-10-18 19:02:00', 0, '2016-10-18 17:02:00', 0, 0, NULL, '147678132044641', 0, 1, '0.00', NULL, 0, '0.00', 1.00, '0.00', 0, '0.00', '2016-11-04 10:19:57', '2016-10-26 11:50:17'),
(16, '1000000282', 110000, 110100, 110101, 34, 4, '0.00', '0.00', 0, 0, 0, 1, 1, 41, 'ASD', 24, '北京市 东城区 2222 a', '', '17482928472', '', 0, 0, '', '3', '2016-10-18 19:03:28', 0, '2016-10-18 17:03:28', 0, 0, NULL, '147678140855241', 0, 1, '0.00', NULL, 0, '0.00', 1.00, '0.00', 0, '0.00', '2016-11-03 17:46:02', '2016-10-26 11:50:14'),
(17, '1000000293', 110000, 110100, 110101, 34, 4, '100.00', '0.00', 0, 0, 0, 0, 1, 41, 'ASD', 24, '北京市 东城区 2222 a', '', '17482928472', '', 100, 0, '', '2', '2016-10-18 19:05:07', 1, '2016-10-18 17:05:07', 0, 0, NULL, '147678150762941', 0, 1, '100.00', NULL, 0, '100.00', 1.00, '1.00', 0, '0.00', '2016-10-27 16:53:28', '2016-10-26 11:50:12'),
(18, '1000000304', 110000, 110100, 110101, 34, 4, '100.00', '0.00', 0, 0, 0, 0, 1, 41, 'ASD', 24, '北京市 东城区 2222 a', '', '17482928472', '', 100, 0, '', '4', '2016-10-18 19:06:28', 1, '2016-10-18 17:06:29', 0, 0, NULL, '147678158896041', 0, 1, '100.00', NULL, 0, '100.00', 1.00, '1.00', 0, '0.00', '2016-11-03 17:43:25', '2016-10-26 11:35:01'),
(19, '1000000315', 110000, 110100, 110101, 34, 4, '100.00', '0.00', 0, 0, 0, 0, 1, 41, 'ASD', 24, '北京市 东城区 2222 a', '', '17482928472', '', 100, 0, '', '4', '2016-10-18 19:07:41', 1, '2016-10-18 17:07:41', 0, 0, NULL, '147678166179141', 0, 1, '100.00', NULL, 0, '100.00', 1.00, '1.00', 0, '0.00', '2016-10-27 16:53:25', '2016-10-26 11:34:59'),
(20, '1000000326', 110000, 110100, 110101, 34, 4, '100.00', '0.00', 0, 0, 0, 0, 1, 41, 'ASD', 24, '北京市 东城区 2222 a', '', '17482928472', '', 100, 0, '', '', '2016-10-19 00:00:00', 1, '2016-10-18 17:40:07', 0, 0, NULL, '147678360721741', 0, 1, '100.00', NULL, 0, '100.00', 1.00, '1.00', 0, '0.00', '2016-10-27 16:53:22', '2016-10-20 17:56:29'),
(21, '1000000330', 110000, 110100, 110101, 34, 4, '100.00', '0.00', 0, 0, 0, 0, 1, 44, '1111', 24, '北京市 东城区 2222 22', '', '18835590505', '', 100, 0, '', '', '2016-10-19 00:00:00', 1, '2016-10-18 17:43:40', 0, 0, NULL, '147678381999144', 0, 1, '100.00', NULL, 0, '100.00', 1.00, '1.00', 0, '0.00', '2016-10-26 11:27:04', '2016-10-20 17:56:26'),
(22, '1000000341', 110000, 110100, 110101, 34, 4, '100.00', '0.00', 0, 0, 0, 0, 1, 41, 'ASD', 24, '北京市 东城区 2222 a', '', '17482928472', '', 100, 0, '', '4', '2016-10-18 20:16:12', 1, '2016-10-18 18:16:13', 0, 0, NULL, '147678577316441', 0, 1, '100.00', NULL, 0, '100.00', 1.00, '1.00', 0, '0.00', '2016-10-21 08:53:24', '2016-10-20 14:00:43'),
(23, '1000000352', 110000, 110100, 0, 34, 4, '100.00', '0.00', 0, 0, 0, 0, 1, 47, '{:$address[&quot;use', 0, '北京市   默认', '010-00000000', '15385730495', '', 100, 0, '', '10', '2016-10-18 21:16:54', 1, '2016-10-18 19:16:55', 0, 0, NULL, '14767894158847', 0, 1, '100.00', NULL, 0, '100.00', 1.00, '1.00', 0, '0.00', '2016-10-25 11:17:26', '2016-10-20 14:00:37'),
(24, '1000000363', 110000, 110100, 110101, 34, 4, '200.00', '0.00', 0, 0, 0, 0, 1, 47, '18181818', 24, '北京市 东城区 2222 默认的', '010-00000000', '13213231211', '', 200, 0, '', '', '2016-10-20 00:00:00', 1, '2016-10-19 10:16:28', 0, 0, NULL, '14768433881447', 0, 1, '200.00', NULL, 0, '200.00', 1.00, '2.00', 0, '0.00', '2016-10-25 11:17:23', '2016-10-20 14:00:35'),
(25, '1000000374', 110000, 110100, 110101, 34, 4, '200.00', '0.00', 0, 0, 0, 0, 1, 47, '18181818', 24, '北京市 东城区 2222 默认的', '010-00000000', '13213231211', '', 200, 0, '', '2', '2016-10-20 00:00:00', 1, '2016-10-19 11:38:37', 0, 0, NULL, '147684831762247', 0, 1, '200.00', NULL, 0, '200.00', 1.00, '2.00', 0, '0.00', '2016-10-25 11:17:19', '2016-10-19 15:50:14'),
(26, '1000000385', 110000, 110100, 110101, 34, 4, '200.00', '0.00', 0, 0, 0, 0, 1, 41, '123456789', 24, '北京市 东城区 2222 默认的', '010-00000000', '12345678901', '', 200, 0, '', '5+pupupupu', '2016-10-19 16:41:16', 1, '2016-10-19 14:41:16', 0, 0, NULL, '147685927683541', 0, 1, '200.00', NULL, 0, '200.00', 1.00, '2.00', 0, '0.00', '2016-10-20 14:01:16', '2016-10-20 14:00:39'),
(27, '1000000396', 110000, 110100, 110101, 34, 4, '100.00', '0.00', 0, 0, 0, 0, 1, 47, '18181818', 24, '北京市 东城区 2222 默认的', '010-00000000', '13213231211', '', 100, 0, '', '', '2016-10-20 00:00:00', 1, '2016-10-19 16:27:58', 0, 0, NULL, '147686567860447', 0, 1, '100.00', NULL, 0, '100.00', 1.00, '1.00', 0, '0.00', '2016-10-25 11:17:09', '2016-10-20 14:00:31'),
(28, '1000000400', 110000, 110100, 110101, 34, -4, '500.00', '0.00', 0, 0, 0, 0, 1, 44, 'slarker', 24, '北京市 东城区 2222 默认的', '010-00000000', '18965235826', '', 500, 0, '', '13+55', '2016-10-19 19:53:06', 0, '2016-10-19 17:53:06', 0, 0, NULL, '147687078622544', 0, 1, '500.00', NULL, 0, '500.00', 1.00, '5.00', 0, '0.00', NULL, '2016-10-20 10:44:51'),
(29, '1000000411', 110000, 110100, 110101, 34, -2, '400.00', '0.00', 1, 0, 0, 0, 1, 41, '123456789', 24, '北京市 东城区 2222 默认的', '010-00000000', '12345678901', '', 400, 0, '', '', '2016-10-21 00:00:00', 0, '2016-10-20 10:22:41', 0, 0, NULL, '147693016174341', 0, 1, '400.00', NULL, 0, '400.00', 1.00, '4.00', 0, '0.00', NULL, NULL),
(30, '1000000422', 110000, 110100, 110101, 34, 4, '400.00', '0.00', 0, 0, 0, 0, 1, 44, 'slarker', 24, '北京市 东城区 2222 默认的', '010-00000000', '18965235826', '', 400, 0, '', '', '2016-10-21 00:00:00', 1, '2016-10-20 16:56:31', 0, 0, NULL, '147695379145144', 0, 1, '400.00', NULL, 0, '400.00', 1.00, '4.00', 0, '0.00', '2016-10-26 09:53:11', '2016-10-20 17:40:39'),
(31, '1000000433', 110000, 110100, 110101, 34, 4, '100.00', '0.00', 0, 0, 0, 0, 1, 44, 'slarker', 24, '北京市 东城区 2222 默认的', '010-00000000', '18965235826', '', 100, 0, '', '', '2016-10-21 00:00:00', 1, '2016-10-20 18:13:56', 0, 0, NULL, '147695843627444', 0, 1, '100.00', NULL, 0, '100.00', 1.00, '1.00', 0, '0.00', '2016-10-26 11:32:45', '2016-10-26 11:32:31'),
(32, '1000000444', 110000, 110100, 110101, 34, 3, '100.00', '0.00', 0, 0, 0, 0, 1, 47, '18181818', 24, '北京市 东城区 2222 默认的', '010-00000000', '13213231211', '', 100, 0, '', '10+我要喝开水！', '2016-10-20 20:22:54', 0, '2016-10-20 18:22:55', 0, 0, NULL, '147695897563747', 0, 1, '100.00', NULL, 0, '100.00', 1.00, '1.00', 0, '0.00', NULL, '2016-10-26 09:02:33'),
(33, '1000000455', 110000, 110100, 110101, 34, -2, '100.00', '0.00', 1, 0, 0, 0, 1, 47, '18181818', 24, '北京市 东城区 2222 默认的', '010-00000000', '13213231211', '', 100, 0, '', '', '2016-10-21 00:00:00', 0, '2016-10-20 18:27:15', 0, 0, NULL, '14769592352747', 0, 1, '100.00', NULL, 0, '100.00', 1.00, '1.00', 0, '0.00', NULL, NULL),
(34, '1000000466', 110000, 110100, 110101, 34, -2, '100.00', '0.00', 1, 0, 0, 0, 1, 47, '18181818', 24, '北京市 东城区 2222 默认的', '010-00000000', '13213231211', '', 100, 0, '', '', '2016-10-21 00:00:00', 0, '2016-10-20 18:28:52', 0, 0, NULL, '147695933280947', 0, 1, '100.00', NULL, 0, '100.00', 1.00, '1.00', 0, '0.00', NULL, NULL),
(35, '1000000470', 110000, 110100, 110101, 34, -2, '100.00', '0.00', 1, 0, 0, 0, 1, 47, '18181818', 24, '北京市 东城区 2222 默认的', '010-00000000', '13213231211', '', 100, 0, '', '', '2016-10-21 00:00:00', 0, '2016-10-20 18:30:33', 0, 0, NULL, '147695943340247', 0, 1, '100.00', NULL, 0, '100.00', 1.00, '1.00', 0, '0.00', NULL, NULL),
(36, '1000000481', 110000, 110100, 110101, 34, -2, '100.00', '0.00', 1, 0, 0, 0, 1, 47, '18181818', 24, '北京市 东城区 2222 默认的', '010-00000000', '13213231211', '', 100, 0, '', '4+', '2016-10-20 23:03:43', 0, '2016-10-20 21:03:44', 0, 0, NULL, '147696862396047', 0, 1, '100.00', NULL, 0, '100.00', 1.00, '1.00', 0, '0.00', NULL, NULL),
(37, '1000000492', 110000, 110100, 110101, 34, -2, '100.00', '0.00', 1, 0, 0, 0, 1, 47, '18181818', 24, '北京市 东城区 2222 默认的', '010-00000000', '13213231211', '', 100, 0, '', '7+', '2016-10-20 23:06:20', 0, '2016-10-20 21:06:21', 0, 0, NULL, '147696878125747', 0, 1, '100.00', NULL, 0, '100.00', 1.00, '1.00', 0, '0.00', NULL, NULL),
(38, '1000000503', 110000, 110100, 110101, 34, -2, '100.00', '0.00', 1, 0, 0, 0, 1, 47, '18181818', 24, '北京市 东城区 2222 默认的', '010-00000000', '13213231211', '', 100, 0, '', '', '2016-10-21 00:00:00', 0, '2016-10-20 21:13:13', 0, 0, NULL, '147696919334247', 0, 1, '100.00', NULL, 0, '100.00', 1.00, '1.00', 0, '0.00', NULL, NULL),
(39, '1000000514', 110000, 110100, 110101, 34, -2, '100.00', '0.00', 1, 0, 0, 0, 1, 47, '18181818', 24, '北京市 东城区 2222 默认的', '010-00000000', '13213231211', '', 100, 0, '', '10+', '2016-10-20 23:55:38', 0, '2016-10-20 21:55:39', 0, 0, NULL, '147697173916147', 0, 1, '100.00', NULL, 0, '100.00', 1.00, '1.00', 0, '0.00', NULL, NULL),
(40, '1000000525', 110000, 110100, 110101, 34, -2, '100.00', '0.00', 1, 0, 0, 0, 1, 47, '18181818', 24, '北京市 东城区 2222 默认的', '010-00000000', '13213231211', '', 100, 0, '', '3+', '2016-10-21 02:05:08', 0, '2016-10-21 00:05:09', 0, 0, NULL, '147697950942647', 0, 1, '100.00', NULL, 0, '100.00', 1.00, '1.00', 0, '0.00', NULL, NULL),
(41, '1000000536', 110000, 110100, 110101, 34, -2, '200.00', '0.00', 1, 0, 0, 0, 1, 47, '18181818', 24, '北京市 东城区 2222 默认的', '010-00000000', '13213231211', '', 200, 0, '', '8+', '2016-10-21 02:07:36', 0, '2016-10-21 00:07:37', 0, 0, NULL, '147697965735347', 0, 1, '200.00', NULL, 0, '200.00', 1.00, '2.00', 0, '0.00', NULL, NULL),
(42, '1000000540', 110000, 110100, 110101, 34, -2, '200.00', '0.00', 1, 0, 0, 0, 1, 44, 'slarker', 24, '北京市 东城区 2222 默认的', '010-00000000', '18965235826', '', 200, 0, '', '3+', '2016-10-21 11:20:39', 0, '2016-10-21 09:20:39', 0, 0, NULL, '147701283984344', 0, 1, '200.00', NULL, 0, '200.00', 1.00, '2.00', 0, '0.00', NULL, NULL),
(43, '1000000551', 110000, 110100, 110101, 34, -2, '100.00', '0.00', 1, 0, 0, 0, 1, 44, 'slarker', 24, '北京市 东城区 2222 默认的', '010-00000000', '18965235826', '', 100, 0, '', '5+', '2016-10-21 11:32:33', 0, '2016-10-21 09:32:33', 0, 0, NULL, '147701355346944', 0, 1, '100.00', NULL, 0, '100.00', 1.00, '1.00', 0, '0.00', NULL, NULL),
(44, '1000000562', 110000, 110100, 110101, 34, -2, '300.00', '0.00', 1, 0, 0, 0, 1, 44, 'slarker', 24, '北京市 东城区 2222 默认的', '010-00000000', '18965235826', '', 300, 0, '', '4+', '2016-10-21 11:34:54', 0, '2016-10-21 09:34:54', 0, 0, NULL, '147701369439844', 0, 1, '300.00', NULL, 0, '300.00', 1.00, '3.00', 0, '0.00', NULL, NULL),
(45, '1000000573', 110000, 110100, 110101, 34, -2, '200.00', '0.00', 1, 0, 0, 0, 1, 44, 'slarker', 24, '北京市 东城区 2222 默认的', '010-00000000', '18965235826', '', 200, 0, '', '5+', '2016-10-21 11:45:02', 0, '2016-10-21 09:45:03', 0, 0, NULL, '14770143033144', 0, 1, '200.00', NULL, 0, '200.00', 1.00, '2.00', 0, '0.00', NULL, NULL),
(46, '1000000584', 110000, 110100, 110101, 34, -2, '200.00', '0.00', 1, 0, 0, 0, 1, 41, '123456789', 24, '北京市 东城区 2222 默认的', '010-00000000', '12345678901', '', 200, 0, '', '10+', '2016-10-21 18:40:34', 0, '2016-10-21 16:40:34', 0, 0, NULL, '147703923483041', 0, 1, '200.00', NULL, 0, '200.00', 1.00, '2.00', 0, '0.00', NULL, NULL),
(47, '1000000595', 110000, 110100, 110101, 34, -2, '100.00', '0.00', 1, 0, 0, 0, 1, 41, '123456789', 24, '北京市 东城区 2222 默认的', '010-00000000', '12345678901', '', 100, 0, '', '3+', '2016-10-21 18:42:13', 0, '2016-10-21 16:42:13', 0, 0, NULL, '147703933342041', 0, 1, '100.00', NULL, 0, '100.00', 1.00, '1.00', 0, '0.00', NULL, NULL),
(48, '1000000606', 110000, 110100, 110101, 34, -2, '200.00', '0.00', 1, 0, 0, 0, 1, 44, 'slarker', 24, '北京市 东城区 2222 默认的', '010-00000000', '18965235826', '', 200, 0, '', '4+', '2016-10-22 16:51:37', 0, '2016-10-22 14:51:38', 0, 0, NULL, '147711909798044', 0, 1, '200.00', NULL, 0, '200.00', 1.00, '2.00', 0, '0.00', NULL, NULL),
(49, '1000000610', 110000, 110100, 110101, 34, -2, '100.00', '0.00', 1, 0, 0, 0, 1, 41, '123456789', 24, '北京市 东城区 2222 默认的', '010-00000000', '12345678901', '', 100, 0, '', '4+', '2016-10-22 16:53:41', 0, '2016-10-22 14:53:41', 0, 0, NULL, '147711922175741', 0, 1, '100.00', NULL, 0, '100.00', 1.00, '1.00', 0, '0.00', NULL, NULL),
(50, '1000000621', 110000, 110100, 110101, 34, -2, '100.00', '0.00', 1, 0, 0, 0, 1, 47, '18181818', 24, '北京市 东城区 2222 默认', '010-00000000', '13213231211', '', 100, 0, '', '11+', '2016-10-24 12:30:11', 0, '2016-10-24 10:30:12', 0, 0, NULL, '14772762123847', 0, 1, '100.00', NULL, 0, '100.00', 1.00, '1.00', 0, '0.00', NULL, NULL),
(51, '1000000632', 110000, 110100, 110101, 34, -2, '0.00', '0.00', 1, 0, 0, 1, 1, 47, '18181818', 24, '北京市 东城区 2222 默认', '010-00000000', '13213231211', '', 0, 0, '', '5+', '2016-10-24 12:31:35', 0, '2016-10-24 10:31:36', 0, 0, NULL, '147727629582747', 0, 1, '0.00', NULL, 0, '0.00', 1.00, '0.00', 0, '0.00', NULL, NULL),
(52, '1000000643', 110000, 110100, 110101, 34, 4, '100.00', '0.00', 0, 0, 0, 0, 1, 41, '123456789', 24, '北京市 东城区 2222 默认的', '010-00000000', '12345678901', '', 100, 0, '', '', '2016-10-25 00:00:00', 1, '2016-10-24 10:58:04', 0, 0, NULL, '147727788454041', 0, 1, '100.00', NULL, 0, '100.00', 1.00, '1.00', 0, '0.00', '2016-10-24 10:59:12', '2016-10-24 10:58:42'),
(53, '1000000654', 110000, 110100, 110101, 34, -2, '0.00', '0.00', 1, 0, 0, 1, 1, 47, '18181818', 24, '北京市 东城区 2222 默认', '010-00000000', '13213231211', '', 0, 0, '', '2+', '2016-10-24 13:46:22', 0, '2016-10-24 11:46:23', 0, 0, NULL, '147728078299347', 0, 1, '0.00', NULL, 0, '0.00', 1.00, '0.00', 0, '0.00', NULL, NULL),
(54, '1000000665', 110000, 110100, 110101, 34, -2, '0.00', '0.00', 1, 0, 0, 1, 1, 47, '18181818', 24, '北京市 东城区 2222 默认', '010-00000000', '13213231211', '', 0, 0, '', '6+', '2016-10-24 16:33:27', 0, '2016-10-24 14:33:27', 0, 0, NULL, '147729080745347', 0, 1, '0.00', NULL, 0, '0.00', 1.00, '0.00', 0, '0.00', NULL, NULL),
(55, '1000000676', 110000, 110100, 110101, 34, -2, '100.00', '0.00', 1, 0, 0, 0, 1, 47, '18181818', 24, '北京市 东城区 2222 默认', '010-00000000', '13213231211', '', 100, 0, '', '11+', '2016-10-24 16:34:47', 0, '2016-10-24 14:34:48', 0, 0, NULL, '147729088819547', 0, 1, '100.00', NULL, 0, '100.00', 1.00, '1.00', 0, '0.00', NULL, NULL),
(56, '1000000680', 110000, 110100, 110101, 34, -2, '100.00', '0.00', 1, 0, 0, 0, 1, 41, '123456789', 24, '北京市 东城区 2222 默认', '010-00000000', '12345678901', '', 100, 0, '', '12+', '2016-10-24 16:48:38', 0, '2016-10-24 14:48:38', 0, 0, NULL, '147729171830141', 0, 1, '100.00', NULL, 0, '100.00', 1.00, '1.00', 0, '0.00', NULL, NULL),
(57, '1000000691', 110000, 110100, 110101, 34, -2, '100.00', '0.00', 1, 0, 0, 0, 1, 41, '123456789', 24, '北京市 东城区 2222 默认', '010-00000000', '12345678901', '', 100, 0, '', '14+', '2016-10-24 17:30:03', 0, '2016-10-24 15:30:04', 0, 0, NULL, '147729420422641', 0, 1, '100.00', NULL, 0, '100.00', 1.00, '1.00', 0, '0.00', NULL, NULL),
(58, '1000000702', 110000, 110100, 110101, 34, -2, '100.00', '0.00', 1, 0, 0, 0, 1, 41, '123456789', 24, '北京市 东城区 2222 默认', '010-00000000', '12345678901', '', 100, 0, '', '5+', '2016-10-24 19:43:46', 0, '2016-10-24 17:43:46', 0, 0, NULL, '147730222640141', 0, 1, '100.00', NULL, 0, '100.00', 1.00, '1.00', 0, '0.00', NULL, NULL),
(59, '1000000713', 110000, 110100, 110101, 34, -2, '200.00', '0.00', 1, 0, 0, 0, 1, 44, 'slarker', 24, '北京市 东城区 2222 默认', '010-00000000', '18965235826', '', 200, 0, '', '1+', '2016-10-24 19:58:21', 0, '2016-10-24 17:58:22', 0, 0, NULL, '147730310211144', 0, 1, '200.00', NULL, 0, '200.00', 1.00, '2.00', 0, '0.00', NULL, NULL),
(60, '1000000724', 110000, 110100, 110101, 34, -2, '100.00', '0.00', 1, 0, 0, 0, 1, 41, '123456789', 24, '北京市 东城区 2222 默认', '010-00000000', '12345678901', '', 100, 0, '', '1+', '2016-10-24 20:53:23', 0, '2016-10-24 18:53:23', 0, 0, NULL, '147730640323641', 0, 1, '100.00', NULL, 0, '100.00', 1.00, '1.00', 0, '0.00', NULL, NULL),
(61, '1000000735', 110000, 110100, 110101, 34, 3, '0.00', '0.00', 0, 0, 0, 1, 1, 47, '18181818', 24, '北京市 东城区 2222 默认', '010-00000000', '13213231211', '', 0, 0, '', '1', '2016-10-26 10:00:00', 0, '2016-10-26 08:59:41', 0, 0, NULL, '147744358092347', 0, 1, '0.00', NULL, 0, '0.00', 1.00, '0.00', 0, '0.00', NULL, '2016-10-26 09:02:30'),
(62, '1000000746', 110000, 110100, 110101, 34, 4, '100.00', '0.00', 0, 0, 0, 0, 1, 41, '123456789', 24, '北京市 东城区 2222 默认', '010-00000000', '12345678901', '', 100, 0, '', '', '2016-10-27 00:00:00', 1, '2016-10-26 11:33:50', 0, 0, NULL, '147745282995741', 0, 1, '100.00', NULL, 0, '100.00', 1.00, '1.00', 0, '0.00', '2016-10-27 16:52:12', '2016-10-26 11:34:57'),
(63, '1000000750', 110000, 110100, 110101, 34, 4, '500.00', '0.00', 0, 0, 0, 0, 1, 44, 'slarker', 24, '北京市 东城区 2222 默认', '010-00000000', '18965235826', '', 500, 0, '', '', '2016-10-27 00:00:00', 1, '2016-10-26 11:48:40', 0, 0, NULL, '147745372082544', 0, 1, '500.00', NULL, 0, '500.00', 1.00, '5.00', 0, '0.00', '2016-10-26 11:54:07', '2016-10-26 11:50:10'),
(64, '1000000761', 110000, 110100, 110101, 34, 4, '100.00', '0.00', 0, 0, 0, 0, 1, 44, 'slarker', 24, '北京市 东城区 2222 默认', '010-00000000', '18965235826', '', 100, 0, '', '', '2016-10-27 00:00:00', 1, '2016-10-26 11:49:01', 0, 0, NULL, '14774537413944', 0, 1, '100.00', NULL, 0, '100.00', 1.00, '1.00', 0, '0.00', '2016-10-27 16:48:55', '2016-10-26 11:50:07'),
(65, '1000000772', 110000, 110100, 110101, 34, 4, '100.00', '0.00', 0, 0, 0, 0, 1, 44, 'slarker', 24, '北京市 东城区 2222 默认', '010-00000000', '18965235826', '', 100, 0, '', '', '2016-10-27 00:00:00', 1, '2016-10-26 11:49:18', 0, 0, NULL, '147745375838944', 0, 1, '100.00', NULL, 0, '100.00', 1.00, '1.00', 0, '0.00', '2016-10-27 16:36:31', '2016-10-26 11:50:05'),
(66, '1000000783', 110000, 110100, 110101, 34, 2, '700.00', '0.00', 0, 0, 0, 0, 1, 47, '18181818', 24, '北京市 东城区 2222 默认', '010-00000000', '13213231211', '', 700, 0, '', '', '2016-10-27 00:00:00', 0, '2016-10-26 14:38:33', 0, 0, NULL, '147746391292547', 0, 1, '500.00', NULL, 0, '500.00', 1.00, '7.00', 20000, '200.00', NULL, NULL),
(67, '1000000794', 110000, 110100, 110101, 34, 4, '400.00', '0.00', 0, 0, 0, 0, 1, 44, 'slarker', 24, '北京市 东城区 2222 默认', '010-00000000', '18965235826', '', 400, 0, '', '', '2016-10-28 00:00:00', 1, '2016-10-27 11:58:11', 0, 0, NULL, '147754069113944', 0, 1, '400.00', NULL, 0, '400.00', 1.00, '4.00', 0, '0.00', '2016-10-27 12:00:35', '2016-10-27 11:59:32'),
(68, '1000000805', 110000, 110100, 110101, 34, 3, '100.00', '0.00', 0, 0, 0, 0, 1, 44, 'slarker', 24, '北京市 东城区 2222 默认', '010-00000000', '18965235826', '', 100, 0, '', '', '2016-10-28 00:00:00', 0, '2016-10-27 16:43:50', 0, 0, NULL, '147755783074744', 0, 1, '100.00', NULL, 0, '100.00', 1.00, '1.00', 0, '0.00', NULL, '2016-10-27 16:51:24'),
(69, '1000000816', 110000, 110100, 110101, 34, -2, '100.00', '0.00', 1, 0, 0, 0, 1, 44, 'slarker', 24, '北京市 东城区 2222 默认', '010-00000000', '18965235826', '', 100, 0, '', '', '2016-10-28 00:00:00', 0, '2016-10-27 16:44:30', 0, 0, NULL, '147755787085144', 0, 1, '100.00', NULL, 0, '100.00', 1.00, '1.00', 0, '0.00', NULL, NULL),
(70, '1000000820', 110000, 110100, 110101, 34, 3, '300.00', '0.00', 0, 0, 0, 0, 1, 44, 'slarker', 24, '北京市 东城区 2222 默认', '010-00000000', '18965235826', '', 300, 0, '', '', '2016-10-28 00:00:00', 0, '2016-10-27 16:49:48', 0, 0, NULL, '14775581886444', 0, 1, '300.00', NULL, 0, '300.00', 1.00, '3.00', 0, '0.00', NULL, '2016-10-27 16:51:22'),
(71, '1000000831', 110000, 110100, 110101, 34, 4, '900.00', '0.00', 0, 0, 0, 0, 1, 44, 'slarker', 24, '北京市 东城区 2222 默认', '010-00000000', '18965235826', '', 900, 0, '', '', '2016-10-28 00:00:00', 1, '2016-10-27 16:50:12', 0, 0, NULL, '147755821263544', 0, 1, '900.00', NULL, 0, '900.00', 1.00, '9.00', 0, '0.00', '2016-11-03 11:05:13', '2016-10-27 16:51:20'),
(72, '1000000842', 110000, 110100, 110101, 34, -2, '100.00', '0.00', 1, 0, 0, 0, 1, 41, '123456789', 24, '北京市 东城区 2222 默认', '010-00000000', '12345678901', '', 100, 0, '', '1+', '2016-10-27 19:08:35', 0, '2016-10-27 17:08:35', 0, 0, NULL, '147755931553841', 0, 1, '100.00', NULL, 0, '100.00', 1.00, '1.00', 0, '0.00', NULL, NULL),
(73, '1000000853', 110000, 110100, 110101, 34, -2, '100.00', '0.00', 1, 0, 0, 0, 1, 41, '123456789', 24, '北京市 东城区 2222 默认', '010-00000000', '12345678901', '', 100, 0, '', '1+', '2016-10-28 16:00:23', 0, '2016-10-28 14:00:23', 0, 0, NULL, '147763442371741', 0, 1, '100.00', NULL, 0, '100.00', 1.00, '1.00', 0, '0.00', NULL, NULL),
(74, '1000000864', 110000, 110100, 110101, 34, -2, '100.00', '0.00', 1, 0, 0, 0, 1, 41, '123456789', 24, '北京市 东城区 2222 默认', '010-00000000', '12345678901', '', 100, 0, '', '1+', '2016-10-28 16:22:15', 0, '2016-10-28 14:22:16', 0, 0, NULL, '14776357364541', 0, 1, '100.00', NULL, 0, '100.00', 1.00, '1.00', 0, '0.00', NULL, NULL),
(75, '1000000875', 110000, 110100, 110101, 34, -2, '100.00', '0.00', 1, 0, 0, 0, 1, 41, '123456789', 24, '北京市 东城区 2222 默认', '010-00000000', '12345678901', '', 100, 0, '', '5+', '2016-10-28 16:39:05', 0, '2016-10-28 14:39:05', 0, 0, NULL, '147763674581141', 0, 1, '100.00', NULL, 0, '100.00', 1.00, '1.00', 0, '0.00', NULL, NULL),
(76, '1000000886', 110000, 110100, 110101, 34, -2, '100.00', '0.00', 1, 0, 0, 0, 1, 41, '123456789', 24, '北京市 东城区 2222 默认', '010-00000000', '12345678901', '', 100, 0, '', '1+', '2016-10-28 16:58:45', 0, '2016-10-28 14:58:45', 0, 0, NULL, '147763792567141', 0, 1, '100.00', NULL, 0, '100.00', 1.00, '1.00', 0, '0.00', NULL, NULL),
(77, '1000000890', 110000, 110100, 110101, 34, -2, '200.00', '0.00', 1, 0, 0, 0, 1, 44, 'slarker', 24, '北京市 东城区 2222 默认', '010-00000000', '18965235826', '', 200, 0, '', '5+dd', '2016-10-28 17:05:45', 0, '2016-10-28 15:05:45', 0, 0, NULL, '147763834569244', 0, 1, '200.00', NULL, 0, '200.00', 1.00, '2.00', 0, '0.00', NULL, NULL),
(78, '1000000901', 110000, 110100, 110101, 34, -2, '100.00', '0.00', 1, 0, 0, 0, 1, 44, 'slarker', 24, '北京市 东城区 2222 默认', '010-00000000', '18965235826', '', 100, 0, '', '5+ee', '2016-10-28 17:06:41', 0, '2016-10-28 15:06:41', 0, 0, NULL, '147763840177144', 0, 1, '100.00', NULL, 0, '100.00', 1.00, '1.00', 0, '0.00', NULL, NULL),
(79, '1000000912', 430000, 430400, 430408, 34, -2, '200.00', '0.00', 1, 0, 0, 0, 1, 47, '18181818', 27, '衡阳市 蒸湘区 默认 默认', '010-00000000', '13211111111', '', 200, 0, '', '7+', '2016-11-01 17:32:22', 0, '2016-11-01 15:32:22', 0, 0, NULL, '147798554273847', 0, 1, '200.00', NULL, 0, '200.00', 1.00, '2.00', 0, '0.00', NULL, NULL),
(80, '1000000923', 430000, 430400, 430408, 34, -2, '100.00', '0.00', 1, 0, 0, 0, 1, 47, '18181818', 27, '衡阳市 蒸湘区 默认 默认', '010-00000000', '13211111111', '', 100, 0, '', '14+', '2016-11-01 18:37:42', 0, '2016-11-01 16:37:42', 0, 0, NULL, '147798946275547', 0, 1, '100.00', NULL, 0, '100.00', 1.00, '1.00', 0, '0.00', NULL, NULL),
(81, '1000000934', 430000, 430400, 430408, 34, -2, '100.00', '0.00', 1, 0, 0, 0, 1, 47, '大分公司', 27, '衡阳市 蒸湘区 默认 阿什顿发送到', '010-00000000', '12341234123', '', 100, 0, '', 'undefined+', '2016-11-02 17:38:33', 0, '2016-11-02 15:38:33', 0, 0, NULL, '147807231337847', 0, 1, '100.00', NULL, 0, '100.00', 1.00, '1.00', 0, '0.00', NULL, NULL),
(82, '1000000945', 430000, 430400, 430408, 34, -2, '100.00', '0.00', 1, 0, 0, 0, 1, 47, '大分公司', 27, '衡阳市 蒸湘区 默认 阿什顿发送到', '010-00000000', '12341234123', '', 100, 0, '', '11+', '2016-11-02 17:39:44', 0, '2016-11-02 15:39:44', 0, 0, NULL, '147807238440847', 0, 1, '100.00', NULL, 0, '100.00', 1.00, '1.00', 0, '0.00', NULL, NULL),
(83, '1000000956', 430000, 430400, 430408, 34, 1, '100.00', '0.00', 0, 0, 0, 0, 1, 47, '大分公司', 27, '衡阳市 蒸湘区 默认 阿什顿发送到', '010-00000000', '12341234123', '', 100, 0, '', '', '2016-11-04 00:00:00', 0, '2016-11-03 15:29:52', 0, 0, NULL, '147815819193547', 0, 1, '100.00', NULL, 0, '100.00', 1.00, '1.00', 0, '0.00', NULL, NULL),
(84, '1000000960', 430000, 430400, 430408, 34, -2, '100.00', '0.00', 1, 0, 0, 0, 1, 41, '刘宣平', 27, '衡阳市 蒸湘区 默认 湖南工学院', '', '13203290137', '', 100, 0, '', '', '2016-11-04 09:45:00', 0, '2016-11-04 08:44:23', 0, 0, NULL, '147822026236641', 0, 1, '100.00', NULL, 0, '100.00', 1.00, '1.00', 0, '0.00', NULL, NULL),
(85, '1000000971', 430000, 430400, 430408, 34, -2, '0.00', '0.00', 1, 0, 0, 1, 1, 47, '大分公司', 27, '衡阳市 蒸湘区 默认 阿什顿发送到', '010-00000000', '12341234123', '', 0, 0, '', '12+asd', '2016-11-04 10:49:57', 0, '2016-11-04 08:49:57', 0, 0, NULL, '147822059741447', 0, 1, '0.00', NULL, 0, '0.00', 1.00, '0.00', 0, '0.00', NULL, NULL),
(86, '1000000982', 430000, 430400, 430408, 34, -2, '100.00', '0.00', 1, 0, 0, 0, 1, 47, '大分公司', 27, '衡阳市 蒸湘区 默认 阿什顿发送到', '010-00000000', '12341234123', '', 100, 0, '', 'undefined+', '2016-11-04 10:51:00', 0, '2016-11-04 08:51:02', 0, 0, NULL, '147822066090147', 0, 1, '100.00', NULL, 0, '100.00', 1.00, '1.00', 0, '0.00', NULL, NULL),
(87, '1000000993', 430000, 430400, 430408, 34, -2, '100.00', '0.00', 1, 0, 0, 0, 1, 47, '大分公司', 27, '衡阳市 蒸湘区 默认 阿什顿发送到', '010-00000000', '12341234123', '', 100, 0, '', '12+', '2016-11-04 10:51:48', 0, '2016-11-04 08:51:48', 0, 0, NULL, '147822070827547', 0, 1, '100.00', NULL, 0, '100.00', 1.00, '1.00', 0, '0.00', NULL, NULL),
(88, '1000001015', 430000, 430400, 430408, 34, -2, '0.00', '0.00', 1, 0, 0, 1, 1, 58, 'sdas', 27, '衡阳市 蒸湘区 默认 sdasdad', '010-00000000', '13142354174', '', 0, 0, '', 'undefined+we', '2016-11-04 11:07:41', 0, '2016-11-04 09:07:41', 0, 0, NULL, '147822166191958', 0, 1, '0.00', NULL, 0, '0.00', 1.00, '0.00', 0, '0.00', NULL, NULL),
(89, '1000001026', 430000, 430400, 430408, 34, 1, '100.00', '0.00', 0, 0, 0, 0, 1, 47, '大分公司', 27, '衡阳市 蒸湘区 默认 阿什顿发送到', '010-00000000', '12341234123', '', 100, 0, '', '', '2016-11-05 00:00:00', 0, '2016-11-04 09:32:15', 0, 0, NULL, '147822313557447', 0, 1, '100.00', NULL, 0, '100.00', 1.00, '1.00', 0, '0.00', NULL, NULL),
(90, '1000001030', 430000, 430400, 430408, 34, -2, '0.01', '0.00', 1, 0, 0, 0, 1, 41, '刘宣平', 27, '衡阳市 蒸湘区 默认 湖南工学院', '010-00000000', '13203290137', '', 0, 0, '', 'undefined+', '2016-11-04 12:00:20', 0, '2016-11-04 10:00:20', 0, 0, NULL, '147822482073641', 0, 1, '0.01', NULL, 0, '0.01', 1.00, '0.00', 0, '0.00', NULL, NULL),
(91, '1000001041', 430000, 430400, 430408, 34, -2, '0.01', '0.00', 1, 0, 0, 0, 1, 41, '刘宣平', 27, '衡阳市 蒸湘区 默认 湖南工学院', '010-00000000', '13203290137', '', 0, 0, '', 'undefined+', '2016-11-04 12:05:14', 0, '2016-11-04 10:05:14', 0, 0, NULL, '147822511467041', 0, 1, '0.01', NULL, 0, '0.01', 1.00, '0.00', 0, '0.00', NULL, NULL),
(92, '1000001052', 430000, 430400, 430408, 34, -2, '0.01', '0.00', 1, 0, 0, 0, 1, 41, '刘宣平', 27, '衡阳市 蒸湘区 默认 湖南工学院', '010-00000000', '13203290137', '', 0, 0, '', '4+', '2016-11-04 12:12:14', 0, '2016-11-04 10:12:14', 0, 0, NULL, '147822553483041', 0, 1, '0.01', NULL, 0, '0.01', 1.00, '0.00', 0, '0.00', NULL, NULL),
(93, '1000001063', 430000, 430400, 430408, 34, 1, '100.00', '0.00', 0, 0, 0, 0, 1, 47, '大分公司', 27, '衡阳市 蒸湘区 默认 阿什顿发送到', '010-00000000', '12341234123', '', 100, 0, '', '座位号： 10 留言： 尼玛卖批。', '2016-11-05 00:00:00', 0, '2016-11-04 10:31:53', 0, 0, NULL, '147822671311847', 0, 1, '100.00', NULL, 0, '100.00', 1.00, '1.00', 0, '0.00', NULL, NULL),
(94, '1000001074', 430000, 430400, 430408, 34, -2, '0.00', '0.00', 1, 0, 0, 1, 1, 41, '刘宣平', 27, '衡阳市 蒸湘区 默认 湖南工学院', '010-00000000', '13203290137', '', 0, 0, '', 'undefined+', '2016-11-04 12:45:59', 0, '2016-11-04 10:45:59', 0, 0, NULL, '147822755965941', 0, 1, '0.00', NULL, 0, '0.00', 1.00, '0.00', 0, '0.00', NULL, NULL),
(95, '1000001085', 430000, 430400, 430408, 34, -2, '100.00', '0.00', 1, 0, 0, 0, 1, 41, '刘宣平', 27, '衡阳市 蒸湘区 默认 湖南工学院', '010-00000000', '13203290137', '', 100, 0, '', 'undefined+', '2016-11-04 12:57:19', 0, '2016-11-04 11:01:08', 0, 0, NULL, '147822824030941', 0, 1, '100.00', NULL, 0, '100.00', 1.00, '1.00', 0, '0.00', NULL, NULL),
(96, '1000001096', 430000, 430400, 430408, 34, -2, '100.00', '0.00', 1, 0, 0, 0, 1, 41, '刘宣平', 27, '衡阳市 蒸湘区 默认 湖南工学院', '010-00000000', '13203290137', '', 100, 0, '', 'undefined+', '2016-11-04 13:01:52', 0, '2016-11-04 11:03:38', 0, 0, NULL, '147822851317841', 0, 1, '100.00', NULL, 0, '100.00', 1.00, '1.00', 0, '0.00', NULL, NULL),
(97, '1000001100', 430000, 430400, 430408, 34, -2, '100.00', '0.00', 1, 0, 0, 0, 1, 41, '刘宣平', 27, '衡阳市 蒸湘区 默认 湖南工学院', '010-00000000', '13203290137', '', 100, 0, '', 'undefined+', '2016-11-04 13:03:54', 0, '2016-11-04 11:04:14', 0, 0, NULL, '147822863443341', 0, 1, '100.00', NULL, 0, '100.00', 1.00, '1.00', 0, '0.00', NULL, NULL),
(98, '1000001111', 430000, 430400, 430408, 34, -2, '100.00', '0.00', 1, 0, 0, 0, 1, 41, '刘宣平', 27, '衡阳市 蒸湘区 默认 湖南工学院', '010-00000000', '13203290137', '', 100, 0, '', 'undefined+', '2016-11-04 13:04:36', 0, '2016-11-04 11:05:14', 0, 0, NULL, '147822867676741', 0, 1, '100.00', NULL, 0, '100.00', 1.00, '1.00', 0, '0.00', NULL, NULL),
(99, '1000001122', 430000, 430400, 430408, 34, -2, '100.00', '0.00', 1, 0, 0, 0, 1, 41, '刘宣平', 27, '衡阳市 蒸湘区 默认 湖南工学院', '010-00000000', '13203290137', '', 100, 0, '', 'undefined+', '2016-11-04 13:05:29', 0, '2016-11-04 11:05:59', 0, 0, NULL, '147822872984141', 0, 1, '100.00', NULL, 0, '100.00', 1.00, '1.00', 0, '0.00', NULL, NULL),
(100, '1000001133', 430000, 430400, 430408, 34, -2, '100.00', '0.00', 1, 0, 0, 0, 1, 41, '刘宣平', 27, '衡阳市 蒸湘区 默认 湖南工学院', '010-00000000', '13203290137', '', 100, 0, '', 'undefined+', '2016-11-04 13:06:12', 0, '2016-11-04 11:06:26', 0, 0, NULL, '147822877272541', 0, 1, '100.00', NULL, 0, '100.00', 1.00, '1.00', 0, '0.00', NULL, NULL),
(101, '1000001144', 430000, 430400, 430408, 34, -2, '1.00', '0.00', 1, 0, 0, 0, 1, 41, '刘宣平', 27, '衡阳市 蒸湘区 默认 湖南工学院', '010-00000000', '13203290137', '', 1, 0, '', 'undefined+', '2016-11-04 13:07:04', 0, '2016-11-04 11:07:06', 0, 0, NULL, '147822882472841', 0, 1, '1.00', NULL, 0, '1.00', 1.00, '0.01', 0, '0.00', NULL, NULL),
(102, '1000001155', 430000, 430400, 430408, 34, -2, '1.00', '0.00', 1, 0, 0, 0, 1, 44, 'slarker', 27, '衡阳市 蒸湘区 默认 默认', '010-00000000', '18835964897', '', 1, 0, '', '座位号： 5 留言： 好的', '2016-11-05 11:16:19', 0, '2016-11-05 09:16:20', 0, 0, NULL, '147830858010344', 0, 1, '1.00', NULL, 0, '1.00', 1.00, '0.01', 0, '0.00', NULL, NULL),
(103, '1000001166', 430000, 430400, 430408, 34, -2, '1.00', '0.00', 1, 0, 0, 0, 1, 44, 'slarker', 27, '衡阳市 蒸湘区 默认 默认', '010-00000000', '18835964897', '', 1, 0, '', '座位号： 7 留言：', '2016-11-05 11:17:48', 0, '2016-11-05 09:17:48', 0, 0, NULL, '147830866872544', 0, 1, '1.00', NULL, 0, '1.00', 1.00, '0.01', 0, '0.00', NULL, NULL),
(104, '1000001170', 430000, 430400, 430408, 34, -2, '1.00', '0.00', 1, 0, 0, 0, 1, 44, 'slarker', 27, '衡阳市 蒸湘区 默认 默认', '010-00000000', '18835964897', '', 1, 0, '', '座位号： 6 留言：', '2016-11-05 11:20:02', 0, '2016-11-05 09:20:02', 0, 0, NULL, '147830880266744', 0, 1, '1.00', NULL, 0, '1.00', 1.00, '0.01', 0, '0.00', NULL, NULL),
(105, '1000001181', 430000, 430400, 430408, 34, -2, '1.00', '0.00', 1, 0, 0, 0, 1, 44, 'slarker', 27, '衡阳市 蒸湘区 默认 默认', '010-00000000', '18835964897', '', 1, 0, '', '座位号： 5 留言：', '2016-11-05 11:20:32', 0, '2016-11-05 09:20:32', 0, 0, NULL, '147830883260944', 0, 1, '1.00', NULL, 0, '1.00', 1.00, '0.01', 0, '0.00', NULL, NULL);

-- --------------------------------------------------------

--
-- Table structure for table `wst_order_complains`
--

CREATE TABLE `wst_order_complains` (
  `complainId` int(11) NOT NULL,
  `orderId` int(11) DEFAULT NULL,
  `complainType` tinyint(4) NOT NULL DEFAULT '1',
  `complainTargetId` int(11) NOT NULL,
  `respondTargetId` int(11) NOT NULL,
  `needRespond` tinyint(4) DEFAULT '0',
  `deliverRespondTime` datetime DEFAULT NULL,
  `complainContent` text NOT NULL,
  `complainAnnex` varchar(255) DEFAULT NULL,
  `complainStatus` tinyint(4) NOT NULL DEFAULT '0',
  `complainTime` datetime NOT NULL,
  `respondContent` text,
  `respondAnnex` varchar(255) DEFAULT NULL,
  `respondTime` datetime DEFAULT NULL,
  `finalResult` text,
  `finalResultTime` datetime DEFAULT NULL,
  `finalHandleStaffId` int(11) DEFAULT NULL
) ENGINE=MyISAM DEFAULT CHARSET=utf8;

-- --------------------------------------------------------

--
-- Table structure for table `wst_order_goods`
--

CREATE TABLE `wst_order_goods` (
  `id` int(11) NOT NULL,
  `orderId` int(11) NOT NULL,
  `goodsId` int(11) NOT NULL,
  `goodsNums` int(11) NOT NULL DEFAULT '0',
  `goodsPrice` decimal(11,2) NOT NULL DEFAULT '0.00',
  `goodsAttrId` int(11) DEFAULT '0',
  `goodsAttrName` varchar(255) DEFAULT '',
  `goodsName` varchar(50) DEFAULT NULL,
  `goodsThums` varchar(150) DEFAULT NULL
) ENGINE=MyISAM DEFAULT CHARSET=utf8;

--
-- Dumping data for table `wst_order_goods`
--

INSERT INTO `wst_order_goods` (`id`, `orderId`, `goodsId`, `goodsNums`, `goodsPrice`, `goodsAttrId`, `goodsAttrName`, `goodsName`, `goodsThums`) VALUES
(1, 1, 257, 1, '100.00', 0, '', '创意热饮', 'Upload/goods/2016-10/5801caced5f32_thumb.png'),
(2, 2, 265, 1, '700.00', 0, '', '商品6', 'Upload/goods/2016-10/5802e44cb11d2_thumb.png'),
(3, 3, 259, 1, '100.00', 0, '', '商品2', 'Upload/goods/2016-10/5802dc68a5e2a_thumb.png'),
(4, 3, 255, 1, '0.00', 0, '', '123456', 'Upload/goods/2016-10/57ff556bddd3d_thumb.jpg'),
(5, 3, 257, 1, '100.00', 0, '', '创意热饮', 'Upload/goods/2016-10/5801caced5f32_thumb.png'),
(6, 3, 256, 1, '100.00', 0, '', 'coffee', 'Upload/goods/2016-10/5801a49a95662_thumb.png'),
(7, 4, 260, 1, '100.00', 0, '', '商品3', 'Upload/goods/2016-10/5802dc8c6d99a_thumb.jpg'),
(8, 4, 259, 1, '100.00', 0, '', '商品2', 'Upload/goods/2016-10/5802dc68a5e2a_thumb.png'),
(9, 4, 258, 1, '100.00', 0, '', '特调冷饮', 'Upload/goods/2016-10/5801cafabb4cc_thumb.png'),
(10, 4, 257, 1, '100.00', 0, '', '创意热饮', 'Upload/goods/2016-10/5801caced5f32_thumb.png'),
(11, 4, 256, 1, '100.00', 0, '', 'coffee', 'Upload/goods/2016-10/5801a49a95662_thumb.png'),
(12, 5, 257, 2, '100.00', 0, '', '创意热饮', 'Upload/goods/2016-10/5801caced5f32_thumb.png'),
(13, 6, 257, 1, '100.00', 0, '', '创意热饮', 'Upload/goods/2016-10/5801caced5f32_thumb.png'),
(14, 7, 259, 1, '100.00', 0, '', '商品2', 'Upload/goods/2016-10/5802dc68a5e2a_thumb.png'),
(15, 8, 255, 1, '0.00', 0, '', '123456', 'Upload/goods/2016-10/57ff556bddd3d_thumb.jpg'),
(16, 9, 257, 1, '100.00', 0, '', '创意热饮', 'Upload/goods/2016-10/5801caced5f32_thumb.png'),
(17, 10, 255, 1, '0.00', 0, '', '123456', 'Upload/goods/2016-10/57ff556bddd3d_thumb.jpg'),
(18, 11, 259, 1, '100.00', 0, '', '商品2', 'Upload/goods/2016-10/5802dc68a5e2a_thumb.png'),
(19, 12, 257, 1, '100.00', 0, '', '创意热饮', 'Upload/goods/2016-10/5801caced5f32_thumb.png'),
(20, 13, 257, 1, '100.00', 0, '', '创意热饮', 'Upload/goods/2016-10/5801caced5f32_thumb.png'),
(21, 14, 262, 1, '100.00', 0, '', '咖啡3', 'Upload/goods/2016-10/5802ddcc8efa9_thumb.png'),
(22, 15, 255, 1, '0.00', 0, '', '123456', 'Upload/goods/2016-10/57ff556bddd3d_thumb.jpg'),
(23, 16, 255, 1, '0.00', 0, '', '123456', 'Upload/goods/2016-10/57ff556bddd3d_thumb.jpg'),
(24, 17, 257, 1, '100.00', 0, '', '创意热饮', 'Upload/goods/2016-10/5801caced5f32_thumb.png'),
(25, 18, 259, 1, '100.00', 0, '', '商品2', 'Upload/goods/2016-10/5802dc68a5e2a_thumb.png'),
(26, 19, 259, 1, '100.00', 0, '', '商品2', 'Upload/goods/2016-10/5802dc68a5e2a_thumb.png'),
(27, 20, 259, 1, '100.00', 0, '', '商品2', 'Upload/goods/2016-10/5802dc68a5e2a_thumb.png'),
(28, 21, 256, 1, '100.00', 0, '', 'coffee', 'Upload/goods/2016-10/5801a49a95662_thumb.png'),
(29, 22, 259, 1, '100.00', 0, '', '商品2', 'Upload/goods/2016-10/5802dc68a5e2a_thumb.png'),
(30, 23, 257, 1, '100.00', 0, '', '创意热饮', 'Upload/goods/2016-10/5801caced5f32_thumb.png'),
(31, 24, 259, 1, '100.00', 0, '', '商品2', 'Upload/goods/2016-10/5802dc68a5e2a_thumb.png'),
(32, 24, 257, 1, '100.00', 0, '', '创意热饮', 'Upload/goods/2016-10/5801caced5f32_thumb.png'),
(33, 25, 257, 1, '100.00', 0, '', '创意热饮', 'Upload/goods/2016-10/5801caced5f32_thumb.png'),
(34, 25, 256, 1, '100.00', 0, '', 'coffee', 'Upload/goods/2016-10/5801a49a95662_thumb.png'),
(35, 26, 257, 2, '100.00', 0, '', '创意热饮', 'Upload/goods/2016-10/5801caced5f32_thumb.png'),
(36, 27, 258, 1, '100.00', 0, '', '特调冷饮', 'Upload/goods/2016-10/5801cafabb4cc_thumb.png'),
(37, 28, 257, 1, '100.00', 0, '', '创意热饮', 'Upload/goods/2016-10/5801caced5f32_thumb.png'),
(38, 28, 262, 2, '100.00', 0, '', '咖啡3', 'Upload/goods/2016-10/5802ddcc8efa9_thumb.png'),
(39, 28, 256, 2, '100.00', 0, '', 'coffee', 'Upload/goods/2016-10/5801a49a95662_thumb.png'),
(40, 29, 261, 1, '100.00', 0, '', '咖啡2', 'Upload/goods/2016-10/5802dda1da71e_thumb.png'),
(41, 29, 257, 1, '100.00', 0, '', '创意热饮', 'Upload/goods/2016-10/5801caced5f32_thumb.png'),
(42, 29, 262, 1, '100.00', 0, '', '咖啡3', 'Upload/goods/2016-10/5802ddcc8efa9_thumb.png'),
(43, 29, 256, 1, '100.00', 0, '', 'coffee', 'Upload/goods/2016-10/5801a49a95662_thumb.png'),
(44, 30, 256, 2, '100.00', 0, '', 'coffee', 'Upload/goods/2016-10/5801a49a95662_thumb.png'),
(45, 30, 262, 1, '100.00', 0, '', '咖啡3', 'Upload/goods/2016-10/5802ddcc8efa9_thumb.png'),
(46, 30, 257, 1, '100.00', 0, '', '创意热饮', 'Upload/goods/2016-10/5801caced5f32_thumb.png'),
(47, 30, 255, 1, '0.00', 0, '', '123456', 'Upload/goods/2016-10/57ff556bddd3d_thumb.jpg'),
(48, 31, 261, 1, '100.00', 0, '', '咖啡2', 'Upload/goods/2016-10/5802dda1da71e_thumb.png'),
(49, 31, 255, 2, '0.00', 0, '', '123456', 'Upload/goods/2016-10/57ff556bddd3d_thumb.jpg'),
(50, 32, 256, 1, '100.00', 0, '', 'coffee', 'Upload/goods/2016-10/5801a49a95662_thumb.png'),
(51, 33, 257, 1, '100.00', 0, '', '创意热饮', 'Upload/goods/2016-10/5801caced5f32_thumb.png'),
(52, 34, 257, 1, '100.00', 0, '', '创意热饮', 'Upload/goods/2016-10/5801caced5f32_thumb.png'),
(53, 35, 261, 1, '100.00', 0, '', '咖啡2', 'Upload/goods/2016-10/5802dda1da71e_thumb.png'),
(54, 36, 261, 1, '100.00', 0, '', '咖啡2', 'Upload/goods/2016-10/5802dda1da71e_thumb.png'),
(55, 37, 261, 1, '100.00', 0, '', '咖啡2', 'Upload/goods/2016-10/5802dda1da71e_thumb.png'),
(56, 38, 257, 1, '100.00', 0, '', '创意热饮', 'Upload/goods/2016-10/5801caced5f32_thumb.png'),
(57, 39, 256, 1, '100.00', 0, '', 'coffee', 'Upload/goods/2016-10/5801a49a95662_thumb.png'),
(58, 40, 261, 1, '100.00', 0, '', '咖啡2', 'Upload/goods/2016-10/5802dda1da71e_thumb.png'),
(59, 41, 261, 2, '100.00', 0, '', '咖啡2', 'Upload/goods/2016-10/5802dda1da71e_thumb.png'),
(60, 42, 256, 2, '100.00', 0, '', 'coffee', 'Upload/goods/2016-10/5801a49a95662_thumb.png'),
(61, 43, 256, 1, '100.00', 0, '', 'coffee', 'Upload/goods/2016-10/5801a49a95662_thumb.png'),
(62, 44, 261, 1, '100.00', 0, '', '咖啡2', 'Upload/goods/2016-10/5802dda1da71e_thumb.png'),
(63, 44, 256, 2, '100.00', 0, '', 'coffee', 'Upload/goods/2016-10/5801a49a95662_thumb.png'),
(64, 45, 256, 1, '100.00', 0, '', 'coffee', 'Upload/goods/2016-10/5801a49a95662_thumb.png'),
(65, 45, 261, 1, '100.00', 0, '', '咖啡2', 'Upload/goods/2016-10/5802dda1da71e_thumb.png'),
(66, 46, 261, 2, '100.00', 0, '', '咖啡2', 'Upload/goods/2016-10/5802dda1da71e_thumb.png'),
(67, 47, 261, 1, '100.00', 0, '', '咖啡2', 'Upload/goods/2016-10/5802dda1da71e_thumb.png'),
(68, 48, 256, 2, '100.00', 0, '', 'coffee', 'Upload/goods/2016-10/5801a49a95662_thumb.png'),
(69, 49, 256, 1, '100.00', 0, '', 'coffee', 'Upload/goods/2016-10/5801a49a95662_thumb.png'),
(70, 50, 261, 1, '100.00', 0, '', '咖啡2', 'Upload/goods/2016-10/5802dda1da71e_thumb.png'),
(71, 51, 255, 1, '0.00', 0, '', '123456', 'Upload/goods/2016-10/57ff556bddd3d_thumb.jpg'),
(72, 52, 259, 1, '100.00', 0, '', '商品2', 'Upload/goods/2016-10/5802dc68a5e2a_thumb.png'),
(73, 53, 255, 1, '0.00', 0, '', '123456', 'Upload/goods/2016-10/57ff556bddd3d_thumb.jpg'),
(74, 54, 255, 1, '0.00', 0, '', '123456', 'Upload/goods/2016-10/57ff556bddd3d_thumb.jpg'),
(75, 55, 258, 1, '100.00', 0, '', '特调冷饮', 'Upload/goods/2016-10/5801cafabb4cc_thumb.png'),
(76, 56, 257, 1, '100.00', 0, '', '创意热饮', 'Upload/goods/2016-10/5801caced5f32_thumb.png'),
(77, 57, 257, 1, '100.00', 0, '', '创意热饮', 'Upload/goods/2016-10/5801caced5f32_thumb.png'),
(78, 58, 256, 1, '100.00', 0, '', 'coffee', 'Upload/goods/2016-10/5801a49a95662_thumb.png'),
(79, 59, 256, 2, '100.00', 0, '', 'coffee', 'Upload/goods/2016-10/5801a49a95662_thumb.png'),
(80, 60, 256, 1, '100.00', 0, '', 'coffee', 'Upload/goods/2016-10/5801a49a95662_thumb.png'),
(81, 61, 255, 1, '0.00', 0, '', '123456', 'Upload/goods/2016-10/57ff556bddd3d_thumb.jpg'),
(82, 62, 260, 1, '100.00', 0, '', '商品3', 'Upload/goods/2016-10/5802dc8c6d99a_thumb.jpg'),
(83, 63, 256, 1, '100.00', 0, '', 'coffee', 'Upload/goods/2016-10/5801a49a95662_thumb.png'),
(84, 63, 267, 2, '100.00', 0, '', '热饮3', 'Upload/goods/2016-10/580a0bb60fa73_thumb.png'),
(85, 63, 269, 1, '100.00', 0, '', '冷饮3', 'Upload/goods/2016-10/580a0c4ab60d3_thumb.jpg'),
(86, 63, 266, 1, '100.00', 0, '', '热饮1', 'Upload/goods/2016-10/580a0b88a7fb5_thumb.png'),
(87, 64, 266, 1, '100.00', 0, '', '热饮1', 'Upload/goods/2016-10/580a0b88a7fb5_thumb.png'),
(88, 65, 268, 1, '100.00', 0, '', '冷饮2', 'Upload/goods/2016-10/580a0bd752928_thumb.jpg'),
(89, 66, 265, 1, '700.00', 0, '', '商品6', 'Upload/goods/2016-10/5802e44cb11d2_thumb.png'),
(90, 67, 269, 1, '100.00', 0, '', '冷饮3', 'Upload/goods/2016-10/580a0c4ab60d3_thumb.jpg'),
(91, 67, 270, 1, '100.00', 0, '', 'lengyin4', 'Upload/goods/2016-10/580a0d3d49a4b_thumb.jpg'),
(92, 67, 258, 1, '100.00', 0, '', '特调冷饮', 'Upload/goods/2016-10/5801cafabb4cc_thumb.png'),
(93, 67, 268, 1, '100.00', 0, '', '冷饮2', 'Upload/goods/2016-10/580a0bd752928_thumb.jpg'),
(94, 68, 256, 1, '100.00', 0, '', 'coffee', 'Upload/goods/2016-10/5801a49a95662_thumb.png'),
(95, 69, 257, 1, '100.00', 0, '', '创意热饮', 'Upload/goods/2016-10/5801caced5f32_thumb.png'),
(96, 70, 256, 1, '100.00', 0, '', 'coffee', 'Upload/goods/2016-10/5801a49a95662_thumb.png'),
(97, 70, 257, 2, '100.00', 0, '', '创意热饮', 'Upload/goods/2016-10/5801caced5f32_thumb.png'),
(98, 71, 265, 1, '700.00', 0, '', '商品6', 'Upload/goods/2016-10/5802e44cb11d2_thumb.png'),
(99, 71, 264, 1, '200.00', 0, '', '商品5', 'Upload/goods/2016-10/5802e4161ae09_thumb.png'),
(100, 72, 256, 1, '100.00', 0, '', 'coffee', 'Upload/goods/2016-10/5801a49a95662_thumb.png'),
(101, 73, 256, 1, '100.00', 0, '', 'coffee', 'Upload/goods/2016-10/5801a49a95662_thumb.png'),
(102, 74, 257, 1, '100.00', 0, '', '创意热饮', 'Upload/goods/2016-10/5801caced5f32_thumb.png'),
(103, 75, 259, 1, '100.00', 0, '', '商品2', 'Upload/goods/2016-10/5802dc68a5e2a_thumb.png'),
(104, 76, 259, 1, '100.00', 0, '', '商品2', 'Upload/goods/2016-10/5802dc68a5e2a_thumb.png'),
(105, 77, 261, 1, '100.00', 0, '', '咖啡2', 'Upload/goods/2016-10/5802dda1da71e_thumb.png'),
(106, 77, 269, 1, '100.00', 0, '', '冷饮3', 'Upload/goods/2016-10/580a0c4ab60d3_thumb.jpg'),
(107, 78, 257, 1, '100.00', 0, '', '创意热饮', 'Upload/goods/2016-10/5801caced5f32_thumb.png'),
(108, 79, 268, 1, '100.00', 0, '', '冷饮2', 'Upload/goods/2016-10/580a0bd752928_thumb.jpg'),
(109, 79, 256, 1, '100.00', 0, '', 'coffee', 'Upload/goods/2016-10/5801a49a95662_thumb.png'),
(110, 80, 256, 1, '100.00', 0, '', 'coffee', 'Upload/goods/2016-10/5801a49a95662_thumb.png'),
(111, 81, 259, 1, '100.00', 0, '', '商品2', 'Upload/goods/2016-10/5802dc68a5e2a_thumb.png'),
(112, 81, 255, 1, '0.00', 0, '', '123456', 'Upload/goods/2016-10/57ff556bddd3d_thumb.jpg'),
(113, 82, 256, 1, '100.00', 0, '', 'coffee', 'Upload/goods/2016-10/5801a49a95662_thumb.png'),
(114, 83, 259, 1, '100.00', 0, '', '商品2', 'Upload/goods/2016-10/5802dc68a5e2a_thumb.png'),
(115, 84, 255, 1, '0.00', 0, '', '123456', 'Upload/goods/2016-10/57ff556bddd3d_thumb.jpg'),
(116, 84, 259, 1, '100.00', 0, '', '商品2', 'Upload/goods/2016-10/5802dc68a5e2a_thumb.png'),
(117, 85, 269, 1, '0.00', 0, '', '冷饮3', 'Upload/goods/2016-10/580a0c4ab60d3_thumb.jpg'),
(118, 86, 259, 1, '100.00', 0, '', '商品2', 'Upload/goods/2016-10/5802dc68a5e2a_thumb.png'),
(119, 87, 256, 1, '100.00', 0, '', 'coffee', 'Upload/goods/2016-10/5801a49a95662_thumb.png'),
(120, 88, 255, 1, '0.00', 0, '', '123456', 'Upload/goods/2016-10/57ff556bddd3d_thumb.jpg'),
(121, 89, 268, 1, '100.00', 0, '', '冷饮2', 'Upload/goods/2016-10/580a0bd752928_thumb.jpg'),
(122, 90, 255, 1, '0.01', 0, '', '123456', 'Upload/goods/2016-10/57ff556bddd3d_thumb.jpg'),
(123, 91, 255, 1, '0.01', 0, '', '123456', 'Upload/goods/2016-10/57ff556bddd3d_thumb.jpg'),
(124, 92, 269, 1, '0.01', 0, '', '冷饮3', 'Upload/goods/2016-10/580a0c4ab60d3_thumb.jpg'),
(125, 93, 256, 1, '100.00', 0, '', 'coffee', 'Upload/goods/2016-10/5801a49a95662_thumb.png'),
(126, 94, 256, 1, '100.00', 0, '', 'coffee', 'Upload/goods/2016-10/5801a49a95662_thumb.png'),
(127, 95, 256, 1, '100.00', 0, '', 'coffee', 'Upload/goods/2016-10/5801a49a95662_thumb.png'),
(128, 96, 256, 1, '100.00', 0, '', 'coffee', 'Upload/goods/2016-10/5801a49a95662_thumb.png'),
(129, 97, 256, 1, '100.00', 0, '', 'coffee', 'Upload/goods/2016-10/5801a49a95662_thumb.png'),
(130, 98, 256, 1, '100.00', 0, '', 'coffee', 'Upload/goods/2016-10/5801a49a95662_thumb.png'),
(131, 99, 256, 1, '100.00', 0, '', 'coffee', 'Upload/goods/2016-10/5801a49a95662_thumb.png'),
(132, 100, 256, 1, '100.00', 0, '', 'coffee', 'Upload/goods/2016-10/5801a49a95662_thumb.png'),
(133, 101, 256, 1, '100.00', 0, '', 'coffee', 'Upload/goods/2016-10/5801a49a95662_thumb.png'),
(134, 102, 256, 1, '100.00', 0, '', 'coffee', 'Upload/goods/2016-10/5801a49a95662_thumb.png'),
(135, 103, 256, 1, '100.00', 0, '', 'coffee', 'Upload/goods/2016-10/5801a49a95662_thumb.png'),
(136, 104, 256, 1, '100.00', 0, '', 'coffee', 'Upload/goods/2016-10/5801a49a95662_thumb.png'),
(137, 105, 256, 1, '100.00', 0, '', 'coffee', 'Upload/goods/2016-10/5801a49a95662_thumb.png');

-- --------------------------------------------------------

--
-- Table structure for table `wst_order_reminds`
--

CREATE TABLE `wst_order_reminds` (
  `remindId` int(11) NOT NULL,
  `orderId` int(11) NOT NULL,
  `userId` int(11) NOT NULL,
  `shopId` int(11) NOT NULL,
  `remindType` tinyint(4) NOT NULL DEFAULT '0',
  `userType` tinyint(4) NOT NULL DEFAULT '0',
  `createTime` datetime NOT NULL
) ENGINE=MyISAM DEFAULT CHARSET=utf8;

--
-- Dumping data for table `wst_order_reminds`
--

INSERT INTO `wst_order_reminds` (`remindId`, `orderId`, `userId`, `shopId`, `remindType`, `userType`, `createTime`) VALUES
(1, 2, 9, 4, 0, 0, '2015-05-19 23:35:49'),
(2, 3, 9, 4, 0, 0, '2015-05-24 15:59:46'),
(3, 1, 41, 34, 0, 0, '2016-10-18 14:17:23'),
(4, 2, 41, 34, 0, 0, '2016-10-18 14:21:34'),
(5, 3, 41, 34, 0, 0, '2016-10-18 15:05:55'),
(6, 4, 41, 34, 0, 0, '2016-10-18 15:27:13'),
(7, 5, 41, 34, 0, 0, '2016-10-18 15:30:50'),
(8, 6, 41, 34, 0, 0, '2016-10-18 16:27:54'),
(9, 7, 41, 34, 0, 0, '2016-10-18 16:28:54'),
(10, 8, 41, 34, 0, 0, '2016-10-18 16:29:34'),
(11, 9, 41, 34, 0, 0, '2016-10-18 16:30:38'),
(12, 10, 41, 34, 0, 0, '2016-10-18 16:31:18'),
(13, 11, 41, 34, 0, 0, '2016-10-18 16:51:30'),
(14, 12, 41, 34, 0, 0, '2016-10-18 16:56:46'),
(15, 13, 41, 34, 0, 0, '2016-10-18 16:58:05'),
(16, 14, 41, 34, 0, 0, '2016-10-18 16:59:39'),
(17, 15, 41, 34, 0, 0, '2016-10-18 17:02:00'),
(18, 16, 41, 34, 0, 0, '2016-10-18 17:03:28'),
(19, 17, 41, 34, 0, 0, '2016-10-18 17:05:07'),
(20, 18, 41, 34, 0, 0, '2016-10-18 17:06:29'),
(21, 19, 41, 34, 0, 0, '2016-10-18 17:07:42'),
(22, 20, 41, 34, 0, 0, '2016-10-18 17:40:07'),
(23, 21, 41, 34, 0, 0, '2016-10-18 17:43:40'),
(24, 22, 41, 34, 0, 0, '2016-10-18 18:16:13'),
(25, 23, 41, 34, 0, 0, '2016-10-18 19:16:55'),
(26, 24, 41, 34, 0, 0, '2016-10-19 10:16:28'),
(27, 25, 41, 34, 0, 0, '2016-10-19 11:38:37'),
(28, 26, 41, 34, 0, 0, '2016-10-19 14:41:17'),
(29, 27, 41, 34, 0, 0, '2016-10-19 16:27:58'),
(30, 28, 41, 34, 0, 0, '2016-10-19 17:53:06'),
(31, 30, 41, 34, 0, 0, '2016-10-20 16:56:31'),
(32, 31, 41, 34, 0, 0, '2016-10-20 18:13:56'),
(33, 32, 41, 34, 0, 0, '2016-10-20 18:22:55'),
(34, 52, 41, 34, 0, 0, '2016-10-24 10:58:04'),
(35, 61, 41, 34, 0, 0, '2016-10-26 08:59:41'),
(36, 62, 41, 34, 0, 0, '2016-10-26 11:33:50'),
(37, 63, 41, 34, 0, 0, '2016-10-26 11:48:41'),
(38, 64, 41, 34, 0, 0, '2016-10-26 11:49:01'),
(39, 65, 41, 34, 0, 0, '2016-10-26 11:49:18'),
(40, 66, 41, 34, 0, 0, '2016-10-26 14:38:33'),
(41, 67, 41, 34, 0, 0, '2016-10-27 11:58:11'),
(42, 68, 41, 34, 0, 0, '2016-10-27 16:43:50'),
(43, 70, 41, 34, 0, 0, '2016-10-27 16:49:48'),
(44, 71, 41, 34, 0, 0, '2016-10-27 16:50:12'),
(45, 83, 41, 34, 0, 0, '2016-11-03 15:29:52'),
(46, 89, 41, 34, 0, 0, '2016-11-04 09:32:15'),
(47, 93, 41, 34, 0, 0, '2016-11-04 10:31:53');

-- --------------------------------------------------------

--
-- Table structure for table `wst_order_settlements`
--

CREATE TABLE `wst_order_settlements` (
  `settlementId` int(11) NOT NULL,
  `settlementNo` varchar(12) DEFAULT NULL,
  `settlementType` tinyint(4) NOT NULL DEFAULT '0',
  `shopId` int(11) NOT NULL,
  `accName` varchar(50) DEFAULT NULL,
  `accNo` varchar(30) NOT NULL,
  `accUser` varchar(100) NOT NULL,
  `orderMoney` decimal(10,2) NOT NULL DEFAULT '0.00',
  `settlementMoney` decimal(10,2) NOT NULL DEFAULT '0.00',
  `poundageMoney` decimal(10,2) NOT NULL DEFAULT '0.00',
  `createTime` datetime NOT NULL,
  `isFinish` tinyint(4) NOT NULL DEFAULT '0',
  `finishTime` datetime DEFAULT NULL,
  `remarks` text
) ENGINE=MyISAM DEFAULT CHARSET=utf8;

-- --------------------------------------------------------

--
-- Table structure for table `wst_payments`
--

CREATE TABLE `wst_payments` (
  `id` int(11) NOT NULL,
  `payCode` varchar(255) DEFAULT NULL,
  `payName` varchar(255) DEFAULT NULL,
  `payDesc` text,
  `payOrder` int(11) DEFAULT '0',
  `payConfig` text,
  `enabled` tinyint(4) DEFAULT '0',
  `isOnline` tinyint(4) DEFAULT '0'
) ENGINE=MyISAM DEFAULT CHARSET=utf8;

--
-- Dumping data for table `wst_payments`
--

INSERT INTO `wst_payments` (`id`, `payCode`, `payName`, `payDesc`, `payOrder`, `payConfig`, `enabled`, `isOnline`) VALUES
(1, 'cod', '货到付款', '开通城市', 1, '', 1, 0),
(2, 'alipay', '支付宝', '', 2, '', 0, 1),
(3, 'weixin', '微信支付', '微信支付', 1, '{"appId":"wxb27ead0afb18c544","mchId":"1358481202","apiKey":"Slarker1234567891098765432188888","appsecret":"69952dd1f5114b3b52af2f5997d70998","payIcon":"Apps\\/Admin\\/View\\/img\\/payment\\/weixin.jpg"}', 1, 1);

-- --------------------------------------------------------

--
-- Table structure for table `wst_roles`
--

CREATE TABLE `wst_roles` (
  `roleId` int(11) NOT NULL,
  `roleName` varchar(30) NOT NULL,
  `grant` text,
  `createTime` datetime NOT NULL,
  `roleFlag` tinyint(4) NOT NULL DEFAULT '1'
) ENGINE=MyISAM DEFAULT CHARSET=utf8;

--
-- Dumping data for table `wst_roles`
--

INSERT INTO `wst_roles` (`roleId`, `roleName`, `grant`, `createTime`, `roleFlag`) VALUES
(1, '商品管理员', 'spfl_00,spfl_01,spfl_02,spfl_03,ppgl_00,ppgl_01,ppgl_02,ppgl_03,splb_00,splb_04,splb_03,spsh_00,spsh_04,spsh_03,sppl_00,sppl_04,sppl_03', '2014-11-02 12:07:12', 1),
(2, '门店管理员', 'dplb_00,dplb_01,dplb_02,dplb_03,dpsh_00,dpsh_04,dpsh_03', '2014-11-02 12:09:05', 1),
(3, '系统管理员', 'spgl_00,spfl_00,spfl_01,spfl_02,spfl_03,ppgl_00,ppgl_01,ppgl_02,ppgl_03,splb_00,splb_04,spsh_00,spsh_04,sppl_00,sppl_04,sppl_03,ddgl_00,ddlb_00,ddts_00,ddts_04,tk_00,tk_04,js_00,js_04,bbtj_00,dttj_00,dpgl_00,dplb_00,dplb_01,dplb_02,dplb_03,dpsh_00,dqgl_00,dqlb_00,dqlb_01,dqlb_02,dqlb_03,sqlb_00,sqlb_01,sqlb_02,sqlb_03,wzgl_00,wzlb_00,wzlb_01,wzlb_02,wzlb_03,wzfl_00,wzfl_01,wzfl_02,wzfl_03,hygl_00,hydj_00,hydj_01,hydj_02,hydj_03,hylb_00,hylb_01,hylb_02,hylb_03,hyzh_00,hyzh_04,xtgl_00,jsgl_00,jsgl_01,jsgl_02,jsgl_03,zylb_00,zylb_01,zylb_02,zylb_03,dlrz_00,scsz_00,scxx_00,scxx_02,dhgl_00,dhgl_01,dhgl_02,dhgl_03,yqlj_00,yqlj_01,yqlj_02,yqlj_03,gggl_00,gggl_01,gggl_02,gggl_03,ggwzgl_00,ggwzgl_01,ggwzgl_02,ggwzgl_03,yhgl_00,yhgl_01,yhgl_02,yhgl_03,zfgl_00,zfgl_01,zfgl_02,zfgl_03', '2014-11-02 12:09:09', 1),
(4, '客服', 'sppl_00,sppl_04,sppl_03', '2014-12-20 00:08:53', 1);

-- --------------------------------------------------------

--
-- Table structure for table `wst_shops`
--

CREATE TABLE `wst_shops` (
  `shopId` int(11) NOT NULL,
  `shopSn` varchar(20) NOT NULL,
  `userId` int(11) NOT NULL,
  `areaId1` int(11) NOT NULL,
  `areaId2` int(11) NOT NULL,
  `areaId3` int(11) NOT NULL,
  `goodsCatId1` int(11) NOT NULL,
  `goodsCatId2` int(11) DEFAULT NULL,
  `goodsCatId3` int(11) DEFAULT NULL,
  `isSelf` tinyint(4) NOT NULL DEFAULT '0',
  `shopName` varchar(100) NOT NULL,
  `shopCompany` varchar(255) NOT NULL,
  `shopImg` varchar(150) NOT NULL,
  `shopTel` varchar(20) DEFAULT NULL,
  `shopAddress` varchar(255) NOT NULL,
  `avgeCostMoney` decimal(11,2) DEFAULT '0.00',
  `deliveryStartMoney` decimal(11,2) DEFAULT '0.00',
  `deliveryMoney` decimal(11,2) DEFAULT '0.00',
  `deliveryFreeMoney` decimal(11,2) DEFAULT '0.00',
  `deliveryCostTime` int(11) NOT NULL DEFAULT '0',
  `deliveryTime` varchar(255) NOT NULL,
  `deliveryType` tinyint(4) NOT NULL DEFAULT '0',
  `bankId` int(11) NOT NULL,
  `bankNo` varchar(20) NOT NULL,
  `isInvoice` tinyint(4) NOT NULL DEFAULT '0',
  `invoiceRemarks` varchar(255) DEFAULT NULL,
  `serviceStartTime` float(11,1) NOT NULL,
  `serviceEndTime` float(11,1) NOT NULL,
  `shopStatus` tinyint(4) NOT NULL DEFAULT '0',
  `statusRemarks` varchar(255) DEFAULT NULL,
  `shopAtive` tinyint(4) NOT NULL DEFAULT '1',
  `shopFlag` tinyint(4) NOT NULL DEFAULT '1',
  `createTime` datetime NOT NULL,
  `latitude` char(30) DEFAULT '0',
  `longitude` char(30) DEFAULT '0',
  `mapLevel` int(11) DEFAULT '13',
  `qqNo` varchar(20) DEFAULT NULL,
  `bankUserName` varchar(100) NOT NULL
) ENGINE=MyISAM DEFAULT CHARSET=utf8;

--
-- Dumping data for table `wst_shops`
--

INSERT INTO `wst_shops` (`shopId`, `shopSn`, `userId`, `areaId1`, `areaId2`, `areaId3`, `goodsCatId1`, `goodsCatId2`, `goodsCatId3`, `isSelf`, `shopName`, `shopCompany`, `shopImg`, `shopTel`, `shopAddress`, `avgeCostMoney`, `deliveryStartMoney`, `deliveryMoney`, `deliveryFreeMoney`, `deliveryCostTime`, `deliveryTime`, `deliveryType`, `bankId`, `bankNo`, `isInvoice`, `invoiceRemarks`, `serviceStartTime`, `serviceEndTime`, `shopStatus`, `statusRemarks`, `shopAtive`, `shopFlag`, `createTime`, `latitude`, `longitude`, `mapLevel`, `qqNo`, `bankUserName`) VALUES
(4, '00002', 9, 440000, 440100, 440106, 47, NULL, NULL, 1, '广东广州店铺', '广东广州店铺', 'Upload/shops/2015-05/554c1f72a4480.png', '020-29806661', '广东广州店铺', '20.00', '0.00', '0.00', '10.00', 0, '', 1, 17, '6222023602094008497', 1, '开错无补', 8.0, 20.0, 1, NULL, 1, 1, '2015-05-19 23:28:06', '23.134334', '113.324604', 16, '707563272', ''),
(5, '00006', 10, 440000, 440300, 440303, 48, NULL, NULL, 1, '广东深圳店铺', '广东深圳店铺', 'Upload/shops/2015-05/554c208b77447.png', '020-29806661', '广东深圳店铺', '0.00', '0.00', '0.00', '0.00', 0, '', 1, 17, '6222023602094008497', 0, '', 0.0, 0.0, 1, NULL, 1, 1, '2015-05-12 21:22:37', '22.700189', '114.236408', 15, '707563272', ''),
(6, '00005', 11, 440000, 440400, 440402, 49, NULL, NULL, 0, '广东珠海店铺', '广东珠海店铺', 'Upload/shops/2015-05/554c20d9578f2.png', '020-29806661', '广东珠海店铺', '0.00', '0.00', '0.00', '0.00', 0, '', 0, 17, '6222023602094008497', 0, '', 0.0, 0.0, 1, NULL, 1, 1, '2015-05-12 21:22:14', '22.276281', '113.557934', 15, '707563272', ''),
(7, '00004', 12, 440000, 440500, 440507, 50, NULL, NULL, 0, '广东汕头店铺', '广东汕头店铺', 'Upload/shops/2015-05/554c21314a3ab.png', '020-29806661', '广东汕头店铺', '0.00', '0.00', '0.00', '0.00', 0, '', 0, 17, '6222023602094008497', 0, '', 0.0, 0.0, 1, NULL, 1, 1, '2015-05-12 21:21:49', '23.374487', '116.73241', 14, '707563272', ''),
(8, '00003', 13, 440000, 440200, 440203, 51, NULL, NULL, 1, '广东韶关店铺', '广东韶关店铺', 'Upload/shops/2015-05/554c21985e65a.png', '020-29806661', '广东韶关店铺', '0.00', '0.00', '0.00', '0.00', 0, '', 1, 17, '6222023602094008497', 0, '', 0.0, 0.0, 1, NULL, 1, 1, '2015-05-12 21:21:09', '24.798137', '113.599145', 17, '707563272', ''),
(9, '00001', 14, 440000, 440600, 440604, 52, NULL, NULL, 1, '广东佛山店铺', '广东佛山店铺', 'Upload/shops/2015-05/554c21df265f1.png', '15918671994', '广东佛山店铺', '20.00', '0.00', '0.00', '10.00', 0, '', 1, 17, '6222023602094008497', 0, '', 8.0, 20.0, 1, NULL, 1, 1, '2015-05-12 22:03:39', '23.090203', '113.131472', 14, '707563272', ''),
(10, 'S0001', 15, 440000, 440100, 440103, 47, NULL, NULL, 0, '测试店铺', '测试公司', 'Upload/shops/2015-05/554f70160cd3a_thumb.png', '020-29806661', '广东省广州市天河区龙口东路', '50.00', '0.00', '0.00', '0.00', 0, '', 0, 17, '5212023122016330670', 1, '请注明发票抬头，可开具各种类型发票', 8.0, 20.0, 1, NULL, 0, 1, '2015-05-10 22:52:52', '23.136553', '113.34128', 18, '707563272', ''),
(11, '10001', 16, 440000, 440100, 440103, 47, NULL, NULL, 0, '测试店铺1', '广州商淘信息科技有限公司', 'Upload/shops/2015-05/55520afe5a5f6.png', '020-29806661', '广东省广州市天河区', '0.00', '0.00', '0.00', '0.00', 0, '', 0, 17, '6222023602094008497', 0, '', 0.0, 0.0, 1, NULL, 1, 1, '2015-05-26 16:32:26', '23.128446', '113.277395', 17, '707563272', ''),
(12, '10002', 17, 440000, 440100, 440106, 47, NULL, NULL, 0, '测试店铺2', '广州商淘信息科技有限公司', 'Upload/shops/2015-05/55520bac225be_thumb.png', '020-29806661', '广东省广州市天河区', '41.00', '0.00', '2.00', '2.00', 0, '', 0, 17, '6222023602094008497', 0, '', 8.0, 20.0, 1, NULL, 1, 1, '2015-05-12 22:35:10', '23.127447', '113.331835', 16, '707563272', ''),
(13, '10003', 18, 440000, 440100, 440105, 47, NULL, NULL, 0, '测试店铺3', '测试店铺3', 'Upload/shops/2015-05/55520f278cc93_thumb.png', '020-29806661', '广东省广州市海珠区', '45.00', '0.00', '2.00', '8.00', 0, '', 0, 17, '6222023602094008497', 0, '', 8.0, 20.0, 1, NULL, 1, 1, '2015-05-12 22:34:57', '23.109134', '113.243429', 17, '707563272', ''),
(14, '20004', 19, 440000, 440100, 440111, 48, NULL, NULL, 0, '测试店铺21', '测试店铺21', 'Upload/shops/2015-05/5552f7f735905.png', '020-29806661', '广东省广州市白云区', '0.00', '0.00', '0.00', '0.00', 0, '', 0, 17, '6222023602094008497', 0, '', 0.0, 0.0, 1, NULL, 1, 1, '2015-05-27 00:45:31', '23.160506', '113.271453', 17, '707563272', ''),
(15, '20003', 20, 440000, 440100, 440111, 48, NULL, NULL, 0, '测试店铺22', '测试店铺22', 'Upload/shops/2015-05/5552f8351f762.png', '020-29806661', '广东省广州市白云区', '0.00', '0.00', '0.00', '0.00', 0, '', 0, 17, '6222023602094008497', 0, '', 0.0, 0.0, 1, NULL, 1, 1, '2015-05-13 17:35:55', '23.159659', '113.256336', 17, '707563272', ''),
(16, '20002', 21, 440000, 440100, 440111, 48, NULL, NULL, 0, '测试店铺23', '测试店铺23', 'Upload/shops/2015-05/5552f87d9651a.png', '020-29806661', '广东省广州市白云区', '0.00', '0.00', '0.00', '0.00', 0, '', 0, 17, '6222023602094008497', 0, '', 0.0, 0.0, 1, NULL, 1, 1, '2015-05-13 16:59:29', '23.172826', '113.267594', 16, '707563272', ''),
(17, '20001', 22, 440000, 440100, 440111, 48, NULL, NULL, 0, '测试店铺24', '测试店铺24', 'Upload/shops/2015-05/5552f8c6de2e7.png', '020-29806661', '广东省广州市白云区', '0.00', '0.00', '0.00', '0.00', 0, '', 0, 17, '6222023602094008497', 0, '', 0.0, 0.0, 1, NULL, 1, 1, '2015-05-13 16:59:03', '23.1617', '113.255794', 16, '707563272', ''),
(18, '234978', 24, 440000, 440100, 440106, 49, NULL, NULL, 0, '测试店铺31', '测试店铺31', 'Upload/shops/2015-05/55646f83c80eb.png', '15918671994', '广东省广州市天河区', '45.00', '0.00', '5.00', '20.00', 0, '', 0, 17, '6222023602094008497', 0, '', 9.0, 23.0, 1, '', 1, 1, '2015-05-26 21:06:03', '23.126915', '113.342736', 14, '707563272', ''),
(19, '23498', 25, 440000, 440100, 440106, 49, NULL, NULL, 0, '测试店铺32', '测试店铺32', 'Upload/shops/2015-05/55647005331e6.png', '15918671994', '广东省广州市天河区', '47.00', '0.00', '0.00', '30.00', 0, '', 0, 17, '6222023602094008497', 0, '', 0.0, 0.0, 1, '', 1, 1, '2015-05-26 21:08:13', '23.135005', '113.3378', 16, '707563272', ''),
(20, '3249', 26, 440000, 440100, 440106, 49, NULL, NULL, 0, '测试店铺33', '测试店铺33', 'Upload/shops/2015-05/5564709e3dc3d.png', '15918671994', '广东省广州市天河区', '34.00', '0.00', '5.00', '32.00', 0, '', 0, 17, '6222023602094008497', 0, '', 6.0, 17.0, 1, '', 1, 1, '2015-05-26 21:09:53', '23.133576', '113.333174', 15, '707563272', ''),
(21, '324982', 27, 440000, 440100, 440106, 49, NULL, NULL, 0, '测试店铺34', '测试店铺34', 'Upload/shops/2015-05/556470c441fff.png', '15918671994', '广东省广州市天河区', '50.00', '0.00', '5.00', '45.00', 0, '', 0, 17, '6222023602094008497', 0, '', 7.0, 21.0, 1, '', 1, 1, '2015-05-26 21:11:23', '23.133229', '113.356597', 16, '707563272', ''),
(22, '234823', 28, 440000, 440100, 440106, 50, NULL, NULL, 0, '测试店铺41', '测试店铺41', 'Upload/shops/2015-05/5564715db78ba.png', '15918671994', '广东省广州市天河区', '65.00', '0.00', '5.00', '40.00', 0, '', 0, 17, '6222023602094008497', 0, '', 9.0, 22.0, 1, '', 1, 1, '2015-05-26 21:14:00', '23.13903', '113.336127', 15, '707563272', ''),
(23, '234978', 29, 440000, 440100, 440106, 50, NULL, NULL, 0, '测试店铺42', '测试店铺42', 'Upload/shops/2015-05/556472c50ae1a.png', '15918671994', '广东省广州市天河区', '45.00', '0.00', '5.00', '54.00', 0, '', 0, 17, '6222023602094008497', 0, '', 9.0, 23.0, 1, '', 1, 1, '2015-05-26 21:20:27', '23.144935', '113.327867', 15, '707563272', ''),
(24, '23423', 30, 440000, 440100, 440106, 50, NULL, NULL, 0, '测试店铺43', '测试店铺43', 'Upload/shops/2015-05/55647356b697b.png', '15918671994', '广东省广州市天河区', '80.00', '0.00', '8.00', '80.00', 0, '', 0, 17, '6222023602094008497', 0, '', 0.0, 0.0, 1, '', 1, 1, '2015-05-26 21:22:06', '23.144002', '113.340761', 15, '707563272', ''),
(25, '234798', 31, 440000, 440100, 440106, 50, NULL, NULL, 0, '测试店铺44', '测试店铺44', 'Upload/shops/2015-05/556473da51f49.png', '15918671994', '广东省广州市天河区', '45.00', '0.00', '5.00', '50.00', 0, '', 0, 17, '6222023602094008497', 0, '', 10.0, 21.0, 1, '', 1, 1, '2015-05-26 21:24:36', '23.138717', '113.332816', 15, '707563272', ''),
(26, '23489723', 32, 440000, 440100, 440106, 51, NULL, NULL, 0, '测试店铺51', '测试店铺51', 'Upload/shops/2015-05/5564752741943.png', '15918671994', '广东省广州市天河区', '34.00', '0.00', '4.00', '30.00', 0, '', 0, 17, '6222023602094008497', 0, '', 9.0, 17.0, 1, '', 1, 1, '2015-05-26 21:30:17', '23.123165', '113.348529', 15, '707563272', ''),
(27, '2189', 33, 440000, 440100, 440106, 51, NULL, NULL, 0, '测试店铺52', '测试店铺52', 'Upload/shops/2015-05/556475978d54c.png', '15918671994', '广东省广州市天河区', '67.00', '0.00', '6.00', '50.00', 0, '', 0, 17, '6222023602094008497', 0, '', 10.0, 22.0, 1, '', 1, 1, '2015-05-26 21:32:01', '23.142108', '113.334882', 15, '707563272', ''),
(28, '249823', 34, 440000, 440100, 440106, 51, NULL, NULL, 0, '测试店铺53', '测试店铺53', 'Upload/shops/2015-05/556475f979416.png', '15918671994', '广东省广州市天河区', '45.00', '0.00', '3.00', '45.00', 0, '', 0, 17, '6222023602094008497', 0, '', 0.0, 22.0, 1, '', 1, 1, '2015-05-26 21:33:27', '23.13386', '113.326471', 16, '707563272', ''),
(29, '23489', 35, 440000, 440100, 440106, 51, NULL, NULL, 0, '测试店铺54', '测试店铺54', 'Upload/shops/2015-05/5564777f510ac.png', '15918671994', '广东省广州市天河区', '35.00', '0.00', '3.00', '30.00', 0, '', 0, 17, '6222023602094008497', 0, '', 7.0, 22.0, 1, '', 1, 1, '2015-05-26 21:40:20', '23.129914', '113.32278', 15, '707563272', ''),
(30, '23499', 36, 440000, 440100, 440106, 52, NULL, NULL, 0, '测试店铺61', '测试店铺61', 'Upload/shops/2015-05/5564782d1b224.png', '15918671994', '广东省广州市天河区', '24.00', '0.00', '4.00', '12.00', 0, '', 0, 17, '6222023602094008497', 0, '', 4.0, 23.0, 1, '', 1, 1, '2015-05-26 21:42:59', '23.131414', '113.35473', 16, '707563272', ''),
(31, '23497832', 37, 440000, 440100, 440106, 52, NULL, NULL, 0, '测试店铺62', '测试店铺62', 'Upload/shops/2015-05/556478c4abcd8.png', '15918671994', '广东省广州市天河区', '32.00', '0.00', '10.00', '65.00', 0, '', 0, 17, '6222023602094008497', 0, '', 7.0, 21.0, 1, '', 1, 1, '2015-05-26 21:45:22', '23.137846', '113.322308', 15, '707563272', ''),
(32, '34789', 38, 440000, 440100, 440106, 52, NULL, NULL, 0, '测试店铺63', '测试店铺63', 'Upload/shops/2015-05/5564791d7cf5f.png', '15918671994', '广东省广州市天河区', '70.00', '0.00', '6.00', '78.00', 0, '', 0, 17, '6222023602094008497', 0, '', 9.0, 22.0, 1, '', 1, 1, '2015-05-26 21:47:10', '23.154726', '113.342627', 14, '707563272', ''),
(33, '234897', 39, 440000, 440100, 440106, 52, NULL, NULL, 0, '测试店铺64', '测试店铺64', 'Upload/shops/2015-05/5564797444510.png', '15918671994', '广东省广州市天河区', '45.00', '0.00', '4.00', '40.00', 0, '', 0, 17, '6222023602094008497', 0, '', 12.0, 23.0, 1, '', 1, 1, '2015-05-26 21:48:43', '23.141674', '113.337714', 15, '707563272', ''),
(34, '123', 41, 430000, 430400, 430408, 348, NULL, NULL, 1, '123', '123', 'Upload/shops/2016-10/5811613e43206.jpg', '123345535', 'wewdwq', '0.00', '0.00', '0.00', '0.00', 0, '', 1, 17, '6217002932443948485', 0, '', 6.0, 9.0, 1, '', 1, 1, '2016-10-13 17:31:16', '30.477083', '115.530853', 10, '122133', 'dede'),
(35, '123458922', 54, 110000, 110100, 110101, 348, NULL, NULL, 1, 'lele', '小鱼人', 'Upload/shops/2016-10/5816f38346f54.jpg', '15568795264', 'nsishsh', '12.00', '0.00', '0.00', '0.00', 12, '', 1, 17, '6223645898756458', 0, '', 1.5, 23.5, 1, '', 1, 1, '2016-10-31 15:33:32', '39.895507', '116.401852', 10, '', '段明乐'),
(36, '111111', 55, 430000, 430400, 430408, 348, NULL, NULL, 1, '衡阳测试店', '弗兰小鱼人科技有限公司', 'Upload/shops/2016-11/5817ea3aee430.jpg', '15674829472', '华新科技区', '0.00', '0.00', '0.00', '0.00', 0, '', 1, 17, '6217002950101928266', 0, '', 6.0, 21.0, 1, '', 1, 1, '2016-11-01 09:06:46', '0', '0', 9, '602974573', '王尼玛');

-- --------------------------------------------------------

--
-- Table structure for table `wst_shops_cats`
--

CREATE TABLE `wst_shops_cats` (
  `catId` int(11) NOT NULL,
  `shopId` int(11) NOT NULL,
  `parentId` int(11) NOT NULL,
  `isShow` tinyint(4) NOT NULL DEFAULT '1',
  `catName` varchar(100) NOT NULL,
  `catSort` int(11) NOT NULL DEFAULT '0',
  `catFlag` tinyint(4) NOT NULL DEFAULT '1'
) ENGINE=MyISAM DEFAULT CHARSET=utf8;

--
-- Dumping data for table `wst_shops_cats`
--

INSERT INTO `wst_shops_cats` (`catId`, `shopId`, `parentId`, `isShow`, `catName`, `catSort`, `catFlag`) VALUES
(7, 4, 0, 1, '水果类', 0, 1),
(8, 4, 7, 1, '亚酸性水果', 0, 1),
(9, 4, 0, 1, '蔬菜类', 1, 1),
(10, 4, 7, 1, '甜性水果', 3, 1),
(11, 4, 7, 1, '葡萄', 4, -1),
(12, 4, 7, 1, '樱桃', 6, -1),
(13, 4, 9, 1, '瓜果实', 2, 1),
(14, 4, 9, 1, '豆类', 7, 1),
(15, 4, 9, 1, '根茎', 8, 1),
(16, 4, 9, 1, '柿子', 9, -1),
(17, 4, 9, 1, '凤梨', 9, -1),
(18, 11, 0, 1, '新鲜蔬菜', 0, 1),
(19, 11, 0, 1, '肉类蛋禽', 2, 1),
(20, 11, 19, 1, '肉类', 0, 1),
(21, 11, 19, 1, '蛋品', 2, 1),
(22, 11, 19, 1, '骨肉', 3, 1),
(23, 11, 19, 1, '虾蟹', 6, 1),
(24, 11, 19, 1, '海鱼', 7, 1),
(25, 11, 18, 1, '叶菜', 0, 1),
(26, 11, 18, 1, '花菜', 0, 1),
(27, 11, 18, 1, '豆类', 3, 1),
(28, 4, 0, 1, '海鲜水产', 5, 1),
(29, 4, 28, 1, '海鱼', 2, 1),
(30, 4, 28, 1, '虾蟹', 3, 1),
(31, 14, 0, 1, '厨房清洁', 0, 1),
(32, 14, 0, 1, '纸质品', 1, 1),
(33, 14, 0, 1, '纸质品', 1, -1),
(34, 14, 0, 1, '居家清洁', 2, 1),
(35, 14, 0, 1, '整理收纳', 3, 1),
(36, 14, 31, 1, '洗洁精', 0, 1),
(37, 14, 31, 1, '浴室清洁', 2, 1),
(38, 14, 31, 1, '洁厕精', 3, 1),
(39, 14, 32, 1, '卷筒纸', 0, 1),
(40, 14, 32, 1, '手帕纸', 1, 1),
(41, 14, 34, 1, '洗衣粉', 0, 1),
(42, 14, 34, 1, '洗衣液', 2, 1),
(43, 14, 35, 1, '收纳箱', 0, 1),
(44, 14, 35, 1, '压缩袋', 2, 1),
(45, 14, 34, 1, '洗衣皂', 3, 1),
(46, 18, 0, 1, '黑茶', 0, 1),
(47, 18, 0, 1, '红茶', 2, 1),
(48, 18, 0, 1, '绿茶', 4, 1),
(49, 18, 0, 1, '黄茶', 7, 1),
(50, 18, 46, 1, '普洱', 1, 1),
(51, 18, 46, 1, '安化黑茶', 4, 1),
(52, 18, 0, 1, '乌龙茶', 9, 1),
(53, 18, 52, 1, '铁观音', 0, 1),
(54, 19, 0, 1, '白酒', 0, 1),
(55, 19, 0, 1, '葡萄酒', 2, 1),
(56, 19, 0, 1, '洋酒', 6, 1),
(57, 19, 0, 1, '养生酒/啤酒/黄酒', 6, 1),
(58, 19, 54, 1, '茅台', 0, 1),
(59, 19, 54, 1, '五粮液', 2, 1),
(60, 19, 54, 1, '汾酒', 4, 1),
(61, 19, 54, 1, '泸州老窖', 7, 1),
(62, 19, 55, 1, '法国', 0, 1),
(63, 19, 55, 1, '澳大利亚', 2, 1),
(64, 19, 55, 1, '中国', 4, 1),
(65, 19, 55, 1, '智利', 76, 1),
(66, 19, 56, 1, '威士忌', 0, 1),
(67, 19, 56, 1, '白兰地', 2, 1),
(68, 19, 56, 1, '伏特加', 4, 1),
(69, 19, 56, 1, '朗姆酒', 4, 1),
(70, 19, 57, 1, '宁夏红', 0, 1),
(71, 19, 57, 1, '竹叶青', 2, 1),
(72, 19, 57, 1, '劲牌', 4, 1),
(73, 19, 57, 1, '乌毡帽', 5, 1),
(74, 22, 0, 1, '食用油', 0, 1),
(75, 22, 0, 1, '方便速食', 1, 1),
(76, 22, 0, 1, '菇类干货', 2, 1),
(77, 22, 76, 1, '莲子/红枣', 0, 1),
(78, 22, 76, 1, '菌菇', 1, 1),
(79, 22, 76, 1, '枸杞', 3, 1),
(80, 22, 75, 1, '八宝粥', 0, 1),
(81, 22, 75, 1, '火腿肠', 3, 1),
(82, 22, 75, 1, '罐头食品', 5, 1),
(83, 22, 74, 1, '玉米油', 0, 1),
(84, 22, 74, 1, '大豆油', 2, 1),
(85, 22, 74, 1, '花生油', 4, 1),
(86, 22, 74, 1, '菜籽油', 6, 1),
(87, 22, 74, 1, '橄榄油', 8, 1),
(88, 26, 0, 1, '化妆品', 0, 1),
(89, 26, 0, 1, '护肤品', 1, 1),
(90, 26, 0, 1, '洗浴用品', 2, 1),
(91, 26, 90, 1, '沐浴露', 0, 1),
(92, 26, 90, 1, '洗发水', 1, 1),
(93, 26, 90, 1, '沐浴套装', 2, 1),
(94, 26, 89, 1, '保湿', 0, 1),
(95, 26, 88, 1, '女士化妆品', 2, 1),
(96, 26, 88, 1, '化妆品套装', 0, 1),
(97, 26, 88, 1, '男士护肤品', 3, 1),
(98, 30, 0, 1, '休闲零食', 0, 1),
(99, 30, 0, 1, '进口糕点', 1, 1),
(100, 30, 98, 1, '牛肉干', 0, 1),
(101, 30, 99, 1, '进口威化饼', 0, 1),
(102, 30, 99, 1, '进口蛋卷', 1, 1),
(103, 30, 99, 1, '进口夹心饼', 2, 1),
(104, 30, 98, 1, '鱼干', 1, 1),
(105, 30, 98, 1, '凤爪鸡翅', 3, 1),
(106, 30, 98, 1, '肉类休闲零食', 5, 1),
(107, 10, 0, 1, '银饰', 0, 1),
(108, 10, 107, 1, '手链', 0, 1),
(109, 10, 107, 1, '手链', 0, -1),
(110, 10, 107, 1, '戒指', 0, 1),
(111, 10, 107, 1, '耳环', 0, 1),
(112, 12, 0, 1, '有机蔬菜', 0, 1),
(113, 12, 112, 1, '菌菇类', 0, 1),
(114, 12, 112, 1, '根茎类', 0, 1),
(115, 12, 112, 1, '叶菜类', 0, 1),
(116, 12, 112, 1, '茄果类', 0, 1),
(117, 12, 112, 1, '豆荚类', 0, 1),
(118, 12, 112, 1, '海鲜水产', 0, -1),
(119, 12, 0, 1, '海鲜水产', 1, 1),
(120, 12, 119, 1, '蟹', 0, 1),
(121, 12, 119, 1, '鱼', 0, 1),
(122, 12, 119, 1, '虾', 0, 1),
(123, 12, 119, 1, '贝壳', 0, 1),
(124, 12, 0, 1, '净菜', 0, 1),
(125, 12, 124, 1, '荤菜', 0, 1),
(126, 12, 124, 1, '汤类', 0, 1),
(127, 13, 0, 1, '海鲜水产', 0, 1),
(128, 13, 127, 1, '速冻生鲜', 0, 1),
(129, 15, 0, 1, '一次性用品', 1, 1),
(130, 15, 0, 1, '居室清洁', 3, 1),
(131, 15, 0, 1, '整理收纳', 0, 1),
(132, 15, 129, 1, '一次性餐具', 0, 1),
(133, 15, 129, 1, '一次性手套', 0, 1),
(134, 15, 129, 1, '一次性鞋套', 0, 1),
(135, 15, 129, 1, '棉签/棉棒', 0, 1),
(136, 15, 129, 1, '保鲜膜', 0, 1),
(137, 15, 129, 1, '垃圾袋', 0, 1),
(138, 15, 131, 1, '挂钩/粘钩', 0, 1),
(139, 15, 131, 1, '压缩袋', 0, 1),
(140, 15, 131, 1, '抽气泵', 0, 1),
(141, 15, 131, 1, '收纳袋', 0, 1),
(142, 15, 131, 1, '收纳盒', 0, 1),
(143, 15, 131, 1, '收纳篮', 0, 1),
(144, 15, 130, 1, '多用途清洁剂', 0, 1),
(145, 15, 130, 1, '玻璃清洁', 0, 1),
(146, 15, 130, 1, '驱蚊驱虫', 0, 1),
(147, 20, 0, 1, '咖啡', 0, 1),
(148, 20, 147, 1, '速溶咖啡', 0, 1),
(149, 20, 147, 1, '咖啡伴侣', 0, 1),
(150, 20, 147, 1, '咖啡豆/粉', 0, 1),
(151, 20, 0, 1, '饮料饮品', 0, 1),
(152, 20, 151, 1, '功能饮料', 0, 1),
(153, 20, 151, 1, '碳酸饮料', 0, 1),
(154, 20, 151, 1, '乳饮料', 0, 1),
(155, 20, 0, 1, '成人奶粉', 0, 1),
(156, 20, 155, 1, '奶粉', 0, 1),
(157, 23, 0, 1, '食用油', 0, 1),
(158, 23, 0, 1, '大米面粉', 0, 1),
(159, 23, 0, 1, '杂粮', 0, 1),
(160, 23, 0, 1, '方便速食', 0, 1),
(161, 23, 157, 1, '调和油', 0, 1),
(162, 23, 157, 1, '菜籽油', 0, 1),
(163, 23, 158, 1, '大米', 0, 1),
(164, 23, 159, 1, '小米', 0, 1),
(165, 23, 159, 1, '玉米', 0, 1),
(166, 23, 159, 1, '薏米', 0, 1),
(167, 23, 159, 1, '糙米', 0, 1),
(168, 23, 160, 1, '方便面', 0, 1),
(169, 23, 160, 1, '八宝粥', 0, 1),
(170, 27, 0, 1, '女性护理', 0, 1),
(171, 27, 170, 1, '私处洗液', 0, 1),
(172, 27, 0, 1, '进口美护', 0, 1),
(173, 27, 172, 1, '进口美护', 0, 1),
(174, 31, 0, 1, '坚果现货', 0, 1),
(175, 31, 174, 1, '开心果', 0, 1),
(176, 31, 174, 1, '核桃', 0, 1),
(177, 31, 174, 1, '瓜子', 0, 1),
(178, 31, 174, 1, '腰果', 0, 1),
(179, 31, 0, 1, '进口休闲零食', 0, 1),
(180, 31, 179, 1, '巧克力', 0, 1),
(181, 31, 179, 1, '花生', 0, 1),
(182, 31, 179, 1, '奶糖', 0, 1),
(183, 31, 179, 1, '饼干', 0, 1),
(184, 34, 0, 1, '111', 0, 1),
(185, 34, 184, 1, '222', 0, 1),
(186, 34, 0, 1, '222', 0, 1),
(187, 34, 186, 1, '333', 0, 1),
(188, 34, 0, 1, '333', 0, 1),
(189, 34, 188, 1, '444', 0, 1),
(190, 34, 0, 1, '默认', 0, 1),
(191, 34, 190, 1, '今日疯抢', 0, 1),
(192, 34, 0, 1, '咖啡馆', 0, 1),
(193, 34, 192, 1, '咖啡', 0, 1),
(194, 34, 192, 1, '创意热饮', 0, 1),
(195, 34, 192, 1, '特调冷饮', 0, 1),
(196, 35, 0, 1, 'wewe', 0, 1),
(197, 35, 196, 1, 'wewe', 0, 1),
(198, 36, 0, 1, '母分类', 0, 1),
(199, 36, 198, 1, '子分类', 0, 1),
(200, 36, 0, 1, '父分类', 0, 1),
(201, 36, 200, 1, '女分类', 0, 1);

-- --------------------------------------------------------

--
-- Table structure for table `wst_shops_communitys`
--

CREATE TABLE `wst_shops_communitys` (
  `id` int(11) NOT NULL,
  `shopId` int(11) NOT NULL,
  `areaId1` int(11) NOT NULL,
  `areaId2` int(11) NOT NULL,
  `areaId3` int(11) NOT NULL,
  `communityId` int(11) NOT NULL
) ENGINE=MyISAM DEFAULT CHARSET=utf8;

--
-- Dumping data for table `wst_shops_communitys`
--

INSERT INTO `wst_shops_communitys` (`id`, `shopId`, `areaId1`, `areaId2`, `areaId3`, `communityId`) VALUES
(60, 10, 440000, 440100, 440101, 0),
(61, 10, 440000, 440100, 440103, 0),
(65, 8, 440000, 440200, 440201, 0),
(66, 8, 440000, 440200, 440203, 0),
(67, 8, 440000, 440200, 440204, 0),
(68, 8, 440000, 440200, 440205, 0),
(69, 7, 440000, 440500, 440501, 0),
(70, 7, 440000, 440500, 440507, 0),
(71, 7, 440000, 440500, 440511, 0),
(72, 6, 440000, 440400, 440401, 0),
(73, 6, 440000, 440400, 440402, 0),
(74, 6, 440000, 440400, 440403, 0),
(75, 6, 440000, 440400, 440404, 0),
(76, 5, 440000, 440300, 440301, 0),
(77, 5, 440000, 440300, 440303, 0),
(78, 5, 440000, 440300, 440304, 0),
(79, 9, 440000, 440600, 440601, 0),
(80, 9, 440000, 440600, 440604, 0),
(81, 9, 440000, 440600, 440605, 0),
(102, 13, 440000, 440100, 440101, 0),
(103, 13, 440000, 440100, 440103, 0),
(104, 12, 440000, 440100, 440101, 0),
(105, 12, 440000, 440100, 440103, 0),
(112, 17, 440000, 440100, 440101, 0),
(113, 17, 440000, 440100, 440103, 0),
(114, 17, 440000, 440100, 440104, 0),
(115, 17, 440000, 440100, 440106, 0),
(116, 17, 440000, 440100, 440106, 15),
(117, 17, 440000, 440100, 440106, 16),
(118, 17, 440000, 440100, 440106, 17),
(119, 17, 440000, 440100, 440106, 18),
(120, 17, 440000, 440100, 440106, 19),
(121, 17, 440000, 440100, 440106, 20),
(122, 17, 440000, 440100, 440106, 21),
(123, 17, 440000, 440100, 440106, 22),
(124, 17, 440000, 440100, 440106, 23),
(125, 16, 440000, 440100, 440106, 0),
(126, 16, 440000, 440100, 440106, 15),
(127, 16, 440000, 440100, 440106, 16),
(128, 16, 440000, 440100, 440106, 17),
(129, 16, 440000, 440100, 440106, 18),
(130, 16, 440000, 440100, 440106, 19),
(131, 16, 440000, 440100, 440106, 20),
(132, 16, 440000, 440100, 440106, 21),
(133, 16, 440000, 440100, 440106, 22),
(134, 16, 440000, 440100, 440106, 23),
(135, 15, 440000, 440100, 440106, 0),
(136, 15, 440000, 440100, 440106, 15),
(137, 15, 440000, 440100, 440106, 16),
(138, 15, 440000, 440100, 440106, 17),
(139, 15, 440000, 440100, 440106, 18),
(140, 15, 440000, 440100, 440106, 19),
(141, 15, 440000, 440100, 440106, 20),
(142, 15, 440000, 440100, 440106, 21),
(143, 15, 440000, 440100, 440106, 22),
(144, 15, 440000, 440100, 440106, 23),
(155, 4, 440000, 440100, 440103, 0),
(156, 4, 440000, 440100, 440104, 0),
(157, 4, 440000, 440100, 440106, 0),
(158, 4, 440000, 440100, 440106, 15),
(159, 4, 440000, 440100, 440106, 16),
(160, 4, 440000, 440100, 440106, 17),
(161, 4, 440000, 440100, 440106, 18),
(162, 4, 440000, 440100, 440106, 19),
(163, 4, 440000, 440100, 440106, 20),
(164, 4, 440000, 440100, 440106, 21),
(165, 4, 440000, 440100, 440106, 22),
(166, 4, 440000, 440100, 440106, 23),
(167, 11, 440000, 440100, 440103, 0),
(168, 11, 440000, 440100, 440106, 0),
(169, 11, 440000, 440100, 440106, 15),
(170, 11, 440000, 440100, 440106, 16),
(171, 11, 440000, 440100, 440106, 17),
(172, 11, 440000, 440100, 440106, 18),
(173, 11, 440000, 440100, 440106, 19),
(174, 11, 440000, 440100, 440106, 20),
(175, 11, 440000, 440100, 440106, 21),
(176, 11, 440000, 440100, 440106, 22),
(177, 11, 440000, 440100, 440106, 23),
(178, 18, 440000, 440100, 440103, 0),
(179, 18, 440000, 440100, 440104, 0),
(180, 18, 440000, 440100, 440105, 0),
(181, 18, 440000, 440100, 440106, 0),
(182, 18, 440000, 440100, 440106, 15),
(183, 18, 440000, 440100, 440106, 16),
(184, 18, 440000, 440100, 440106, 17),
(185, 18, 440000, 440100, 440106, 18),
(186, 18, 440000, 440100, 440106, 19),
(187, 18, 440000, 440100, 440106, 20),
(188, 18, 440000, 440100, 440106, 21),
(189, 18, 440000, 440100, 440106, 22),
(190, 18, 440000, 440100, 440106, 23),
(191, 19, 440000, 440100, 440103, 0),
(192, 19, 440000, 440100, 440104, 0),
(193, 19, 440000, 440100, 440105, 0),
(194, 19, 440000, 440100, 440106, 0),
(195, 19, 440000, 440100, 440106, 15),
(196, 19, 440000, 440100, 440106, 16),
(197, 19, 440000, 440100, 440106, 17),
(198, 19, 440000, 440100, 440106, 18),
(199, 19, 440000, 440100, 440106, 19),
(200, 19, 440000, 440100, 440106, 20),
(201, 19, 440000, 440100, 440106, 21),
(202, 19, 440000, 440100, 440106, 22),
(203, 19, 440000, 440100, 440106, 23),
(204, 20, 440000, 440100, 440104, 0),
(205, 20, 440000, 440100, 440105, 0),
(206, 20, 440000, 440100, 440106, 0),
(207, 20, 440000, 440100, 440106, 15),
(208, 20, 440000, 440100, 440106, 16),
(209, 20, 440000, 440100, 440106, 17),
(210, 20, 440000, 440100, 440106, 18),
(211, 20, 440000, 440100, 440106, 19),
(212, 20, 440000, 440100, 440106, 20),
(213, 20, 440000, 440100, 440106, 21),
(214, 20, 440000, 440100, 440106, 22),
(215, 20, 440000, 440100, 440106, 23),
(216, 21, 440000, 440100, 440103, 0),
(217, 21, 440000, 440100, 440104, 0),
(218, 21, 440000, 440100, 440105, 0),
(219, 21, 440000, 440100, 440106, 0),
(220, 21, 440000, 440100, 440106, 15),
(221, 21, 440000, 440100, 440106, 16),
(222, 21, 440000, 440100, 440106, 17),
(223, 21, 440000, 440100, 440106, 18),
(224, 21, 440000, 440100, 440106, 19),
(225, 21, 440000, 440100, 440106, 20),
(226, 21, 440000, 440100, 440106, 21),
(227, 21, 440000, 440100, 440106, 22),
(228, 21, 440000, 440100, 440106, 23),
(229, 22, 440000, 440100, 440105, 0),
(230, 22, 440000, 440100, 440106, 0),
(231, 22, 440000, 440100, 440106, 15),
(232, 22, 440000, 440100, 440106, 16),
(233, 22, 440000, 440100, 440106, 17),
(234, 22, 440000, 440100, 440106, 18),
(235, 22, 440000, 440100, 440106, 19),
(236, 22, 440000, 440100, 440106, 20),
(237, 22, 440000, 440100, 440106, 21),
(238, 22, 440000, 440100, 440106, 22),
(239, 22, 440000, 440100, 440106, 23),
(240, 23, 440000, 440100, 440103, 0),
(241, 23, 440000, 440100, 440104, 0),
(242, 23, 440000, 440100, 440105, 0),
(243, 23, 440000, 440100, 440106, 0),
(244, 23, 440000, 440100, 440106, 15),
(245, 23, 440000, 440100, 440106, 16),
(246, 23, 440000, 440100, 440106, 17),
(247, 23, 440000, 440100, 440106, 18),
(248, 23, 440000, 440100, 440106, 19),
(249, 23, 440000, 440100, 440106, 20),
(250, 23, 440000, 440100, 440106, 21),
(251, 23, 440000, 440100, 440106, 22),
(252, 23, 440000, 440100, 440106, 23),
(253, 24, 440000, 440100, 440103, 0),
(254, 24, 440000, 440100, 440104, 0),
(255, 24, 440000, 440100, 440105, 0),
(256, 24, 440000, 440100, 440106, 0),
(257, 24, 440000, 440100, 440106, 15),
(258, 24, 440000, 440100, 440106, 16),
(259, 24, 440000, 440100, 440106, 17),
(260, 24, 440000, 440100, 440106, 18),
(261, 24, 440000, 440100, 440106, 19),
(262, 24, 440000, 440100, 440106, 20),
(263, 24, 440000, 440100, 440106, 21),
(264, 24, 440000, 440100, 440106, 22),
(265, 24, 440000, 440100, 440106, 23),
(266, 25, 440000, 440100, 440104, 0),
(267, 25, 440000, 440100, 440105, 0),
(268, 25, 440000, 440100, 440106, 0),
(269, 25, 440000, 440100, 440106, 15),
(270, 25, 440000, 440100, 440106, 16),
(271, 25, 440000, 440100, 440106, 17),
(272, 25, 440000, 440100, 440106, 18),
(273, 25, 440000, 440100, 440106, 19),
(274, 25, 440000, 440100, 440106, 20),
(275, 25, 440000, 440100, 440106, 21),
(276, 25, 440000, 440100, 440106, 22),
(277, 25, 440000, 440100, 440106, 23),
(278, 26, 440000, 440100, 440103, 0),
(279, 26, 440000, 440100, 440104, 0),
(280, 26, 440000, 440100, 440105, 0),
(281, 26, 440000, 440100, 440106, 0),
(282, 26, 440000, 440100, 440111, 0),
(283, 26, 440000, 440100, 440112, 0),
(284, 26, 440000, 440100, 440113, 0),
(285, 26, 440000, 440100, 440106, 15),
(286, 26, 440000, 440100, 440106, 16),
(287, 26, 440000, 440100, 440106, 17),
(288, 26, 440000, 440100, 440106, 18),
(289, 26, 440000, 440100, 440106, 19),
(290, 26, 440000, 440100, 440106, 20),
(291, 26, 440000, 440100, 440106, 21),
(292, 26, 440000, 440100, 440106, 22),
(293, 26, 440000, 440100, 440106, 23),
(294, 27, 440000, 440100, 440103, 0),
(295, 27, 440000, 440100, 440104, 0),
(296, 27, 440000, 440100, 440105, 0),
(297, 27, 440000, 440100, 440106, 0),
(298, 27, 440000, 440100, 440106, 15),
(299, 27, 440000, 440100, 440106, 16),
(300, 27, 440000, 440100, 440106, 17),
(301, 27, 440000, 440100, 440106, 18),
(302, 27, 440000, 440100, 440106, 19),
(303, 27, 440000, 440100, 440106, 20),
(304, 27, 440000, 440100, 440106, 21),
(305, 27, 440000, 440100, 440106, 22),
(306, 27, 440000, 440100, 440106, 23),
(307, 28, 440000, 440100, 440103, 0),
(308, 28, 440000, 440100, 440104, 0),
(309, 28, 440000, 440100, 440105, 0),
(310, 28, 440000, 440100, 440106, 0),
(311, 28, 440000, 440100, 440106, 15),
(312, 28, 440000, 440100, 440106, 16),
(313, 28, 440000, 440100, 440106, 17),
(314, 28, 440000, 440100, 440106, 18),
(315, 28, 440000, 440100, 440106, 19),
(316, 28, 440000, 440100, 440106, 20),
(317, 28, 440000, 440100, 440106, 21),
(318, 28, 440000, 440100, 440106, 22),
(319, 28, 440000, 440100, 440106, 23),
(320, 29, 440000, 440100, 440103, 0),
(321, 29, 440000, 440100, 440104, 0),
(322, 29, 440000, 440100, 440105, 0),
(323, 29, 440000, 440100, 440106, 0),
(324, 29, 440000, 440100, 440111, 0),
(325, 29, 440000, 440100, 440112, 0),
(326, 29, 440000, 440100, 440113, 0),
(327, 29, 440000, 440100, 440114, 0),
(328, 29, 440000, 440100, 440115, 0),
(329, 29, 440000, 440100, 440117, 0),
(330, 29, 440000, 440100, 440118, 0),
(331, 29, 440000, 440100, 440106, 15),
(332, 29, 440000, 440100, 440106, 16),
(333, 29, 440000, 440100, 440106, 17),
(334, 29, 440000, 440100, 440106, 18),
(335, 29, 440000, 440100, 440106, 19),
(336, 29, 440000, 440100, 440106, 20),
(337, 29, 440000, 440100, 440106, 21),
(338, 29, 440000, 440100, 440106, 22),
(339, 29, 440000, 440100, 440106, 23),
(340, 30, 440000, 440100, 440103, 0),
(341, 30, 440000, 440100, 440104, 0),
(342, 30, 440000, 440100, 440105, 0),
(343, 30, 440000, 440100, 440106, 0),
(344, 30, 440000, 440100, 440111, 0),
(345, 30, 440000, 440100, 440112, 0),
(346, 30, 440000, 440100, 440113, 0),
(347, 30, 440000, 440100, 440114, 0),
(348, 30, 440000, 440100, 440115, 0),
(349, 30, 440000, 440100, 440106, 15),
(350, 30, 440000, 440100, 440106, 16),
(351, 30, 440000, 440100, 440106, 17),
(352, 30, 440000, 440100, 440106, 18),
(353, 30, 440000, 440100, 440106, 19),
(354, 30, 440000, 440100, 440106, 20),
(355, 30, 440000, 440100, 440106, 21),
(356, 30, 440000, 440100, 440106, 22),
(357, 30, 440000, 440100, 440106, 23),
(358, 31, 440000, 440100, 440103, 0),
(359, 31, 440000, 440100, 440104, 0),
(360, 31, 440000, 440100, 440105, 0),
(361, 31, 440000, 440100, 440106, 0),
(362, 31, 440000, 440100, 440106, 15),
(363, 31, 440000, 440100, 440106, 16),
(364, 31, 440000, 440100, 440106, 17),
(365, 31, 440000, 440100, 440106, 18),
(366, 31, 440000, 440100, 440106, 19),
(367, 31, 440000, 440100, 440106, 20),
(368, 31, 440000, 440100, 440106, 21),
(369, 31, 440000, 440100, 440106, 22),
(370, 31, 440000, 440100, 440106, 23),
(371, 32, 440000, 440100, 440103, 0),
(372, 32, 440000, 440100, 440104, 0),
(373, 32, 440000, 440100, 440105, 0),
(374, 32, 440000, 440100, 440106, 0),
(375, 32, 440000, 440100, 440106, 15),
(376, 32, 440000, 440100, 440106, 16),
(377, 32, 440000, 440100, 440106, 17),
(378, 32, 440000, 440100, 440106, 18),
(379, 32, 440000, 440100, 440106, 19),
(380, 32, 440000, 440100, 440106, 20),
(381, 32, 440000, 440100, 440106, 21),
(382, 32, 440000, 440100, 440106, 22),
(383, 32, 440000, 440100, 440106, 23),
(384, 33, 440000, 440100, 440103, 0),
(385, 33, 440000, 440100, 440104, 0),
(386, 33, 440000, 440100, 440105, 0),
(387, 33, 440000, 440100, 440106, 0),
(388, 33, 440000, 440100, 440106, 15),
(389, 33, 440000, 440100, 440106, 16),
(390, 33, 440000, 440100, 440106, 17),
(391, 33, 440000, 440100, 440106, 18),
(392, 33, 440000, 440100, 440106, 19),
(393, 33, 440000, 440100, 440106, 20),
(394, 33, 440000, 440100, 440106, 21),
(395, 33, 440000, 440100, 440106, 22),
(396, 33, 440000, 440100, 440106, 23),
(397, 14, 440000, 440100, 440106, 0),
(398, 14, 440000, 440100, 440106, 15),
(399, 14, 440000, 440100, 440106, 16),
(400, 14, 440000, 440100, 440106, 17),
(401, 14, 440000, 440100, 440106, 18),
(402, 14, 440000, 440100, 440106, 19),
(403, 14, 440000, 440100, 440106, 20),
(404, 14, 440000, 440100, 440106, 21),
(405, 14, 440000, 440100, 440106, 22),
(406, 14, 440000, 440100, 440106, 23),
(518, 34, 430000, 430400, 430408, 27),
(517, 34, 430000, 430400, 430482, 0),
(516, 34, 430000, 430400, 430481, 0),
(515, 34, 430000, 430400, 430426, 0),
(514, 34, 430000, 430400, 430424, 0),
(513, 34, 430000, 430400, 430423, 0),
(512, 34, 430000, 430400, 430422, 0),
(511, 34, 430000, 430400, 430421, 0),
(510, 34, 430000, 430400, 430412, 0),
(509, 34, 430000, 430400, 430408, 0),
(508, 34, 430000, 430400, 430407, 0),
(507, 34, 430000, 430400, 430406, 0),
(506, 34, 430000, 430400, 430405, 0),
(452, 35, 110000, 110100, 110101, 0),
(453, 35, 110000, 110100, 110102, 0),
(454, 35, 110000, 110100, 110105, 0),
(455, 35, 110000, 110100, 110106, 0),
(456, 35, 110000, 110100, 110107, 0),
(457, 35, 110000, 110100, 110108, 0),
(458, 35, 110000, 110100, 110109, 0),
(459, 35, 110000, 110100, 110111, 0),
(460, 35, 110000, 110100, 110112, 0),
(461, 35, 110000, 110100, 110113, 0),
(462, 35, 110000, 110100, 110114, 0),
(463, 35, 110000, 110100, 110115, 0),
(464, 35, 110000, 110100, 110116, 0),
(465, 35, 110000, 110100, 110117, 0),
(466, 35, 110000, 110100, 110101, 24),
(531, 36, 430000, 430400, 430408, 27),
(530, 36, 430000, 430400, 430482, 0),
(529, 36, 430000, 430400, 430481, 0),
(528, 36, 430000, 430400, 430426, 0),
(527, 36, 430000, 430400, 430424, 0),
(526, 36, 430000, 430400, 430423, 0),
(525, 36, 430000, 430400, 430422, 0),
(524, 36, 430000, 430400, 430421, 0),
(523, 36, 430000, 430400, 430412, 0),
(522, 36, 430000, 430400, 430408, 0),
(521, 36, 430000, 430400, 430407, 0),
(520, 36, 430000, 430400, 430406, 0),
(519, 36, 430000, 430400, 430405, 0);

-- --------------------------------------------------------

--
-- Table structure for table `wst_shop_configs`
--

CREATE TABLE `wst_shop_configs` (
  `configId` int(11) NOT NULL,
  `shopId` int(11) DEFAULT NULL,
  `shopTitle` varchar(255) DEFAULT NULL,
  `shopKeywords` varchar(255) DEFAULT NULL,
  `shopDesc` varchar(255) DEFAULT NULL,
  `shopBanner` varchar(150) DEFAULT NULL,
  `shopAds` text,
  `shopAdsUrl` text
) ENGINE=MyISAM DEFAULT CHARSET=utf8;

-- --------------------------------------------------------

--
-- Table structure for table `wst_shop_scores`
--

CREATE TABLE `wst_shop_scores` (
  `scoreId` int(11) NOT NULL,
  `shopId` int(11) NOT NULL,
  `totalScore` int(11) NOT NULL DEFAULT '0',
  `totalUsers` int(11) NOT NULL DEFAULT '0',
  `goodsScore` int(11) NOT NULL DEFAULT '0',
  `goodsUsers` int(11) NOT NULL DEFAULT '0',
  `serviceScore` int(11) NOT NULL DEFAULT '0',
  `serviceUsers` int(11) NOT NULL DEFAULT '0',
  `timeScore` int(11) NOT NULL DEFAULT '0',
  `timeUsers` int(11) NOT NULL DEFAULT '0'
) ENGINE=MyISAM DEFAULT CHARSET=utf8;

--
-- Dumping data for table `wst_shop_scores`
--

INSERT INTO `wst_shop_scores` (`scoreId`, `shopId`, `totalScore`, `totalUsers`, `goodsScore`, `goodsUsers`, `serviceScore`, `serviceUsers`, `timeScore`, `timeUsers`) VALUES
(1, 4, 0, 0, 0, 0, 0, 0, 0, 0),
(2, 5, 0, 0, 0, 0, 0, 0, 0, 0),
(3, 6, 0, 0, 0, 0, 0, 0, 0, 0),
(4, 7, 0, 0, 0, 0, 0, 0, 0, 0),
(5, 8, 0, 0, 0, 0, 0, 0, 0, 0),
(6, 9, 0, 0, 0, 0, 0, 0, 0, 0),
(7, 10, 0, 0, 0, 0, 0, 0, 0, 0),
(8, 11, 0, 0, 0, 0, 0, 0, 0, 0),
(9, 12, 0, 0, 0, 0, 0, 0, 0, 0),
(10, 13, 0, 0, 0, 0, 0, 0, 0, 0),
(11, 14, 0, 0, 0, 0, 0, 0, 0, 0),
(12, 15, 0, 0, 0, 0, 0, 0, 0, 0),
(13, 16, 0, 0, 0, 0, 0, 0, 0, 0),
(14, 17, 0, 0, 0, 0, 0, 0, 0, 0),
(15, 18, 0, 0, 0, 0, 0, 0, 0, 0),
(16, 19, 0, 0, 0, 0, 0, 0, 0, 0),
(17, 20, 0, 0, 0, 0, 0, 0, 0, 0),
(18, 21, 0, 0, 0, 0, 0, 0, 0, 0),
(19, 22, 0, 0, 0, 0, 0, 0, 0, 0),
(20, 23, 0, 0, 0, 0, 0, 0, 0, 0),
(21, 24, 0, 0, 0, 0, 0, 0, 0, 0),
(22, 25, 0, 0, 0, 0, 0, 0, 0, 0),
(23, 26, 0, 0, 0, 0, 0, 0, 0, 0),
(24, 27, 0, 0, 0, 0, 0, 0, 0, 0),
(25, 28, 0, 0, 0, 0, 0, 0, 0, 0),
(26, 29, 0, 0, 0, 0, 0, 0, 0, 0),
(27, 30, 0, 0, 0, 0, 0, 0, 0, 0),
(28, 31, 0, 0, 0, 0, 0, 0, 0, 0),
(29, 32, 0, 0, 0, 0, 0, 0, 0, 0),
(30, 33, 0, 0, 0, 0, 0, 0, 0, 0),
(31, 34, 5167, 353, 1699, 353, 1733, 353, 1735, 353),
(32, 35, 0, 0, 0, 0, 0, 0, 0, 0),
(33, 36, 0, 0, 0, 0, 0, 0, 0, 0);

-- --------------------------------------------------------

--
-- Table structure for table `wst_staffs`
--

CREATE TABLE `wst_staffs` (
  `staffId` int(11) NOT NULL,
  `loginName` varchar(40) NOT NULL,
  `loginPwd` varchar(50) NOT NULL,
  `secretKey` int(32) NOT NULL,
  `staffName` varchar(50) NOT NULL,
  `staffNo` varchar(20) DEFAULT NULL,
  `staffPhoto` varchar(150) DEFAULT NULL,
  `staffRoleId` int(11) NOT NULL,
  `workStatus` tinyint(4) NOT NULL DEFAULT '1',
  `staffStatus` tinyint(4) NOT NULL DEFAULT '0',
  `staffFlag` tinyint(4) NOT NULL DEFAULT '1',
  `createTime` datetime NOT NULL,
  `lastTime` datetime DEFAULT NULL,
  `lastIP` char(16) DEFAULT NULL
) ENGINE=MyISAM DEFAULT CHARSET=utf8;

--
-- Dumping data for table `wst_staffs`
--

INSERT INTO `wst_staffs` (`staffId`, `loginName`, `loginPwd`, `secretKey`, `staffName`, `staffNo`, `staffPhoto`, `staffRoleId`, `workStatus`, `staffStatus`, `staffFlag`, `createTime`, `lastTime`, `lastIP`) VALUES
(1, 'admin', 'e7c093829bea4de07b0b8f7ed4f8cbb4', 9365, 'admin', '001', 'Upload/staffs/2015-04/55306cf76bc1f.jpg', 3, 1, 1, 1, '2014-04-06 11:47:20', '2016-11-04 14:17:35', '127.0.0.1'),
(14, 'system', 'a0da805e0b77f6cc05cdf0ef6ca8caad', 2508, '系统管理员', 'sn001', NULL, 3, 1, 1, 1, '2014-12-20 00:13:36', NULL, NULL),
(15, 'goodsAdmin', '1600195af828b21c1f586b1e01cb89fc', 1729, '商品管理员', 'sn001', 'Upload/staffs/2014-12/5496376a7ff89.jpg', 1, 1, 1, 1, '2014-12-21 10:58:40', NULL, NULL);

-- --------------------------------------------------------

--
-- Table structure for table `wst_sys_configs`
--

CREATE TABLE `wst_sys_configs` (
  `configId` int(11) NOT NULL COMMENT '自增ID',
  `parentId` int(11) DEFAULT '0' COMMENT '所属类别ID',
  `fieldName` varchar(50) DEFAULT NULL COMMENT '字段名称',
  `fieldCode` varchar(20) DEFAULT NULL COMMENT '字段代码',
  `fieldType` char(10) DEFAULT NULL COMMENT '字段类型',
  `valueRangeTxt` varchar(255) DEFAULT NULL COMMENT '范围值名称',
  `valueRange` varchar(255) DEFAULT NULL COMMENT '范围值',
  `fieldValue` text,
  `fieldTips` varchar(255) DEFAULT NULL COMMENT '字段提示',
  `fieldSort` int(11) DEFAULT '0' COMMENT '字段排序'
) ENGINE=MyISAM DEFAULT CHARSET=utf8;

--
-- Dumping data for table `wst_sys_configs`
--

INSERT INTO `wst_sys_configs` (`configId`, `parentId`, `fieldName`, `fieldCode`, `fieldType`, `valueRangeTxt`, `valueRange`, `fieldValue`, `fieldTips`, `fieldSort`) VALUES
(1, 0, '商城名称', 'mallName', 'text', NULL, '', 'WSTMall开源商城', NULL, 1),
(2, 0, '商城标题', 'mallTitle', 'text', NULL, NULL, 'WSTMall开源商城', NULL, 2),
(3, 0, '商城描述', 'mallDesc', 'text', NULL, NULL, 'WSTMall开源商城,本地O2O商城,多商户,PHP多用户开源商城,O2O开源商城', NULL, 3),
(4, 0, '商城关键字', 'mallKeywords', 'text', NULL, NULL, 'WSTMall开源商城,本地O2O商城,多商户,PHP多用户开源商城,O2O开源商城', '&nbsp;&nbsp;以，号分隔', 4),
(6, 1, '验证码显示范围', 'captcha_model', 'hidden', '管理员登录||商家加盟||商家登录||新用户注册||用户登录||留言反馈', '0,1,2,3,4,5', '0,1,2,3,4,5', NULL, 0),
(7, 1, '验证码个数', 'captcha_len', 'hidden', NULL, NULL, '4', NULL, 0),
(8, 1, '验证码宽度', 'captcha_width', 'hidden', NULL, NULL, '85', NULL, 0),
(9, 1, '验证码高度', 'captcha_height', 'hidden', NULL, NULL, '25', NULL, 0),
(10, 1, '验证模式', 'captcha_show', 'hidden', '字母,数字,混合', '0,1,6', '0', NULL, 0),
(13, 0, '商品是否需要审核', 'isGoodsVerify', 'radio', '是||否', '1,0', '0', NULL, 5),
(14, 0, '访问统计', 'visitStatistics', 'textarea', NULL, NULL, '&lt;script language=&quot;javascript&quot; type=&quot;text/javascript&quot; src=&quot;http://js.users.51.la/18256266.js&quot;&gt;&lt;/script&gt;', NULL, 9),
(15, 1, 'SMTP服务器', 'mailSmtp', 'text', NULL, NULL, 'smtp.163.com', NULL, 1),
(16, 1, 'SMTP端口', 'mailPort', 'text', NULL, NULL, '25', NULL, 2),
(17, 1, '是否验证SMTP', 'mailAuth', 'radio', '是||否', '1,0', '1', NULL, 3),
(18, 1, 'SMTP发件人邮箱', 'mailAddress', 'text', NULL, NULL, 'xxxxx@163.com', NULL, 4),
(19, 1, 'SMTP登录账号', 'mailUserName', 'text', NULL, NULL, 'username', NULL, 5),
(20, 1, 'SMTP登录密码', 'mailPassword', 'text', NULL, NULL, 'password', NULL, 6),
(21, 1, '发件人名称', 'mailSendTitle', 'text', NULL, NULL, 'WSTMall', NULL, 7),
(22, 2, '短信账号', 'smsKey', 'text', NULL, NULL, 'WSTMall', '点击<a target=\'_blank\' href=\'http://www.smschinese.cn\'>购买</a>', 1),
(23, 2, '短信密码', 'smsPass', 'text', NULL, NULL, 'WSTMall', NULL, 2),
(24, 2, '号码每日发送数', 'smsLimit', 'text', NULL, NULL, '20', '避免恶意浪费短信的行为', 3),
(26, 0, '授权码', 'mallLicense', 'hidden', NULL, NULL, NULL, NULL, 0),
(27, 0, '商城Logo', 'mallLogo', 'upload', NULL, NULL, 'Apps/Home/View/default/images/logo.png', '(建议为240x132)<br/>', 6),
(28, 0, '默认图片', 'goodsImg', 'upload', NULL, NULL, 'Apps/Home/View/default/images/item-pic.jpg', '', 7),
(29, 0, '底部设置', 'mallFooter', 'textarea', NULL, NULL, 'CROPYRIGHT 2013-2015 广州商淘信息科技有限公司 版权所有  电话：020-85289921&lt;br/&gt;公司邮箱：gzshangtao@163.com  客服QQ:707563272  粤ICP备13014375号&lt;br/&gt;我们愿与更多中小企业一起努力，一起成功 We Success together', NULL, 8),
(30, 0, '联系电话', 'phoneNo', 'text', NULL, NULL, '020-85289921', NULL, 10),
(31, 0, 'QQ', 'qqNo', 'text', NULL, NULL, '707563272', NULL, 11),
(32, 0, '默认城市', 'defaultCity', 'other', NULL, NULL, '430400', NULL, 5),
(33, 0, '热搜索词', 'hotSearchs', 'text', NULL, NULL, 'WSTMall，O2O开源商城', '以，号分隔', 12),
(34, 2, '开启短信发送验证码', 'smsVerfy', 'radio', '是||否', '1,0', '0', '', 4),
(36, 2, '开启手机验证', 'phoneVerfy', 'radio', '是||否', '1,0', '0', '', 5),
(37, 0, '注册禁用关键字', 'limitAccountKeys', 'textarea', NULL, NULL, 'admin，system', NULL, 13),
(38, 3, '结算金额设置', 'settlementStartMoney', 'text', NULL, NULL, '', '（结算金额少于该金额将不能进行结算）', 6),
(39, 3, '开启积分支付', 'isOpenScorePay', 'radio', '是||否', '1,0', '1', NULL, 1),
(40, 3, '开启下单获积分', 'isOrderScore', 'radio', '是||否', '1,0', '1', NULL, 2),
(41, 3, '开启评价获积分', 'isAppraisesScore', 'radio', '是||否', '1,0', '1', NULL, 3),
(42, 3, '积分与金钱兑换比例', 'scoreCashRatio', 'text', '', '', '100:1', '如：100:1，即100个积分可兑换￥1', 4),
(43, 3, '自动收货期限', 'autoReceiveDays', 'text', '', '', '10', '天', 7),
(44, 3, '自动评价期限', 'autoAppraiseDays', 'text', '', '', '7', '天', 8),
(45, 3, '订单佣金比例', 'poundageRate', 'text', '', '', '1', '%', 5),
(46, 4, '开启QQ登录', 'isOpenQQLogin', 'radio', '是||否', '1,0', '0', NULL, 1),
(47, 4, 'QQ APP ID', 'qqAppId', 'text', '', '', '', '', 2),
(48, 4, 'QQ APP KEY', 'qqAppKey', 'text', '', '', '', '', 3),
(49, 4, '开启微信登录', 'isOpenWxLogin', 'radio', '是||否', '1,0', '0', NULL, 4),
(50, 4, '微信 APP ID', 'wxAppId', 'text', '', '', '', '', 5),
(51, 4, '微信 APP KEY', 'wxAppKey', 'text', '', '', '', '', 6),
(52, 5, '开启微信版', 'isOpenWeiXin', 'radio', '是||否', '1,0', '0', '', 1),
(53, 5, '微信 APP ID', 'WeiXinAppId', 'text', '', '', '', '', 2),
(54, 5, '微信 APP KEY', 'WeiXinAppKey', 'text', '', '', '', '', 3),
(55, 5, '微信验证代码', 'WeiXinAppCode', 'text', '', '', '', '', 4),
(56, 0, '会员日', 'vipDay', 'radio', '周日||周一||周二||周三||周四||周五||周六', '0,1,2,3,4,5,6', '', '每周', 14);

-- --------------------------------------------------------

--
-- Table structure for table `wst_users`
--

CREATE TABLE `wst_users` (
  `userId` int(11) NOT NULL,
  `loginName` varchar(20) NOT NULL,
  `loginSecret` int(11) NOT NULL,
  `loginPwd` varchar(50) NOT NULL,
  `userSex` tinyint(4) DEFAULT '0',
  `userType` tinyint(4) DEFAULT '0',
  `userName` varchar(20) DEFAULT NULL,
  `userQQ` varchar(20) DEFAULT NULL,
  `userPhone` char(11) DEFAULT NULL,
  `userEmail` varchar(50) DEFAULT NULL,
  `userScore` int(11) DEFAULT '0',
  `userPhoto` varchar(150) DEFAULT NULL,
  `userTotalScore` int(11) DEFAULT '0',
  `userStatus` tinyint(4) DEFAULT '1',
  `userFlag` tinyint(4) DEFAULT '1',
  `createTime` datetime DEFAULT NULL,
  `lastIP` varchar(16) DEFAULT NULL,
  `lastTime` datetime DEFAULT NULL,
  `userFrom` tinyint(4) DEFAULT '0',
  `openId` varchar(50) DEFAULT NULL,
  `wxOpenId` varchar(100) DEFAULT NULL,
  `new_column` int(11) DEFAULT NULL,
  `userBirth` varchar(50) DEFAULT NULL,
  `isVip` int(11) DEFAULT '0'
) ENGINE=MyISAM DEFAULT CHARSET=utf8;

--
-- Dumping data for table `wst_users`
--

INSERT INTO `wst_users` (`userId`, `loginName`, `loginSecret`, `loginPwd`, `userSex`, `userType`, `userName`, `userQQ`, `userPhone`, `userEmail`, `userScore`, `userPhoto`, `userTotalScore`, `userStatus`, `userFlag`, `createTime`, `lastIP`, `lastTime`, `userFrom`, `openId`, `wxOpenId`, `new_column`, `userBirth`, `isVip`) VALUES
(9, 'gd_guangzhou', 7902, 'd6a3fe736d32101b2070e4d7667db639', 0, 1, '广东广州店铺', NULL, '15918671994', NULL, 4000, NULL, 4000, 1, 1, '2015-05-08 10:29:39', '127.0.0.1', '2016-09-05 21:45:43', 0, NULL, NULL, NULL, NULL, 0),
(10, 'gd_shenzhen', 1679, '7fdc1a0615463a521a59d1da3fb49e5b', 0, 1, '广东深圳店铺', NULL, '15918671194', NULL, 0, NULL, 0, 1, 1, '2015-05-08 10:34:26', NULL, NULL, 0, NULL, NULL, NULL, NULL, 0),
(11, 'gd_zhuhai', 9254, '5dd44b6e13011dcaec803ebb71eee9ed', 0, 1, '广东珠海店铺', NULL, '15918671294', NULL, 0, NULL, 0, 1, 1, '2015-05-08 10:35:55', NULL, NULL, 0, NULL, NULL, NULL, NULL, 0),
(12, 'gd_shantou', 9880, 'ab9496339c7c82a54e04ed88cef3a88e', 0, 1, '广东汕头店铺', NULL, '15918671394', NULL, 0, NULL, 0, 1, 1, '2015-05-08 10:37:31', NULL, NULL, 0, NULL, NULL, NULL, NULL, 0),
(13, 'gd_shaoguan', 5234, '6dc085c2ffe8d99a1cce1f7d772ab23b', 0, 1, '广东韶关店铺', NULL, '15918671494', NULL, 0, NULL, 0, 1, 1, '2015-05-08 10:38:47', NULL, NULL, 0, NULL, NULL, NULL, NULL, 0),
(14, 'gd_foshan', 3896, 'f40f40cbe332a15292f9324d962422a2', 0, 1, '广东佛山店铺', NULL, '15918671594', NULL, 0, NULL, 0, 1, 1, '2015-05-08 10:39:51', NULL, NULL, 0, NULL, NULL, NULL, NULL, 0),
(15, '13763316008_b', 6834, 'fc9fb3a4db2ebb524be31925435987dc', 0, 1, '张测试', '', '13763316008', '', 0, NULL, 0, 1, 1, '2015-05-10 22:49:23', '101.46.63.120', '2015-06-01 21:22:19', 0, NULL, NULL, NULL, NULL, 0),
(16, 'ceshi1', 2885, '7e9b1a3e2a390f5da94b1b36e754c976', 0, 1, '测试店铺1', NULL, '15918671993', NULL, 0, NULL, 0, 1, 1, '2015-05-12 22:16:17', '103.199.87.218', '2015-05-31 22:43:31', 0, NULL, NULL, NULL, NULL, 0),
(17, 'ceshi2', 4644, '202cd234d8619d8b26ab8b2197e965ad', 0, 1, '测试店铺2', '', '15918671694', '', 0, NULL, 0, 1, 1, '2015-05-12 22:17:50', '103.199.87.218', '2015-05-31 17:18:26', 0, NULL, NULL, NULL, NULL, 0),
(18, 'ceshi3', 8150, 'eabc4d39c913b6e78f4756ae2a1daf2a', 0, 1, '测试店铺3', '', '15918671794', '', 0, NULL, 0, 1, 1, '2015-05-12 22:32:48', '103.199.87.218', '2015-05-31 21:58:08', 0, NULL, NULL, NULL, NULL, 0),
(19, 'ceshi21', 4334, '060ee46489799f04ad97b3d11f49f2b8', 0, 1, '测试店铺21', NULL, '15918671894', NULL, 0, NULL, 0, 1, 1, '2015-05-13 15:07:05', '223.73.155.87', '2015-05-26 21:52:51', 0, NULL, NULL, NULL, NULL, 0),
(20, 'ceshi22', 1466, '453e4fd1d9a7d33a6f5c4bd0bb1fc44b', 0, 1, '测试店铺22', NULL, '15918671094', NULL, 0, NULL, 0, 1, 1, '2015-05-13 15:08:14', '103.199.87.218', '2015-06-01 08:32:52', 0, NULL, NULL, NULL, NULL, 0),
(21, 'ceshi23', 4380, 'cd9a2715fdb1c8771122f978903ca74e', 0, 1, '测试店铺23', NULL, '15918670994', NULL, 0, NULL, 0, 1, 1, '2015-05-13 15:09:24', NULL, NULL, 0, NULL, NULL, NULL, NULL, 0),
(22, 'ceshi24', 3677, '06521bce3982f140212989e332488e72', 0, 1, '测试店铺24', NULL, '15928671994', NULL, 0, NULL, 0, 1, 1, '2015-05-13 15:10:47', NULL, NULL, 0, NULL, NULL, NULL, NULL, 0),
(23, '865984518_g', 9799, 'd5e8ee584602dce671a305c69da92f0e', 0, 0, '', '', '', '865984518@qq.com', 0, NULL, 0, 1, 1, '2015-05-21 14:08:24', NULL, NULL, 0, NULL, NULL, NULL, NULL, 0),
(24, 'ceshi31', 2518, 'fc9fb3a4db2ebb524be31925435987dc', 0, 1, '测试店铺31', '', '15918671996', '', 0, NULL, 0, 1, 1, '2015-05-26 21:06:03', '211.136.253.232', '2015-05-27 10:17:08', 0, NULL, NULL, NULL, NULL, 0),
(25, 'ceshi32', 8937, '2e59831193563c21a51b275788229f98', 0, 1, '测试店铺32', '', '15918671997', '', 0, NULL, 0, 1, 1, '2015-05-26 21:08:13', '103.199.87.218', '2015-06-01 11:34:34', 0, NULL, NULL, NULL, NULL, 0),
(26, 'ceshi33', 1867, '845aa09ad90841fccdf865def2c80755', 0, 1, '测试店铺33', '', '15918671991', '', 0, NULL, 0, 1, 1, '2015-05-26 21:09:53', '103.199.87.218', '2015-06-01 11:53:52', 0, NULL, NULL, NULL, NULL, 0),
(27, 'ceshi34', 4588, 'fc9fb3a4db2ebb524be31925435987dc', 0, 1, '测试店铺34', '', '15918671998', '', 0, NULL, 0, 1, 1, '2015-05-26 21:11:23', NULL, NULL, 0, NULL, NULL, NULL, NULL, 0),
(28, 'ceshi41', 7274, 'fc9fb3a4db2ebb524be31925435987dc', 0, 1, '测试店铺41', '', '15918671992', '', 0, NULL, 0, 1, 1, '2015-05-26 21:14:00', '211.136.253.198', '2015-05-27 14:54:22', 0, NULL, NULL, NULL, NULL, 0),
(29, 'ceshi42', 4880, '947a7d3678d8bd05c7f21cfd0c5be50d', 0, 1, '测试店铺42', '', '15918671990', '', 0, NULL, 0, 1, 1, '2015-05-26 21:20:27', '103.199.87.218', '2015-06-01 19:04:36', 0, NULL, NULL, NULL, NULL, 0),
(30, 'ceshi43', 1630, 'fc9fb3a4db2ebb524be31925435987dc', 0, 1, '测试店铺43', '', '15918671989', '', 0, NULL, 0, 1, 1, '2015-05-26 21:22:06', NULL, NULL, 0, NULL, NULL, NULL, NULL, 0),
(31, 'ceshi44', 4123, 'fc9fb3a4db2ebb524be31925435987dc', 0, 1, '测试店铺44', '', '15918671980', '', 0, NULL, 0, 1, 1, '2015-05-26 21:24:36', NULL, NULL, 0, NULL, NULL, NULL, NULL, 0),
(32, 'ceshi51', 3092, 'fc9fb3a4db2ebb524be31925435987dc', 0, 1, '测试店铺51', '', '15918671988', '', 0, NULL, 0, 1, 1, '2015-05-26 21:30:17', '223.73.155.87', '2015-05-27 20:55:46', 0, NULL, NULL, NULL, NULL, 0),
(33, 'ceshi52', 9160, '6276f96ad761e03f633d1a1b484156d8', 0, 1, '测试店铺52', '', '15918671881', '', 0, NULL, 0, 1, 1, '2015-05-26 21:32:01', '103.199.87.218', '2015-06-01 20:32:34', 0, NULL, NULL, NULL, NULL, 0),
(34, 'ceshi53', 9425, 'fc9fb3a4db2ebb524be31925435987dc', 0, 1, '测试店铺53', '', '15918671812', '', 0, NULL, 0, 1, 1, '2015-05-26 21:33:27', NULL, NULL, 0, NULL, NULL, NULL, NULL, 0),
(35, 'ceshi54', 3157, 'fc9fb3a4db2ebb524be31925435987dc', 0, 1, '测试店铺54', '', '15918671834', '', 0, NULL, 0, 1, 1, '2015-05-26 21:40:20', NULL, NULL, 0, NULL, NULL, NULL, NULL, 0),
(36, 'ceshi61', 1934, 'fc9fb3a4db2ebb524be31925435987dc', 0, 1, '测试店铺61', '', '15918671833', '', 0, NULL, 0, 1, 1, '2015-05-26 21:42:59', '223.73.155.87', '2015-05-27 22:24:04', 0, NULL, NULL, NULL, NULL, 0),
(37, 'ceshi62', 1996, '0c3a4081280a5b80af5b70967cb6252a', 0, 1, '测试店铺62', '', '15918671867', '', 0, NULL, 0, 1, 1, '2015-05-26 21:45:22', '103.199.87.218', '2015-06-01 21:44:20', 0, NULL, NULL, NULL, NULL, 0),
(38, 'ceshi63', 8163, 'fc9fb3a4db2ebb524be31925435987dc', 0, 1, '测试店铺63', '', '15918671987', '', 0, NULL, 0, 1, 1, '2015-05-26 21:47:10', NULL, NULL, 0, NULL, NULL, NULL, NULL, 0),
(39, 'ceshi64', 3204, '5d50361a4cc2359475c8d08c34fbfcd4', 0, 1, '测试店铺64', '', '15918671857', '', 0, NULL, 0, 1, 1, '2015-05-26 21:48:43', NULL, NULL, 0, NULL, NULL, NULL, NULL, 0),
(40, '13142354174', 2025, 'b563f07a8ab08cf721a71142ebee02e3', 0, 0, '', '', '', '', 0, NULL, 0, 1, 1, '2016-10-13 17:28:08', '0.0.0.0', '2016-10-13 17:32:50', 0, NULL, NULL, NULL, NULL, 0),
(41, '123456789', 9754, 'a7e98733577d1aba072dd0c9db9ca505', 3, 1, 'a1234a', '845326948', '13203290137', '845326948@qq.com', 1400, 'Upload/users/2016-11/581c2991890ff.png', 1400, 1, 1, '2016-10-13 17:31:16', '127.0.0.1', '2016-11-05 08:51:10', 0, NULL, NULL, NULL, '1993-01-01', 1),
(42, '123123', 4481, 'e9cb3159f471a04e9fdffb28bf47d3de', 0, 0, '', '', '', '', 0, NULL, 0, 1, 1, '2016-10-17 21:08:47', '127.0.0.1', '2016-10-19 10:09:53', 0, NULL, NULL, NULL, NULL, 0),
(43, 'slarkertest', 8630, 'e12ac27f5018d13f02c568abca576ef4', 0, 0, 'lele', '', '17789542654', '', 0, NULL, 0, 1, 1, '2016-10-18 09:50:49', '127.0.0.1', '2016-10-18 09:50:49', 0, NULL, NULL, NULL, NULL, 0),
(44, 'slarker', 6756, 'd4da8b01aa4e7eddc703f6d45c8c5e26', 1, 1, 'slarker', '834672590', '18835964897', '834672590@qq.com', 3400, 'Upload/users/2016-11/581d32ac23860.jpg', 3400, 1, 1, '2016-10-18 09:55:01', '127.0.0.1', '2016-11-05 09:03:48', 0, NULL, NULL, NULL, '1993-11-11', 0),
(45, '1', 8943, '3bdb671fac782e209a7cb8774cfa8713', 0, 0, '', '', '', '', 0, NULL, 0, 1, 1, '2016-10-18 17:19:00', '127.0.0.1', '2016-10-18 17:19:00', 0, NULL, NULL, NULL, NULL, 0),
(46, '2', 3646, '15b49dc3707fc741e9683e30e8e2e0e4', 0, 0, '', '', '', '', 0, NULL, 0, 1, 1, '2016-10-18 17:19:32', '127.0.0.1', '2016-10-18 17:19:32', 0, NULL, NULL, NULL, NULL, 0),
(47, '18181818', 1508, '62a6b83ceef3fe193c9e023e988b1c89', 0, 0, '', '', '', '', 20000, '', 30000, 1, 1, '2016-10-18 19:15:38', '127.0.0.1', '2016-11-04 14:34:06', 0, NULL, NULL, NULL, NULL, 0),
(48, '321321321_a', 5420, '8ff964230148770ea06cc49b1136d502', 0, 0, '', '', '', '321321321@sina.com', 0, NULL, 0, 1, 1, '2016-10-18 19:59:36', '127.0.0.1', '2016-10-18 19:59:36', 0, NULL, NULL, NULL, NULL, 0),
(49, 'dml123', 1520, 'ea15f8d041c0649d8257394e96ce026b', 0, 0, '', '', '', '', 0, NULL, 0, 1, 1, '2016-10-20 09:19:03', '127.0.0.1', '2016-10-20 09:19:03', 0, NULL, NULL, NULL, NULL, 0),
(50, 'dml', 8460, '3fc0dcf79b0e94b8bf60dff185e0b834', 0, 0, '', '', '', '', 0, NULL, 0, 1, 1, '2016-10-20 09:20:22', '127.0.0.1', '2016-10-20 09:20:22', 0, NULL, NULL, NULL, NULL, 0),
(51, 'dml1', 1150, '7a0ebf8d97f8cc07d319798673fcb07a', 0, 0, '', '', '', '', 0, NULL, 0, 1, 1, '2016-10-20 09:20:58', '127.0.0.1', '2016-10-20 09:20:58', 0, NULL, NULL, NULL, NULL, 0),
(52, 'dml2', 8681, '7791e9daaf4ab1eebd15082f36a61e0d', 0, 0, '', '', '', '', 0, NULL, 0, 1, 1, '2016-10-20 09:42:12', '127.0.0.1', '2016-10-20 09:42:12', 0, NULL, NULL, NULL, NULL, 0),
(53, 'dml3', 2286, 'fbcca422f738bb9f566462ede6a61a98', 0, 0, '', '', '', '', 0, NULL, 0, 1, 1, '2016-10-20 09:43:02', '127.0.0.1', '2016-10-20 09:43:02', 0, NULL, NULL, NULL, NULL, 0),
(54, 'lele123', 9925, '78e2c0aa240a1ef78a9a18358c96c9cd', 0, 1, 'lele', '', '18835596546', '', 0, NULL, 0, 1, 1, '2016-10-31 15:33:32', '127.0.0.1', '2016-10-31 15:34:05', 0, NULL, NULL, NULL, NULL, 0),
(55, '111111', 1072, '5a5c0897df2e8546ccb25b8033436389', 0, 1, '王尼玛', '', '15674829472', '', 0, NULL, 0, 1, 1, '2016-11-01 09:06:46', '127.0.0.1', '2016-11-01 09:10:33', 0, NULL, NULL, NULL, NULL, 0),
(56, '222222', 4603, '0419d8faf929735925dffdbe7731b355', 1, 0, '黄善政', '1818181818', '17846283928', '1818181818@qq.com', 0, '', 0, 1, 1, '2016-11-01 09:15:25', '127.0.0.1', '2016-11-01 09:16:27', 0, NULL, NULL, NULL, NULL, 0),
(57, '1234567890', 4653, 'e932f22bd1d770642b38a91877ce926a', 0, 0, '', '', '', '', 0, NULL, 0, 1, 1, '2016-11-04 08:55:17', '0.0.0.0', '2016-11-04 09:05:17', 0, NULL, NULL, NULL, NULL, 0),
(58, '1234567112', 9548, '9aa5092f4be81f872099c0de18da7090', 0, 0, '', '', '', '', 0, NULL, 0, 1, 1, '2016-11-04 09:06:29', '0.0.0.0', '2016-11-04 09:06:29', 0, NULL, NULL, NULL, NULL, 0);

-- --------------------------------------------------------

--
-- Table structure for table `wst_user_address`
--

CREATE TABLE `wst_user_address` (
  `addressId` int(11) NOT NULL,
  `userId` int(11) NOT NULL,
  `userName` varchar(50) NOT NULL,
  `userPhone` varchar(20) DEFAULT NULL,
  `userTel` varchar(20) DEFAULT NULL,
  `areaId1` int(11) NOT NULL DEFAULT '0',
  `areaId2` int(11) NOT NULL DEFAULT '0',
  `areaId3` int(11) NOT NULL DEFAULT '0',
  `communityId` int(11) NOT NULL DEFAULT '0',
  `address` varchar(255) NOT NULL,
  `postCode` char(6) NOT NULL,
  `isDefault` tinyint(4) NOT NULL DEFAULT '0',
  `addressFlag` tinyint(4) NOT NULL DEFAULT '1',
  `createTime` datetime NOT NULL
) ENGINE=MyISAM DEFAULT CHARSET=utf8;

--
-- Dumping data for table `wst_user_address`
--

INSERT INTO `wst_user_address` (`addressId`, `userId`, `userName`, `userPhone`, `userTel`, `areaId1`, `areaId2`, `areaId3`, `communityId`, `address`, `postCode`, `isDefault`, `addressFlag`, `createTime`) VALUES
(1, 9, '马生', NULL, '020-46787622', 440000, 440100, 440106, 15, '红花岗', '512000', 0, 1, '2015-05-19 23:28:38'),
(2, 9, '马生', NULL, '1591867199', 440000, 440100, 440106, 17, '桑德菲杰卡拉斯的减肥', '345987', 1, 1, '2015-05-19 23:55:11'),
(3, 44, '1111', '18835590505', '', 110000, 110100, 110101, 24, '22', '', 0, 1, '2016-10-18 14:17:15'),
(4, 41, '{$address[&quot;userName&quot;]}', '15385730495', '010-00000000', 110000, 0, 0, 0, '默认', '', 0, 1, '2016-10-18 15:04:55'),
(9, 41, '123456789', '12345678901', '010-00000000', 110000, 110100, 110101, 24, '默认的', '', 0, 1, '2016-10-19 14:34:12'),
(8, 47, '18181818', '13213231211', '010-00000000', 110000, 110100, 110101, 24, '默认的', '', 0, 1, '2016-10-18 21:36:01'),
(10, 44, 'slarker', '18965235826', '010-00000000', 110000, 110100, 110101, 24, '默认的', '', 0, 1, '2016-10-19 14:56:25'),
(11, 44, 'slarker', '18965235826', '010-00000000', 110000, 110100, 110101, 24, '默认的', '', 0, 1, '2016-10-19 14:56:29'),
(12, 44, 'slarker', '18965235826', '010-00000000', 110000, 110100, 110101, 24, '默认的', '', 0, 1, '2016-10-19 14:58:09'),
(13, 44, 'slarker', '18965235826', '010-00000000', 110000, 110100, 110101, 24, '默认的', '', 0, 1, '2016-10-19 15:03:18'),
(14, 44, 'slarker', '18965235826', '010-00000000', 110000, 110100, 110101, 24, '默认的', '', 0, 1, '2016-10-19 16:05:43'),
(15, 41, '123456789', '12345678901', '010-00000000', 110000, 110100, 110101, 24, '默认的', '', 0, 1, '2016-10-19 16:18:10'),
(16, 41, '123456789', '12345678901', '010-00000000', 110000, 110100, 110101, 24, '默认的', '', 0, 1, '2016-10-19 16:19:45'),
(17, 41, '123456789', '12345678901', '010-00000000', 110000, 110100, 110101, 24, '默认的', '', 0, 1, '2016-10-19 16:21:22'),
(18, 41, '123456789', '12345678901', '010-00000000', 110000, 110100, 110101, 24, '默认的', '', 0, 1, '2016-10-19 16:21:33'),
(19, 41, '123456789', '12345678901', '010-00000000', 110000, 110100, 110101, 24, '默认的', '', 0, 1, '2016-10-19 16:21:43'),
(20, 41, '123456789', '12345678901', '010-00000000', 110000, 110100, 110101, 24, '默认的', '', 0, 1, '2016-10-19 16:30:08'),
(21, 41, '123456789', '12345678901', '010-00000000', 110000, 110100, 110101, 24, '默认的', '', 0, 1, '2016-10-19 16:36:26'),
(22, 41, '123456789', '12345678901', '010-00000000', 110000, 110100, 110101, 24, '默认的', '', 0, 1, '2016-10-19 16:37:06'),
(23, 41, '123456789', '12345678901', '010-00000000', 110000, 110100, 110101, 24, '默认的', '', 0, 1, '2016-10-19 16:37:36'),
(24, 41, '123456789', '12345678901', '010-00000000', 110000, 110100, 110101, 24, '默认的', '', 0, 1, '2016-10-19 16:37:40'),
(25, 41, '123456789', '12345678901', '010-00000000', 110000, 110100, 110101, 24, '默认的', '', 0, 1, '2016-10-19 16:38:19'),
(26, 41, '123456789', '12345678901', '010-00000000', 110000, 110100, 110101, 24, '默认的', '', 0, 1, '2016-10-19 16:38:37'),
(27, 41, '123456789', '12345678901', '010-00000000', 110000, 110100, 110101, 24, '默认的', '', 0, 1, '2016-10-19 16:39:10'),
(28, 41, '123456789', '12345678901', '010-00000000', 110000, 110100, 110101, 24, '默认的', '', 0, 1, '2016-10-19 16:41:46'),
(29, 41, '123456789', '12345678901', '010-00000000', 110000, 110100, 110101, 24, '默认的', '', 0, 1, '2016-10-19 16:53:17'),
(30, 41, '123456789', '12345678901', '010-00000000', 110000, 110100, 110101, 24, '默认的', '', 0, 1, '2016-10-19 16:55:52'),
(31, 41, '123456789', '12345678901', '010-00000000', 110000, 110100, 110101, 24, '默认的', '', 0, 1, '2016-10-19 16:56:47'),
(32, 41, '123456789', '12345678901', '010-00000000', 110000, 110100, 110101, 24, '默认的', '', 0, 1, '2016-10-19 16:59:00'),
(33, 41, '123456789', '12345678901', '010-00000000', 110000, 110100, 110101, 24, '默认的', '', 0, 1, '2016-10-19 17:01:19'),
(34, 41, '123456789', '12345678901', '010-00000000', 110000, 110100, 110101, 24, '默认的', '', 0, 1, '2016-10-19 17:02:42'),
(35, 41, '123456789', '12345678901', '010-00000000', 110000, 110100, 110101, 24, '默认的', '', 0, 1, '2016-10-19 17:03:15'),
(36, 44, 'slarker', '18965235826', '010-00000000', 110000, 110100, 110101, 24, '默认的', '', 0, 1, '2016-10-19 17:53:00'),
(37, 44, 'slarker', '18965235826', '010-00000000', 110000, 110100, 110101, 24, '默认的', '', 0, 1, '2016-10-19 18:09:54'),
(38, 44, 'slarker', '18965235826', '010-00000000', 110000, 110100, 110101, 24, '默认的', '', 0, 1, '2016-10-19 18:10:03'),
(39, 44, 'slarker', '18965235826', '010-00000000', 110000, 110100, 110101, 24, '默认的', '', 0, 1, '2016-10-19 18:10:06'),
(40, 44, 'slarker', '18965235826', '010-00000000', 110000, 110100, 110101, 24, '默认的', '', 0, 1, '2016-10-19 18:10:37'),
(41, 44, 'slarker', '18965235826', '010-00000000', 110000, 110100, 110101, 24, '默认的', '', 0, 1, '2016-10-19 18:12:22'),
(42, 44, 'slarker', '18965235826', '010-00000000', 110000, 110100, 110101, 24, '默认的', '', 0, 1, '2016-10-19 18:12:26'),
(43, 44, 'slarker', '18965235826', '010-00000000', 110000, 110100, 110101, 24, '默认的', '', 0, 1, '2016-10-19 18:12:42'),
(44, 44, 'slarker', '18965235826', '010-00000000', 110000, 110100, 110101, 24, '默认的', '', 0, 1, '2016-10-19 18:13:09'),
(45, 44, 'slarker', '18965235826', '010-00000000', 110000, 110100, 110101, 24, '默认的', '', 0, 1, '2016-10-19 18:13:30'),
(46, 44, 'slarker', '18965235826', '010-00000000', 110000, 110100, 110101, 24, '默认的', '', 0, 1, '2016-10-19 18:13:39'),
(47, 44, 'slarker', '18965235826', '010-00000000', 110000, 110100, 110101, 24, '默认的', '', 0, 1, '2016-10-19 18:14:45'),
(48, 44, 'slarker', '18965235826', '010-00000000', 110000, 110100, 110101, 24, '默认的', '', 0, 1, '2016-10-19 18:15:41'),
(49, 44, 'slarker', '18965235826', '010-00000000', 110000, 110100, 110101, 24, '默认的', '', 0, 1, '2016-10-19 18:15:47'),
(50, 44, 'slarker', '18965235826', '010-00000000', 110000, 110100, 110101, 24, '默认的', '', 0, 1, '2016-10-19 18:30:36'),
(51, 44, 'slarker', '18965235826', '010-00000000', 110000, 110100, 110101, 24, '默认的', '', 0, 1, '2016-10-19 18:31:45'),
(52, 41, '123456789', '12345678901', '010-00000000', 110000, 110100, 110101, 24, '默认的', '', 0, 1, '2016-10-19 20:09:17'),
(53, 41, '123456789', '12345678901', '010-00000000', 110000, 110100, 110101, 24, '默认的', '', 0, 1, '2016-10-19 20:11:42'),
(54, 44, 'slarker', '18965235826', '010-00000000', 110000, 110100, 110101, 24, '默认的', '', 0, 1, '2016-10-20 10:30:03'),
(55, 44, 'slarker', '18965235826', '010-00000000', 110000, 110100, 110101, 24, '默认的', '', 0, 1, '2016-10-20 10:30:55'),
(56, 44, 'slarker', '18965235826', '010-00000000', 110000, 110100, 110101, 24, '默认的', '', 0, 1, '2016-10-20 11:20:41'),
(57, 44, 'slarker', '18965235826', '010-00000000', 110000, 110100, 110101, 24, '默认的', '', 0, 1, '2016-10-20 11:20:50'),
(58, 44, 'slarker', '18965235826', '010-00000000', 110000, 110100, 110101, 24, '默认的', '', 0, 1, '2016-10-20 11:22:32'),
(59, 44, 'slarker', '18965235826', '010-00000000', 110000, 110100, 110101, 24, '默认的', '', 0, 1, '2016-10-20 11:22:37'),
(60, 44, 'slarker', '18965235826', '010-00000000', 110000, 110100, 110101, 24, '默认的', '', 0, 1, '2016-10-20 11:23:34'),
(61, 47, '18181818', '13213231211', '010-00000000', 110000, 110100, 110101, 24, '默认的', '', 0, 1, '2016-10-20 18:22:04'),
(62, 47, '18181818', '13213231211', '010-00000000', 110000, 110100, 110101, 24, '默认的', '', 0, 1, '2016-10-20 21:02:43'),
(63, 47, '18181818', '13213231211', '010-00000000', 110000, 110100, 110101, 24, '默认的', '', 0, 1, '2016-10-20 21:03:35'),
(64, 47, '18181818', '13213231211', '010-00000000', 110000, 110100, 110101, 24, '默认的', '', 0, 1, '2016-10-20 21:06:05'),
(65, 47, '18181818', '13213231211', '010-00000000', 110000, 110100, 110101, 24, '默认的', '', 0, 1, '2016-10-20 21:55:31'),
(66, 47, '18181818', '13213231211', '010-00000000', 110000, 110100, 110101, 24, '默认的', '', 0, 1, '2016-10-21 00:05:03'),
(67, 47, '18181818', '13213231211', '010-00000000', 110000, 110100, 110101, 24, '默认的', '', 0, 1, '2016-10-21 00:07:31'),
(68, 47, '18181818', '13213231211', '010-00000000', 110000, 110100, 110101, 24, '默认的', '', 0, 1, '2016-10-21 08:52:22'),
(69, 44, 'slarker', '18965235826', '010-00000000', 110000, 110100, 110101, 24, '默认的', '', 0, 1, '2016-10-21 09:13:30'),
(70, 44, 'slarker', '18965235826', '010-00000000', 110000, 110100, 110101, 24, '默认的', '', 0, 1, '2016-10-21 09:20:32'),
(71, 44, 'slarker', '18965235826', '010-00000000', 110000, 110100, 110101, 24, '默认的', '', 0, 1, '2016-10-21 09:32:30'),
(72, 44, 'slarker', '18965235826', '010-00000000', 110000, 110100, 110101, 24, '默认的', '', 0, 1, '2016-10-21 09:34:48'),
(73, 44, 'slarker', '18965235826', '010-00000000', 110000, 110100, 110101, 24, '默认的', '', 0, 1, '2016-10-21 09:44:45'),
(74, 44, 'slarker', '18965235826', '010-00000000', 110000, 110100, 110101, 24, '默认的', '', 0, 1, '2016-10-21 09:44:57'),
(75, 41, '123456789', '12345678901', '010-00000000', 110000, 110100, 110101, 24, '默认的', '', 0, 1, '2016-10-21 13:55:23'),
(76, 44, 'slarker', '18965235826', '010-00000000', 110000, 110100, 110101, 24, '默认的', '', 0, 1, '2016-10-21 14:47:26'),
(77, 44, 'slarker', '18965235826', '010-00000000', 110000, 110100, 110101, 24, '默认的', '', 0, 1, '2016-10-21 14:48:46'),
(78, 44, 'slarker', '18965235826', '010-00000000', 110000, 110100, 110101, 24, '默认的', '', 0, 1, '2016-10-21 14:49:34'),
(79, 41, '123456789', '12345678901', '010-00000000', 110000, 110100, 110101, 24, '默认的', '', 0, 1, '2016-10-21 16:02:40'),
(80, 44, 'slarker', '18965235826', '010-00000000', 110000, 110100, 110101, 24, '默认的', '', 0, 1, '2016-10-21 16:19:38'),
(81, 44, 'slarker', '18965235826', '010-00000000', 110000, 110100, 110101, 24, '默认的', '', 0, 1, '2016-10-21 16:21:16'),
(82, 41, '123456789', '12345678901', '010-00000000', 110000, 110100, 110101, 24, '默认的', '', 0, 1, '2016-10-21 16:40:09'),
(83, 41, '123456789', '12345678901', '010-00000000', 110000, 110100, 110101, 24, '默认的', '', 0, 1, '2016-10-21 16:41:37'),
(84, 41, '123456789', '12345678901', '010-00000000', 110000, 110100, 110101, 24, '默认的', '', 0, 1, '2016-10-21 16:41:52'),
(85, 44, 'slarker', '18965235826', '010-00000000', 110000, 110100, 110101, 24, '默认的', '', 0, 1, '2016-10-21 16:57:05'),
(86, 44, 'slarker', '18965235826', '010-00000000', 110000, 110100, 110101, 24, '默认的', '', 0, 1, '2016-10-21 18:16:43'),
(87, 44, 'slarker', '18965235826', '010-00000000', 110000, 110100, 110101, 24, '默认的', '', 0, 1, '2016-10-21 18:21:59'),
(88, 44, 'slarker', '18965235826', '010-00000000', 110000, 110100, 110101, 24, '默认的', '', 0, 1, '2016-10-21 18:45:18'),
(89, 41, '123456789', '12345678901', '010-00000000', 110000, 110100, 110101, 24, '默认的', '', 0, 1, '2016-10-22 09:24:25'),
(90, 41, '123456789', '12345678901', '010-00000000', 110000, 110100, 110101, 24, '默认的', '', 0, 1, '2016-10-22 09:27:34'),
(91, 41, '123456789', '12345678901', '010-00000000', 110000, 110100, 110101, 24, '默认的', '', 0, 1, '2016-10-22 09:27:47'),
(92, 41, '123456789', '12345678901', '010-00000000', 110000, 110100, 110101, 24, '默认的', '', 0, 1, '2016-10-22 09:27:56'),
(93, 41, '123456789', '12345678901', '010-00000000', 110000, 110100, 110101, 24, '默认的', '', 0, 1, '2016-10-22 09:28:07'),
(94, 44, 'slarker', '18965235826', '010-00000000', 110000, 110100, 110101, 24, '默认的', '', 0, 1, '2016-10-22 12:07:37'),
(95, 44, 'slarker', '18965235826', '010-00000000', 110000, 110100, 110101, 24, '默认的', '', 0, 1, '2016-10-22 13:36:09'),
(96, 44, 'slarker', '18965235826', '010-00000000', 110000, 110100, 110101, 24, '默认的', '', 0, 1, '2016-10-22 13:39:06'),
(97, 44, 'slarker', '18965235826', '010-00000000', 110000, 110100, 110101, 24, '默认的', '', 0, 1, '2016-10-22 13:40:20'),
(98, 44, 'slarker', '18965235826', '010-00000000', 110000, 110100, 110101, 24, '默认的', '', 0, 1, '2016-10-22 13:42:56'),
(99, 44, 'slarker', '18965235826', '010-00000000', 110000, 110100, 110101, 24, '默认的', '', 0, 1, '2016-10-22 13:43:50'),
(100, 44, 'slarker', '18965235826', '010-00000000', 110000, 110100, 110101, 24, '默认的', '', 0, 1, '2016-10-22 13:44:51'),
(101, 44, 'slarker', '18965235826', '010-00000000', 110000, 110100, 110101, 24, '默认的', '', 0, 1, '2016-10-22 13:45:36'),
(102, 44, 'slarker', '18965235826', '010-00000000', 110000, 110100, 110101, 24, '默认的', '', 0, 1, '2016-10-22 13:45:49'),
(103, 44, 'slarker', '18965235826', '010-00000000', 110000, 110100, 110101, 24, '默认的', '', 0, 1, '2016-10-22 13:48:22'),
(104, 44, 'slarker', '18965235826', '010-00000000', 110000, 110100, 110101, 24, '默认的', '', 0, 1, '2016-10-22 13:48:53'),
(105, 44, 'slarker', '18965235826', '010-00000000', 110000, 110100, 110101, 24, '默认的', '', 0, 1, '2016-10-22 13:49:13'),
(106, 44, 'slarker', '18965235826', '010-00000000', 110000, 110100, 110101, 24, '默认的', '', 0, 1, '2016-10-22 13:49:45'),
(107, 44, 'slarker', '18965235826', '010-00000000', 110000, 110100, 110101, 24, '默认的', '', 0, 1, '2016-10-22 13:50:00'),
(108, 44, 'slarker', '18965235826', '010-00000000', 110000, 110100, 110101, 24, '默认的', '', 0, 1, '2016-10-22 13:50:29'),
(109, 44, 'slarker', '18965235826', '010-00000000', 110000, 110100, 110101, 24, '默认的', '', 0, 1, '2016-10-22 14:03:46'),
(110, 44, 'slarker', '18965235826', '010-00000000', 110000, 110100, 110101, 24, '默认的', '', 0, 1, '2016-10-22 14:04:25'),
(111, 44, 'slarker', '18965235826', '010-00000000', 110000, 110100, 110101, 24, '默认的', '', 0, 1, '2016-10-22 14:10:43'),
(112, 44, 'slarker', '18965235826', '010-00000000', 110000, 110100, 110101, 24, '默认的', '', 0, 1, '2016-10-22 14:11:42'),
(113, 44, 'slarker', '18965235826', '010-00000000', 110000, 110100, 110101, 24, '默认的', '', 0, 1, '2016-10-22 14:11:58'),
(114, 44, 'slarker', '18965235826', '010-00000000', 110000, 110100, 110101, 24, '默认的', '', 0, 1, '2016-10-22 14:13:01'),
(115, 44, 'slarker', '18965235826', '010-00000000', 110000, 110100, 110101, 24, '默认的', '', 0, 1, '2016-10-22 14:13:23'),
(116, 44, 'slarker', '18965235826', '010-00000000', 110000, 110100, 110101, 24, '默认的', '', 0, 1, '2016-10-22 14:13:38'),
(117, 44, 'slarker', '18965235826', '010-00000000', 110000, 110100, 110101, 24, '默认的', '', 0, 1, '2016-10-22 14:16:05'),
(118, 44, 'slarker', '18965235826', '010-00000000', 110000, 110100, 110101, 24, '默认的', '', 0, 1, '2016-10-22 14:16:40'),
(119, 44, 'slarker', '18965235826', '010-00000000', 110000, 110100, 110101, 24, '默认的', '', 0, 1, '2016-10-22 14:44:12'),
(120, 44, 'slarker', '18965235826', '010-00000000', 110000, 110100, 110101, 24, '默认的', '', 0, 1, '2016-10-22 14:47:39'),
(121, 44, 'slarker', '18965235826', '010-00000000', 110000, 110100, 110101, 24, '默认的', '', 0, 1, '2016-10-22 14:48:14'),
(122, 44, 'slarker', '18965235826', '010-00000000', 110000, 110100, 110101, 24, '默认的', '', 0, 1, '2016-10-22 14:48:21'),
(123, 44, 'slarker', '18965235826', '010-00000000', 110000, 110100, 110101, 24, '默认的', '', 0, 1, '2016-10-22 14:50:58'),
(124, 41, '123456789', '12345678901', '010-00000000', 110000, 110100, 110101, 24, '默认的', '', 0, 1, '2016-10-22 14:51:20'),
(125, 44, 'slarker', '18965235826', '010-00000000', 110000, 110100, 110101, 24, '默认的', '', 0, 1, '2016-10-22 14:51:35'),
(126, 41, '123456789', '12345678901', '010-00000000', 110000, 110100, 110101, 24, '默认的', '', 0, 1, '2016-10-22 14:52:24'),
(127, 41, '123456789', '12345678901', '010-00000000', 110000, 110100, 110101, 24, '默认的', '', 0, 1, '2016-10-22 14:53:24'),
(128, 41, '123456789', '12345678901', '010-00000000', 110000, 110100, 110101, 24, '默认的', '', 0, 1, '2016-10-22 14:54:24'),
(129, 41, '123456789', '12345678901', '010-00000000', 110000, 110100, 110101, 24, '默认的', '', 0, 1, '2016-10-22 15:01:17'),
(130, 41, '123456789', '12345678901', '010-00000000', 110000, 110100, 110101, 24, '默认的', '', 0, 1, '2016-10-22 15:01:37'),
(131, 41, '123456789', '12345678901', '010-00000000', 110000, 110100, 110101, 24, '默认的', '', 0, 1, '2016-10-22 15:01:47'),
(132, 41, '123456789', '12345678901', '010-00000000', 110000, 110100, 110101, 24, '默认的', '', 0, 1, '2016-10-22 15:04:16'),
(133, 41, '123456789', '12345678901', '010-00000000', 110000, 110100, 110101, 24, '默认的', '', 0, 1, '2016-10-22 15:05:45'),
(134, 41, '123456789', '12345678901', '010-00000000', 110000, 110100, 110101, 24, '默认的', '', 0, 1, '2016-10-22 15:06:42'),
(135, 41, '123456789', '12345678901', '010-00000000', 110000, 110100, 110101, 24, '默认的', '', 0, 1, '2016-10-22 15:07:01'),
(136, 41, '123456789', '12345678901', '010-00000000', 110000, 110100, 110101, 24, '默认的', '', 0, 1, '2016-10-22 15:07:05'),
(137, 41, '123456789', '12345678901', '010-00000000', 110000, 110100, 110101, 24, '默认的', '', 0, 1, '2016-10-22 15:07:15'),
(138, 41, '123456789', '12345678901', '010-00000000', 110000, 110100, 110101, 24, '默认的', '', 0, 1, '2016-10-22 15:07:47'),
(139, 41, '123456789', '12345678901', '010-00000000', 110000, 110100, 110101, 24, '默认的', '', 0, 1, '2016-10-22 15:08:55'),
(140, 41, '123456789', '12345678901', '010-00000000', 110000, 110100, 110101, 24, '默认的', '', 0, 1, '2016-10-22 15:11:28'),
(141, 41, '123456789', '12345678901', '010-00000000', 110000, 110100, 110101, 24, '默认的', '', 0, 1, '2016-10-22 15:11:37'),
(142, 41, '123456789', '12345678901', '010-00000000', 110000, 110100, 110101, 24, '默认的', '', 0, 1, '2016-10-22 15:12:21'),
(143, 41, '123456789', '12345678901', '010-00000000', 110000, 110100, 110101, 24, '默认的', '', 0, 1, '2016-10-22 15:12:54'),
(144, 41, '123456789', '12345678901', '010-00000000', 110000, 110100, 110101, 24, '默认的', '', 0, 1, '2016-10-22 15:14:24'),
(145, 41, '123456789', '12345678901', '010-00000000', 110000, 110100, 110101, 24, '默认的', '', 0, 1, '2016-10-22 15:14:48'),
(146, 44, 'slarker', '18965235826', '010-00000000', 110000, 110100, 110101, 24, '默认的', '', 0, 1, '2016-10-22 15:16:39'),
(147, 41, '123456789', '12345678901', '010-00000000', 110000, 110100, 110101, 24, '默认的', '', 0, 1, '2016-10-22 15:17:32'),
(148, 41, '123456789', '12345678901', '010-00000000', 110000, 110100, 110101, 24, '默认的', '', 0, 1, '2016-10-22 15:17:37'),
(149, 44, 'slarker', '18965235826', '010-00000000', 110000, 110100, 110101, 24, '默认的', '', 0, 1, '2016-10-22 15:17:45'),
(150, 44, 'slarker', '18965235826', '010-00000000', 110000, 110100, 110101, 24, '默认的', '', 0, 1, '2016-10-22 15:18:25'),
(151, 44, 'slarker', '18965235826', '010-00000000', 110000, 110100, 110101, 24, '默认的', '', 0, 1, '2016-10-22 15:18:25'),
(152, 44, 'slarker', '18965235826', '010-00000000', 110000, 110100, 110101, 24, '默认的', '', 0, 1, '2016-10-22 15:20:07'),
(153, 41, '123456789', '12345678901', '010-00000000', 110000, 110100, 110101, 24, '默认的', '', 0, 1, '2016-10-22 15:20:32'),
(154, 44, 'slarker', '18965235826', '010-00000000', 110000, 110100, 110101, 24, '默认的', '', 0, 1, '2016-10-22 15:20:39'),
(155, 41, '123456789', '12345678901', '010-00000000', 110000, 110100, 110101, 24, '默认的', '', 0, 1, '2016-10-22 15:20:43'),
(156, 44, 'slarker', '18965235826', '010-00000000', 110000, 110100, 110101, 24, '默认', '', 0, 1, '2016-10-22 15:21:16'),
(157, 41, '123456789', '12345678901', '010-00000000', 110000, 110100, 110101, 24, '默认的', '', 0, 1, '2016-10-22 15:24:13'),
(158, 47, '18181818', '13213231211', '010-00000000', 110000, 110100, 110101, 24, '默认', '', 0, 1, '2016-10-24 10:30:06'),
(159, 47, '18181818', '13213231211', '010-00000000', 110000, 110100, 110101, 24, '默认', '', 0, 1, '2016-10-24 10:31:31'),
(160, 47, '18181818', '13213231211', '010-00000000', 110000, 110100, 110101, 24, '默认', '', 0, 1, '2016-10-24 11:44:58'),
(161, 47, '18181818', '13213231211', '010-00000000', 110000, 110100, 110101, 24, '默认', '', 0, 1, '2016-10-24 11:46:01'),
(162, 47, '18181818', '13213231211', '010-00000000', 110000, 110100, 110101, 24, '默认', '', 0, 1, '2016-10-24 12:05:09'),
(163, 47, '18181818', '13213231211', '010-00000000', 110000, 110100, 110101, 24, '默认', '', 0, 1, '2016-10-24 14:28:29'),
(164, 47, '18181818', '13213231211', '010-00000000', 110000, 110100, 110101, 24, '默认', '', 0, 1, '2016-10-24 14:33:48'),
(165, 41, '123456789', '12345678901', '010-00000000', 110000, 110100, 110101, 24, '默认', '', 0, 1, '2016-10-24 14:45:43'),
(166, 41, '123456789', '12345678901', '010-00000000', 110000, 110100, 110101, 24, '默认', '', 0, 1, '2016-10-24 14:46:28'),
(167, 41, '123456789', '12345678901', '010-00000000', 110000, 110100, 110101, 24, '默认', '', 0, 1, '2016-10-24 14:47:58'),
(168, 41, '123456789', '12345678901', '010-00000000', 110000, 110100, 110101, 24, '默认', '', 0, 1, '2016-10-24 15:00:36'),
(169, 41, '123456789', '12345678901', '010-00000000', 110000, 110100, 110101, 24, '默认', '', 0, 1, '2016-10-24 15:02:03'),
(170, 41, '123456789', '12345678901', '010-00000000', 110000, 110100, 110101, 24, '默认', '', 0, 1, '2016-10-24 15:03:18'),
(171, 41, '123456789', '12345678901', '010-00000000', 110000, 110100, 110101, 24, '默认', '', 0, 1, '2016-10-24 15:04:10'),
(172, 41, '123456789', '12345678901', '010-00000000', 110000, 110100, 110101, 24, '默认', '', 0, 1, '2016-10-24 15:28:07'),
(173, 41, '123456789', '12345678901', '010-00000000', 110000, 110100, 110101, 24, '默认', '', 0, 1, '2016-10-24 15:28:30'),
(174, 41, '123456789', '12345678901', '010-00000000', 110000, 110100, 110101, 24, '默认', '', 0, 1, '2016-10-24 15:34:39'),
(175, 41, '123456789', '12345678901', '010-00000000', 110000, 110100, 110101, 24, '默认', '', 0, 1, '2016-10-24 15:34:46'),
(176, 41, '123456789', '12345678901', '010-00000000', 110000, 110100, 110101, 24, '默认', '', 0, 1, '2016-10-24 17:42:03'),
(177, 41, '123456789', '12345678901', '010-00000000', 110000, 110100, 110101, 24, '默认', '', 0, 1, '2016-10-24 17:43:37'),
(178, 41, '123456789', '12345678901', '010-00000000', 110000, 110100, 110101, 24, '默认', '', 0, 1, '2016-10-28 14:12:38'),
(179, 41, '123456789', '12345678901', '010-00000000', 110000, 110100, 110101, 24, '默认', '', 0, 1, '2016-10-28 14:12:48'),
(180, 41, '123456789', '12345678901', '010-00000000', 110000, 110100, 110101, 24, '默认', '', 0, 1, '2016-10-28 14:12:54'),
(181, 41, '123456789', '12345678901', '010-00000000', 110000, 110100, 110101, 24, '默认', '', 0, 1, '2016-10-28 14:24:06'),
(182, 41, '123456789', '12345678901', '010-00000000', 110000, 110100, 110101, 24, '默认', '', 0, 1, '2016-10-28 14:25:01'),
(183, 41, '123456789', '12345678901', '010-00000000', 110000, 110100, 110101, 24, '默认', '', 0, 1, '2016-10-28 14:37:45'),
(184, 44, 'slarker', '18965235826', '010-00000000', 110000, 110100, 110101, 24, '默认', '', 0, 1, '2016-10-28 15:05:30'),
(185, 44, 'slarker', '18965235826', '010-00000000', 110000, 110100, 110101, 24, '默认', '', 0, 1, '2016-10-28 15:06:33'),
(186, 41, '123456789', '12345678901', '010-00000000', 110000, 110100, 110101, 24, '默认', '', 0, 1, '2016-10-31 11:57:13'),
(187, 44, 'slarker', '18965235826', '010-00000000', 110000, 110100, 110101, 24, '默认', '', 0, 1, '2016-10-31 15:06:09'),
(188, 44, 'slarker', '18965235826', '010-00000000', 110000, 110100, 110101, 24, '默认', '', 0, 1, '2016-10-31 15:06:15'),
(189, 56, '黄善政', '15673447420', '', 430000, 430400, 430405, 25, '明兴翰苑', '', 1, 1, '2016-11-01 09:31:24'),
(190, 47, '18181818', '13213231211', '010-00000000', 110000, 110100, 110101, 24, '默认', '', 0, 1, '2016-11-01 11:11:53'),
(191, 44, 'slarker', '18965235826', '010-00000000', 110000, 110100, 110101, 24, '默认', '', 0, 1, '2016-11-01 15:03:46'),
(192, 44, 'slarker', '18965235826', '010-00000000', 110000, 110100, 110101, 24, '默认', '', 0, 1, '2016-11-01 15:05:18'),
(193, 44, 'slarker', '18965235826', '010-00000000', 110000, 110100, 110101, 24, '默认', '', 0, 1, '2016-11-01 15:14:48'),
(194, 44, 'slarker', '18965235826', '010-00000000', 110000, 110100, 110101, 24, '默认', '', 0, 1, '2016-11-01 15:14:52'),
(195, 44, 'slarker', '18965235826', '010-00000000', 110000, 110100, 110101, 24, '默认', '', 0, 1, '2016-11-01 15:14:58'),
(196, 44, 'slarker', '18965235826', '010-00000000', 110000, 110100, 110101, 24, '默认', '', 0, 1, '2016-11-01 15:15:03'),
(197, 44, 'slarker', '18965235826', '010-00000000', 110000, 110100, 110101, 24, '默认', '', 0, 1, '2016-11-01 15:15:17'),
(198, 44, 'slarker', '18965235826', '010-00000000', 110000, 110100, 110101, 24, '默认', '', 0, 1, '2016-11-01 15:15:21'),
(199, 44, 'slarker', '18965235826', '010-00000000', 110000, 110100, 110101, 24, '默认', '', 0, 1, '2016-11-01 15:15:39'),
(200, 44, 'slarker', '18965235826', '010-00000000', 110000, 110100, 110101, 24, '默认', '', 0, 1, '2016-11-01 15:15:50'),
(201, 44, 'slarker', '18965235826', '010-00000000', 110000, 110100, 110101, 24, '默认', '', 0, 1, '2016-11-01 15:16:03'),
(202, 44, 'slarker', '18965235826', '010-00000000', 110000, 110100, 110101, 24, '默认', '', 0, 1, '2016-11-01 15:16:11'),
(203, 44, 'slarker', '18965235826', '010-00000000', 110000, 110100, 110101, 24, '默认', '', 0, 1, '2016-11-01 15:16:13'),
(204, 44, 'slarker', '18965235826', '010-00000000', 110000, 110100, 110101, 24, '默认', '', 0, 1, '2016-11-01 15:16:17'),
(205, 44, 'slarker', '18965235826', '010-00000000', 110000, 110100, 110101, 24, '默认', '', 0, 1, '2016-11-01 15:16:21'),
(206, 44, 'slarker', '18965235826', '010-00000000', 110000, 110100, 110101, 24, '默认', '', 0, 1, '2016-11-01 15:16:31'),
(207, 44, 'slarker', '18965235826', '010-00000000', 110000, 110100, 110101, 24, '默认', '', 0, 1, '2016-11-01 15:16:35'),
(208, 44, 'slarker', '18965235826', '010-00000000', 110000, 110100, 110101, 24, '默认', '', 0, 1, '2016-11-01 15:16:46'),
(209, 44, 'slarker', '18965235826', '010-00000000', 110000, 110100, 110101, 24, '默认', '', 0, 1, '2016-11-01 15:16:54'),
(210, 44, 'slarker', '18965235826', '010-00000000', 110000, 110100, 110101, 24, '默认', '', 0, 1, '2016-11-01 15:31:20'),
(211, 44, 'slarker', '18965235826', '010-00000000', 110000, 110100, 110101, 24, '默认', '', 0, 1, '2016-11-01 15:31:26'),
(212, 47, '18181818', '13211111111', '010-00000000', 430000, 110100, 110101, 24, '默认', '', 0, 1, '2016-11-01 15:31:20'),
(213, 44, 'slarker', '18965235826', '010-00000000', 110000, 110100, 110101, 24, '默认', '', 0, 1, '2016-11-01 15:34:09'),
(214, 44, 'slarker', '18965235826', '010-00000000', 110000, 110100, 110101, 24, '默认', '', 0, 1, '2016-11-01 16:40:28'),
(215, 44, 'slarker', '18965235826', '010-00000000', 110000, 110100, 110101, 24, '默认', '', 0, 1, '2016-11-01 17:07:46'),
(216, 47, '18181818', '13211111111', '010-00000000', 430000, 110100, 110101, 24, '默认', '', 0, 1, '2016-11-02 10:56:51'),
(217, 47, '18181818', '13211111111', '010-00000000', 430000, 110100, 110101, 24, '默认', '', 0, 1, '2016-11-02 11:11:28'),
(223, 47, '大分公司', '12341234123', '010-00000000', 430000, 430400, 430408, 27, '阿什顿发送到', '', 1, 1, '2016-11-02 15:23:41'),
(219, 44, 'slarker', '18835964897', '010-00000000', 430000, 430400, 430408, 27, '默认', '', 1, 1, '2016-11-02 14:02:22'),
(224, 41, '刘宣平', '13203290137', '010-00000000', 430000, 430400, 430408, 27, '湖南工学院', '', 1, 1, '2016-11-04 08:44:01'),
(225, 57, 'zouli', '13142354174', '010-00000000', 430000, 430400, 430408, 27, 'sdsad', '', 1, 1, '2016-11-04 09:05:44'),
(226, 58, 'sdas', '13142354174', '010-00000000', 430000, 430400, 430408, 27, 'sdasdad', '', 1, 1, '2016-11-04 09:07:03');

-- --------------------------------------------------------

--
-- Table structure for table `wst_user_ranks`
--

CREATE TABLE `wst_user_ranks` (
  `rankId` int(11) NOT NULL,
  `rankName` varchar(20) NOT NULL,
  `startScore` int(11) NOT NULL DEFAULT '0',
  `endScore` int(11) NOT NULL DEFAULT '0',
  `rebate` int(11) DEFAULT '100',
  `createTime` datetime NOT NULL
) ENGINE=MyISAM DEFAULT CHARSET=utf8;

--
-- Dumping data for table `wst_user_ranks`
--

INSERT INTO `wst_user_ranks` (`rankId`, `rankName`, `startScore`, `endScore`, `rebate`, `createTime`) VALUES
(1, '青铜', 0, 10, 100, '2016-10-26 14:09:46'),
(2, '白银', 10, 100, 90, '2016-10-26 14:10:11'),
(3, '黄金', 100, 250, 80, '2016-10-26 14:10:41'),
(4, '铂金', 250, 500, 70, '2016-10-26 14:11:13'),
(5, '钻石', 500, 1000, 60, '2016-10-26 14:11:32'),
(6, '超凡大撕', 1000, 5000, 50, '2016-10-26 14:11:58'),
(7, '贼强王者', 5000, 15000, 40, '2016-10-26 14:12:32'),
(8, '职业农药', 15000, 30000, 30, '2016-10-26 14:14:16');

-- --------------------------------------------------------

--
-- Table structure for table `wst_user_score`
--

CREATE TABLE `wst_user_score` (
  `scoreId` int(11) NOT NULL,
  `userId` int(11) NOT NULL DEFAULT '0',
  `score` int(11) NOT NULL DEFAULT '0',
  `dataSrc` int(11) NOT NULL DEFAULT '0',
  `dataId` int(11) NOT NULL DEFAULT '0',
  `dataRemarks` text,
  `scoreType` int(11) NOT NULL DEFAULT '0',
  `createTime` datetime DEFAULT NULL
) ENGINE=MyISAM DEFAULT CHARSET=utf8;

--
-- Dumping data for table `wst_user_score`
--

INSERT INTO `wst_user_score` (`scoreId`, `userId`, `score`, `dataSrc`, `dataId`, `dataRemarks`, `scoreType`, `createTime`) VALUES
(1, 41, 200, 1, 26, '交易获得', 1, '2016-10-20 14:01:16'),
(2, 41, 100, 1, 6, '交易获得', 1, '2016-10-21 08:53:22'),
(3, 41, 100, 1, 22, '交易获得', 1, '2016-10-21 08:53:24'),
(4, 41, 100, 1, 52, '交易获得', 1, '2016-10-24 10:59:12'),
(5, 47, 100, 1, 27, '交易获得', 1, '2016-10-25 11:17:09'),
(6, 47, 200, 1, 25, '交易获得', 1, '2016-10-25 11:17:19'),
(7, 47, 200, 1, 24, '交易获得', 1, '2016-10-25 11:17:23'),
(8, 47, 100, 1, 23, '交易获得', 1, '2016-10-25 11:17:26'),
(9, 44, 400, 1, 30, '交易获得', 1, '2016-10-26 09:53:11'),
(10, 44, 100, 1, 21, '交易获得', 1, '2016-10-26 11:27:04'),
(11, 44, 700, 1, 2, '交易获得', 1, '2016-10-26 11:27:15'),
(12, 44, 100, 1, 1, '交易获得', 1, '2016-10-26 11:27:55'),
(13, 44, 100, 1, 31, '交易获得', 1, '2016-10-26 11:32:45'),
(14, 44, 500, 1, 63, '交易获得', 1, '2016-10-26 11:54:07'),
(15, 47, 20000, 1, 66, '订单支付-扣积分', 2, '2016-10-26 14:38:33'),
(16, 44, 400, 1, 67, '交易获得', 1, '2016-10-27 12:00:35'),
(17, 44, 100, 1, 65, '交易获得', 1, '2016-10-27 16:36:31'),
(18, 44, 100, 1, 64, '交易获得', 1, '2016-10-27 16:48:55'),
(19, 41, 100, 1, 62, '交易获得', 1, '2016-10-27 16:52:12'),
(20, 41, 100, 1, 20, '交易获得', 1, '2016-10-27 16:53:22'),
(21, 41, 100, 1, 19, '交易获得', 1, '2016-10-27 16:53:25'),
(22, 41, 100, 1, 17, '交易获得', 1, '2016-10-27 16:53:28'),
(23, 41, 0, 2, 26, '订单评价获得', 1, '2016-10-28 09:34:53'),
(24, 41, 200, 1, 5, '交易获得', 1, '2016-10-31 14:57:22'),
(25, 41, 0, 2, 6, '订单评价获得', 1, '2016-10-31 14:57:22'),
(26, 41, 0, 2, 22, '订单评价获得', 1, '2016-10-31 14:57:22'),
(27, 41, 0, 2, 26, '订单评价获得', 1, '2016-10-31 14:57:22'),
(28, 41, 0, 2, 6, '订单评价获得', 1, '2016-10-31 15:31:21'),
(29, 41, 0, 2, 22, '订单评价获得', 1, '2016-10-31 15:31:21'),
(30, 41, 0, 2, 26, '订单评价获得', 1, '2016-10-31 15:31:21'),
(31, 41, 0, 2, 6, '订单评价获得', 1, '2016-10-31 17:34:55'),
(32, 41, 0, 2, 22, '订单评价获得', 1, '2016-10-31 17:34:55'),
(33, 41, 0, 2, 26, '订单评价获得', 1, '2016-10-31 17:34:55'),
(34, 41, 0, 2, 6, '订单评价获得', 1, '2016-11-01 09:03:27'),
(35, 41, 0, 2, 22, '订单评价获得', 1, '2016-11-01 09:03:27'),
(36, 41, 0, 2, 26, '订单评价获得', 1, '2016-11-01 09:03:27'),
(37, 41, 0, 2, 52, '订单评价获得', 1, '2016-11-01 09:03:27'),
(38, 41, 0, 2, 6, '订单评价获得', 1, '2016-11-01 09:28:50'),
(39, 41, 0, 2, 22, '订单评价获得', 1, '2016-11-01 09:28:50'),
(40, 41, 0, 2, 26, '订单评价获得', 1, '2016-11-01 09:28:50'),
(41, 41, 0, 2, 52, '订单评价获得', 1, '2016-11-01 09:28:50'),
(42, 41, 0, 2, 6, '订单评价获得', 1, '2016-11-01 11:01:18'),
(43, 41, 0, 2, 22, '订单评价获得', 1, '2016-11-01 11:01:18'),
(44, 41, 0, 2, 26, '订单评价获得', 1, '2016-11-01 11:01:18'),
(45, 41, 0, 2, 52, '订单评价获得', 1, '2016-11-01 11:01:18'),
(46, 44, 0, 2, 1, '订单评价获得', 1, '2016-11-03 10:56:42'),
(47, 44, 0, 2, 2, '订单评价获得', 1, '2016-11-03 10:56:42'),
(48, 41, 0, 2, 6, '订单评价获得', 1, '2016-11-03 10:56:42'),
(49, 44, 0, 2, 21, '订单评价获得', 1, '2016-11-03 10:56:42'),
(50, 41, 0, 2, 22, '订单评价获得', 1, '2016-11-03 10:56:42'),
(51, 47, 0, 2, 23, '订单评价获得', 1, '2016-11-03 10:56:42'),
(52, 47, 0, 2, 24, '订单评价获得', 1, '2016-11-03 10:56:42'),
(53, 47, 0, 2, 24, '订单评价获得', 1, '2016-11-03 10:56:42'),
(54, 47, 0, 2, 25, '订单评价获得', 1, '2016-11-03 10:56:42'),
(55, 47, 0, 2, 25, '订单评价获得', 1, '2016-11-03 10:56:42'),
(56, 41, 0, 2, 26, '订单评价获得', 1, '2016-11-03 10:56:42'),
(57, 47, 0, 2, 27, '订单评价获得', 1, '2016-11-03 10:56:43'),
(58, 44, 0, 2, 30, '订单评价获得', 1, '2016-11-03 10:56:43'),
(59, 44, 0, 2, 30, '订单评价获得', 1, '2016-11-03 10:56:43'),
(60, 44, 0, 2, 30, '订单评价获得', 1, '2016-11-03 10:56:43'),
(61, 44, 0, 2, 30, '订单评价获得', 1, '2016-11-03 10:56:43'),
(62, 44, 0, 2, 31, '订单评价获得', 1, '2016-11-03 10:56:43'),
(63, 44, 0, 2, 31, '订单评价获得', 1, '2016-11-03 10:56:43'),
(64, 41, 0, 2, 52, '订单评价获得', 1, '2016-11-03 10:56:43'),
(65, 44, 0, 2, 63, '订单评价获得', 1, '2016-11-03 10:56:43'),
(66, 44, 0, 2, 63, '订单评价获得', 1, '2016-11-03 10:56:43'),
(67, 44, 0, 2, 63, '订单评价获得', 1, '2016-11-03 10:56:43'),
(68, 44, 0, 2, 63, '订单评价获得', 1, '2016-11-03 10:56:43'),
(69, 44, 900, 1, 71, '交易获得', 1, '2016-11-03 11:05:13'),
(70, 44, 0, 2, 1, '订单评价获得', 1, '2016-11-03 11:36:20'),
(71, 44, 0, 2, 2, '订单评价获得', 1, '2016-11-03 11:36:20'),
(72, 41, 0, 2, 6, '订单评价获得', 1, '2016-11-03 11:36:20'),
(73, 44, 0, 2, 21, '订单评价获得', 1, '2016-11-03 11:36:20'),
(74, 41, 0, 2, 22, '订单评价获得', 1, '2016-11-03 11:36:20'),
(75, 47, 0, 2, 23, '订单评价获得', 1, '2016-11-03 11:36:20'),
(76, 47, 0, 2, 24, '订单评价获得', 1, '2016-11-03 11:36:21'),
(77, 47, 0, 2, 24, '订单评价获得', 1, '2016-11-03 11:36:21'),
(78, 47, 0, 2, 25, '订单评价获得', 1, '2016-11-03 11:36:21'),
(79, 47, 0, 2, 25, '订单评价获得', 1, '2016-11-03 11:36:21'),
(80, 41, 0, 2, 26, '订单评价获得', 1, '2016-11-03 11:36:21'),
(81, 47, 0, 2, 27, '订单评价获得', 1, '2016-11-03 11:36:21'),
(82, 44, 0, 2, 30, '订单评价获得', 1, '2016-11-03 11:36:21'),
(83, 44, 0, 2, 30, '订单评价获得', 1, '2016-11-03 11:36:21'),
(84, 44, 0, 2, 30, '订单评价获得', 1, '2016-11-03 11:36:21'),
(85, 44, 0, 2, 30, '订单评价获得', 1, '2016-11-03 11:36:21'),
(86, 44, 0, 2, 31, '订单评价获得', 1, '2016-11-03 11:36:21'),
(87, 44, 0, 2, 31, '订单评价获得', 1, '2016-11-03 11:36:21'),
(88, 41, 0, 2, 52, '订单评价获得', 1, '2016-11-03 11:36:21'),
(89, 44, 0, 2, 63, '订单评价获得', 1, '2016-11-03 11:36:21'),
(90, 44, 0, 2, 63, '订单评价获得', 1, '2016-11-03 11:36:21'),
(91, 44, 0, 2, 63, '订单评价获得', 1, '2016-11-03 11:36:21'),
(92, 44, 0, 2, 63, '订单评价获得', 1, '2016-11-03 11:36:21'),
(93, 44, 0, 2, 1, '订单评价获得', 1, '2016-11-03 17:03:12'),
(94, 44, 0, 2, 2, '订单评价获得', 1, '2016-11-03 17:03:12'),
(95, 41, 0, 2, 6, '订单评价获得', 1, '2016-11-03 17:03:12'),
(96, 44, 0, 2, 21, '订单评价获得', 1, '2016-11-03 17:03:12'),
(97, 41, 0, 2, 22, '订单评价获得', 1, '2016-11-03 17:03:12'),
(98, 47, 0, 2, 23, '订单评价获得', 1, '2016-11-03 17:03:12'),
(99, 47, 0, 2, 24, '订单评价获得', 1, '2016-11-03 17:03:13'),
(100, 47, 0, 2, 24, '订单评价获得', 1, '2016-11-03 17:03:13'),
(101, 47, 0, 2, 25, '订单评价获得', 1, '2016-11-03 17:03:13'),
(102, 47, 0, 2, 25, '订单评价获得', 1, '2016-11-03 17:03:13'),
(103, 41, 0, 2, 26, '订单评价获得', 1, '2016-11-03 17:03:13'),
(104, 47, 0, 2, 27, '订单评价获得', 1, '2016-11-03 17:03:13'),
(105, 44, 0, 2, 30, '订单评价获得', 1, '2016-11-03 17:03:13'),
(106, 44, 0, 2, 30, '订单评价获得', 1, '2016-11-03 17:03:13'),
(107, 44, 0, 2, 30, '订单评价获得', 1, '2016-11-03 17:03:13'),
(108, 44, 0, 2, 30, '订单评价获得', 1, '2016-11-03 17:03:13'),
(109, 44, 0, 2, 31, '订单评价获得', 1, '2016-11-03 17:03:13'),
(110, 44, 0, 2, 31, '订单评价获得', 1, '2016-11-03 17:03:13'),
(111, 41, 0, 2, 52, '订单评价获得', 1, '2016-11-03 17:03:13'),
(112, 44, 0, 2, 63, '订单评价获得', 1, '2016-11-03 17:03:13'),
(113, 44, 0, 2, 63, '订单评价获得', 1, '2016-11-03 17:03:13'),
(114, 44, 0, 2, 63, '订单评价获得', 1, '2016-11-03 17:03:13'),
(115, 44, 0, 2, 63, '订单评价获得', 1, '2016-11-03 17:03:13'),
(116, 41, 100, 1, 18, '交易获得', 1, '2016-11-03 17:43:25'),
(117, 44, 0, 2, 1, '订单评价获得', 1, '2016-11-04 08:47:02'),
(118, 44, 0, 2, 2, '订单评价获得', 1, '2016-11-04 08:47:02'),
(119, 41, 0, 2, 6, '订单评价获得', 1, '2016-11-04 08:47:02'),
(120, 41, 0, 2, 17, '订单评价获得', 1, '2016-11-04 08:47:02'),
(121, 41, 0, 2, 19, '订单评价获得', 1, '2016-11-04 08:47:02'),
(122, 41, 0, 2, 20, '订单评价获得', 1, '2016-11-04 08:47:02'),
(123, 44, 0, 2, 21, '订单评价获得', 1, '2016-11-04 08:47:02'),
(124, 41, 0, 2, 22, '订单评价获得', 1, '2016-11-04 08:47:02'),
(125, 47, 0, 2, 23, '订单评价获得', 1, '2016-11-04 08:47:02'),
(126, 47, 0, 2, 24, '订单评价获得', 1, '2016-11-04 08:47:02'),
(127, 47, 0, 2, 24, '订单评价获得', 1, '2016-11-04 08:47:02'),
(128, 47, 0, 2, 25, '订单评价获得', 1, '2016-11-04 08:47:02'),
(129, 47, 0, 2, 25, '订单评价获得', 1, '2016-11-04 08:47:02'),
(130, 41, 0, 2, 26, '订单评价获得', 1, '2016-11-04 08:47:02'),
(131, 47, 0, 2, 27, '订单评价获得', 1, '2016-11-04 08:47:02'),
(132, 44, 0, 2, 30, '订单评价获得', 1, '2016-11-04 08:47:02'),
(133, 44, 0, 2, 30, '订单评价获得', 1, '2016-11-04 08:47:02'),
(134, 44, 0, 2, 30, '订单评价获得', 1, '2016-11-04 08:47:02'),
(135, 44, 0, 2, 30, '订单评价获得', 1, '2016-11-04 08:47:02'),
(136, 44, 0, 2, 31, '订单评价获得', 1, '2016-11-04 08:47:02'),
(137, 44, 0, 2, 31, '订单评价获得', 1, '2016-11-04 08:47:02'),
(138, 41, 0, 2, 52, '订单评价获得', 1, '2016-11-04 08:47:02'),
(139, 41, 0, 2, 62, '订单评价获得', 1, '2016-11-04 08:47:02'),
(140, 44, 0, 2, 63, '订单评价获得', 1, '2016-11-04 08:47:02'),
(141, 44, 0, 2, 63, '订单评价获得', 1, '2016-11-04 08:47:02'),
(142, 44, 0, 2, 63, '订单评价获得', 1, '2016-11-04 08:47:02'),
(143, 44, 0, 2, 63, '订单评价获得', 1, '2016-11-04 08:47:02'),
(144, 44, 0, 2, 64, '订单评价获得', 1, '2016-11-04 08:47:02'),
(145, 44, 0, 2, 65, '订单评价获得', 1, '2016-11-04 08:47:02'),
(146, 44, 0, 2, 67, '订单评价获得', 1, '2016-11-04 08:47:02'),
(147, 44, 0, 2, 67, '订单评价获得', 1, '2016-11-04 08:47:02'),
(148, 44, 0, 2, 67, '订单评价获得', 1, '2016-11-04 08:47:02'),
(149, 44, 0, 2, 67, '订单评价获得', 1, '2016-11-04 08:47:02'),
(150, 44, 0, 2, 1, '订单评价获得', 1, '2016-11-04 08:46:44'),
(151, 44, 0, 2, 2, '订单评价获得', 1, '2016-11-04 08:46:44'),
(152, 41, 0, 2, 6, '订单评价获得', 1, '2016-11-04 08:46:44'),
(153, 41, 0, 2, 17, '订单评价获得', 1, '2016-11-04 08:46:44'),
(154, 41, 0, 2, 19, '订单评价获得', 1, '2016-11-04 08:46:44'),
(155, 41, 0, 2, 20, '订单评价获得', 1, '2016-11-04 08:46:44'),
(156, 44, 0, 2, 21, '订单评价获得', 1, '2016-11-04 08:46:44'),
(157, 41, 0, 2, 22, '订单评价获得', 1, '2016-11-04 08:46:44'),
(158, 47, 0, 2, 23, '订单评价获得', 1, '2016-11-04 08:46:44'),
(159, 47, 0, 2, 24, '订单评价获得', 1, '2016-11-04 08:46:44'),
(160, 47, 0, 2, 24, '订单评价获得', 1, '2016-11-04 08:46:44'),
(161, 47, 0, 2, 25, '订单评价获得', 1, '2016-11-04 08:46:45'),
(162, 47, 0, 2, 25, '订单评价获得', 1, '2016-11-04 08:46:45'),
(163, 41, 0, 2, 26, '订单评价获得', 1, '2016-11-04 08:46:45'),
(164, 47, 0, 2, 27, '订单评价获得', 1, '2016-11-04 08:46:45'),
(165, 44, 0, 2, 30, '订单评价获得', 1, '2016-11-04 08:46:45'),
(166, 44, 0, 2, 30, '订单评价获得', 1, '2016-11-04 08:46:45'),
(167, 44, 0, 2, 30, '订单评价获得', 1, '2016-11-04 08:46:45'),
(168, 44, 0, 2, 30, '订单评价获得', 1, '2016-11-04 08:46:45'),
(169, 44, 0, 2, 31, '订单评价获得', 1, '2016-11-04 08:46:45'),
(170, 44, 0, 2, 31, '订单评价获得', 1, '2016-11-04 08:46:45'),
(171, 41, 0, 2, 52, '订单评价获得', 1, '2016-11-04 08:46:45'),
(172, 41, 0, 2, 62, '订单评价获得', 1, '2016-11-04 08:46:45'),
(173, 44, 0, 2, 63, '订单评价获得', 1, '2016-11-04 08:46:45'),
(174, 44, 0, 2, 63, '订单评价获得', 1, '2016-11-04 08:46:45'),
(175, 44, 0, 2, 63, '订单评价获得', 1, '2016-11-04 08:46:45'),
(176, 44, 0, 2, 63, '订单评价获得', 1, '2016-11-04 08:46:45'),
(177, 44, 0, 2, 64, '订单评价获得', 1, '2016-11-04 08:46:45'),
(178, 44, 0, 2, 65, '订单评价获得', 1, '2016-11-04 08:46:45'),
(179, 44, 0, 2, 67, '订单评价获得', 1, '2016-11-04 08:46:46'),
(180, 44, 0, 2, 67, '订单评价获得', 1, '2016-11-04 08:46:46'),
(181, 44, 0, 2, 67, '订单评价获得', 1, '2016-11-04 08:46:46'),
(182, 44, 0, 2, 67, '订单评价获得', 1, '2016-11-04 08:46:46'),
(183, 44, 0, 2, 1, '订单评价获得', 1, '2016-11-04 08:52:19'),
(184, 44, 0, 2, 2, '订单评价获得', 1, '2016-11-04 08:52:19'),
(185, 41, 0, 2, 6, '订单评价获得', 1, '2016-11-04 08:52:19'),
(186, 41, 0, 2, 17, '订单评价获得', 1, '2016-11-04 08:52:19'),
(187, 41, 0, 2, 19, '订单评价获得', 1, '2016-11-04 08:52:19'),
(188, 41, 0, 2, 20, '订单评价获得', 1, '2016-11-04 08:52:19'),
(189, 44, 0, 2, 21, '订单评价获得', 1, '2016-11-04 08:52:19'),
(190, 41, 0, 2, 22, '订单评价获得', 1, '2016-11-04 08:52:19'),
(191, 47, 0, 2, 23, '订单评价获得', 1, '2016-11-04 08:52:19'),
(192, 47, 0, 2, 24, '订单评价获得', 1, '2016-11-04 08:52:19'),
(193, 47, 0, 2, 24, '订单评价获得', 1, '2016-11-04 08:52:19'),
(194, 47, 0, 2, 25, '订单评价获得', 1, '2016-11-04 08:52:20'),
(195, 47, 0, 2, 25, '订单评价获得', 1, '2016-11-04 08:52:20'),
(196, 41, 0, 2, 26, '订单评价获得', 1, '2016-11-04 08:52:20'),
(197, 47, 0, 2, 27, '订单评价获得', 1, '2016-11-04 08:52:20'),
(198, 44, 0, 2, 30, '订单评价获得', 1, '2016-11-04 08:52:20'),
(199, 44, 0, 2, 30, '订单评价获得', 1, '2016-11-04 08:52:20'),
(200, 44, 0, 2, 30, '订单评价获得', 1, '2016-11-04 08:52:20'),
(201, 44, 0, 2, 30, '订单评价获得', 1, '2016-11-04 08:52:20'),
(202, 44, 0, 2, 31, '订单评价获得', 1, '2016-11-04 08:52:20'),
(203, 44, 0, 2, 31, '订单评价获得', 1, '2016-11-04 08:52:20'),
(204, 41, 0, 2, 52, '订单评价获得', 1, '2016-11-04 08:52:20'),
(205, 41, 0, 2, 62, '订单评价获得', 1, '2016-11-04 08:52:20'),
(206, 44, 0, 2, 63, '订单评价获得', 1, '2016-11-04 08:52:20'),
(207, 44, 0, 2, 63, '订单评价获得', 1, '2016-11-04 08:52:20'),
(208, 44, 0, 2, 63, '订单评价获得', 1, '2016-11-04 08:52:20'),
(209, 44, 0, 2, 63, '订单评价获得', 1, '2016-11-04 08:52:20'),
(210, 44, 0, 2, 64, '订单评价获得', 1, '2016-11-04 08:52:20'),
(211, 44, 0, 2, 65, '订单评价获得', 1, '2016-11-04 08:52:20'),
(212, 44, 0, 2, 67, '订单评价获得', 1, '2016-11-04 08:52:20'),
(213, 44, 0, 2, 67, '订单评价获得', 1, '2016-11-04 08:52:20'),
(214, 44, 0, 2, 67, '订单评价获得', 1, '2016-11-04 08:52:20'),
(215, 44, 0, 2, 67, '订单评价获得', 1, '2016-11-04 08:52:20'),
(216, 44, 0, 2, 1, '订单评价获得', 1, '2016-11-04 09:10:44'),
(217, 44, 0, 2, 2, '订单评价获得', 1, '2016-11-04 09:10:44'),
(218, 41, 0, 2, 6, '订单评价获得', 1, '2016-11-04 09:10:44'),
(219, 41, 0, 2, 17, '订单评价获得', 1, '2016-11-04 09:10:44'),
(220, 41, 0, 2, 19, '订单评价获得', 1, '2016-11-04 09:10:44'),
(221, 41, 0, 2, 20, '订单评价获得', 1, '2016-11-04 09:10:44'),
(222, 44, 0, 2, 21, '订单评价获得', 1, '2016-11-04 09:10:44'),
(223, 41, 0, 2, 22, '订单评价获得', 1, '2016-11-04 09:10:44'),
(224, 47, 0, 2, 23, '订单评价获得', 1, '2016-11-04 09:10:44'),
(225, 47, 0, 2, 24, '订单评价获得', 1, '2016-11-04 09:10:44'),
(226, 47, 0, 2, 24, '订单评价获得', 1, '2016-11-04 09:10:44'),
(227, 47, 0, 2, 25, '订单评价获得', 1, '2016-11-04 09:10:44'),
(228, 47, 0, 2, 25, '订单评价获得', 1, '2016-11-04 09:10:44'),
(229, 41, 0, 2, 26, '订单评价获得', 1, '2016-11-04 09:10:44'),
(230, 47, 0, 2, 27, '订单评价获得', 1, '2016-11-04 09:10:44'),
(231, 44, 0, 2, 30, '订单评价获得', 1, '2016-11-04 09:10:44'),
(232, 44, 0, 2, 30, '订单评价获得', 1, '2016-11-04 09:10:44'),
(233, 44, 0, 2, 30, '订单评价获得', 1, '2016-11-04 09:10:44'),
(234, 44, 0, 2, 30, '订单评价获得', 1, '2016-11-04 09:10:44'),
(235, 44, 0, 2, 31, '订单评价获得', 1, '2016-11-04 09:10:44'),
(236, 44, 0, 2, 31, '订单评价获得', 1, '2016-11-04 09:10:44'),
(237, 41, 0, 2, 52, '订单评价获得', 1, '2016-11-04 09:10:44'),
(238, 41, 0, 2, 62, '订单评价获得', 1, '2016-11-04 09:10:44'),
(239, 44, 0, 2, 63, '订单评价获得', 1, '2016-11-04 09:10:44'),
(240, 44, 0, 2, 63, '订单评价获得', 1, '2016-11-04 09:10:44'),
(241, 44, 0, 2, 63, '订单评价获得', 1, '2016-11-04 09:10:44'),
(242, 44, 0, 2, 63, '订单评价获得', 1, '2016-11-04 09:10:44'),
(243, 44, 0, 2, 64, '订单评价获得', 1, '2016-11-04 09:10:44'),
(244, 44, 0, 2, 65, '订单评价获得', 1, '2016-11-04 09:10:44'),
(245, 44, 0, 2, 67, '订单评价获得', 1, '2016-11-04 09:10:44'),
(246, 44, 0, 2, 67, '订单评价获得', 1, '2016-11-04 09:10:44'),
(247, 44, 0, 2, 67, '订单评价获得', 1, '2016-11-04 09:10:44'),
(248, 44, 0, 2, 67, '订单评价获得', 1, '2016-11-04 09:10:44'),
(249, 44, 0, 2, 1, '订单评价获得', 1, '2016-11-04 09:29:15'),
(250, 44, 0, 2, 2, '订单评价获得', 1, '2016-11-04 09:29:15'),
(251, 41, 0, 2, 6, '订单评价获得', 1, '2016-11-04 09:29:15'),
(252, 41, 0, 2, 17, '订单评价获得', 1, '2016-11-04 09:29:15'),
(253, 41, 0, 2, 19, '订单评价获得', 1, '2016-11-04 09:29:15'),
(254, 41, 0, 2, 20, '订单评价获得', 1, '2016-11-04 09:29:15'),
(255, 44, 0, 2, 21, '订单评价获得', 1, '2016-11-04 09:29:15'),
(256, 41, 0, 2, 22, '订单评价获得', 1, '2016-11-04 09:29:15'),
(257, 47, 0, 2, 23, '订单评价获得', 1, '2016-11-04 09:29:15'),
(258, 47, 0, 2, 24, '订单评价获得', 1, '2016-11-04 09:29:15'),
(259, 47, 0, 2, 24, '订单评价获得', 1, '2016-11-04 09:29:15'),
(260, 47, 0, 2, 25, '订单评价获得', 1, '2016-11-04 09:29:15'),
(261, 47, 0, 2, 25, '订单评价获得', 1, '2016-11-04 09:29:15'),
(262, 41, 0, 2, 26, '订单评价获得', 1, '2016-11-04 09:29:16'),
(263, 47, 0, 2, 27, '订单评价获得', 1, '2016-11-04 09:29:16'),
(264, 44, 0, 2, 30, '订单评价获得', 1, '2016-11-04 09:29:16'),
(265, 44, 0, 2, 30, '订单评价获得', 1, '2016-11-04 09:29:16'),
(266, 44, 0, 2, 30, '订单评价获得', 1, '2016-11-04 09:29:16'),
(267, 44, 0, 2, 30, '订单评价获得', 1, '2016-11-04 09:29:16'),
(268, 44, 0, 2, 31, '订单评价获得', 1, '2016-11-04 09:29:16'),
(269, 44, 0, 2, 31, '订单评价获得', 1, '2016-11-04 09:29:16'),
(270, 41, 0, 2, 52, '订单评价获得', 1, '2016-11-04 09:29:16'),
(271, 41, 0, 2, 62, '订单评价获得', 1, '2016-11-04 09:29:16'),
(272, 44, 0, 2, 63, '订单评价获得', 1, '2016-11-04 09:29:16'),
(273, 44, 0, 2, 63, '订单评价获得', 1, '2016-11-04 09:29:16'),
(274, 44, 0, 2, 63, '订单评价获得', 1, '2016-11-04 09:29:16'),
(275, 44, 0, 2, 63, '订单评价获得', 1, '2016-11-04 09:29:16'),
(276, 44, 0, 2, 64, '订单评价获得', 1, '2016-11-04 09:29:16'),
(277, 44, 0, 2, 65, '订单评价获得', 1, '2016-11-04 09:29:16'),
(278, 44, 0, 2, 67, '订单评价获得', 1, '2016-11-04 09:29:17'),
(279, 44, 0, 2, 67, '订单评价获得', 1, '2016-11-04 09:29:17'),
(280, 44, 0, 2, 67, '订单评价获得', 1, '2016-11-04 09:29:17'),
(281, 44, 0, 2, 67, '订单评价获得', 1, '2016-11-04 09:29:17'),
(282, 44, 0, 2, 1, '订单评价获得', 1, '2016-11-04 13:41:34'),
(283, 44, 0, 2, 2, '订单评价获得', 1, '2016-11-04 13:41:34'),
(284, 41, 0, 2, 6, '订单评价获得', 1, '2016-11-04 13:41:34'),
(285, 41, 0, 2, 17, '订单评价获得', 1, '2016-11-04 13:41:34'),
(286, 41, 0, 2, 19, '订单评价获得', 1, '2016-11-04 13:41:34'),
(287, 41, 0, 2, 20, '订单评价获得', 1, '2016-11-04 13:41:35'),
(288, 44, 0, 2, 21, '订单评价获得', 1, '2016-11-04 13:41:35'),
(289, 41, 0, 2, 22, '订单评价获得', 1, '2016-11-04 13:41:35'),
(290, 47, 0, 2, 23, '订单评价获得', 1, '2016-11-04 13:41:35'),
(291, 47, 0, 2, 24, '订单评价获得', 1, '2016-11-04 13:41:35'),
(292, 47, 0, 2, 24, '订单评价获得', 1, '2016-11-04 13:41:35'),
(293, 47, 0, 2, 25, '订单评价获得', 1, '2016-11-04 13:41:35'),
(294, 47, 0, 2, 25, '订单评价获得', 1, '2016-11-04 13:41:35'),
(295, 41, 0, 2, 26, '订单评价获得', 1, '2016-11-04 13:41:35'),
(296, 47, 0, 2, 27, '订单评价获得', 1, '2016-11-04 13:41:35'),
(297, 44, 0, 2, 30, '订单评价获得', 1, '2016-11-04 13:41:35'),
(298, 44, 0, 2, 30, '订单评价获得', 1, '2016-11-04 13:41:35'),
(299, 44, 0, 2, 30, '订单评价获得', 1, '2016-11-04 13:41:35'),
(300, 44, 0, 2, 30, '订单评价获得', 1, '2016-11-04 13:41:35'),
(301, 44, 0, 2, 31, '订单评价获得', 1, '2016-11-04 13:41:36'),
(302, 44, 0, 2, 31, '订单评价获得', 1, '2016-11-04 13:41:36'),
(303, 41, 0, 2, 52, '订单评价获得', 1, '2016-11-04 13:41:36'),
(304, 41, 0, 2, 62, '订单评价获得', 1, '2016-11-04 13:41:36'),
(305, 44, 0, 2, 63, '订单评价获得', 1, '2016-11-04 13:41:36'),
(306, 44, 0, 2, 63, '订单评价获得', 1, '2016-11-04 13:41:36'),
(307, 44, 0, 2, 63, '订单评价获得', 1, '2016-11-04 13:41:36'),
(308, 44, 0, 2, 63, '订单评价获得', 1, '2016-11-04 13:41:36'),
(309, 44, 0, 2, 64, '订单评价获得', 1, '2016-11-04 13:41:36'),
(310, 44, 0, 2, 65, '订单评价获得', 1, '2016-11-04 13:41:36'),
(311, 44, 0, 2, 67, '订单评价获得', 1, '2016-11-04 13:41:36'),
(312, 44, 0, 2, 67, '订单评价获得', 1, '2016-11-04 13:41:36'),
(313, 44, 0, 2, 67, '订单评价获得', 1, '2016-11-04 13:41:36'),
(314, 44, 0, 2, 67, '订单评价获得', 1, '2016-11-04 13:41:37'),
(315, 44, 0, 2, 1, '订单评价获得', 1, '2016-11-04 14:17:09'),
(316, 44, 0, 2, 2, '订单评价获得', 1, '2016-11-04 14:17:09'),
(317, 41, 0, 2, 6, '订单评价获得', 1, '2016-11-04 14:17:09'),
(318, 41, 0, 2, 17, '订单评价获得', 1, '2016-11-04 14:17:09'),
(319, 41, 0, 2, 19, '订单评价获得', 1, '2016-11-04 14:17:09'),
(320, 41, 0, 2, 20, '订单评价获得', 1, '2016-11-04 14:17:09'),
(321, 44, 0, 2, 21, '订单评价获得', 1, '2016-11-04 14:17:09'),
(322, 41, 0, 2, 22, '订单评价获得', 1, '2016-11-04 14:17:09'),
(323, 47, 0, 2, 23, '订单评价获得', 1, '2016-11-04 14:17:09'),
(324, 47, 0, 2, 24, '订单评价获得', 1, '2016-11-04 14:17:09'),
(325, 47, 0, 2, 24, '订单评价获得', 1, '2016-11-04 14:17:10'),
(326, 47, 0, 2, 25, '订单评价获得', 1, '2016-11-04 14:17:10'),
(327, 47, 0, 2, 25, '订单评价获得', 1, '2016-11-04 14:17:10'),
(328, 41, 0, 2, 26, '订单评价获得', 1, '2016-11-04 14:17:10'),
(329, 47, 0, 2, 27, '订单评价获得', 1, '2016-11-04 14:17:10'),
(330, 44, 0, 2, 30, '订单评价获得', 1, '2016-11-04 14:17:10'),
(331, 44, 0, 2, 30, '订单评价获得', 1, '2016-11-04 14:17:10'),
(332, 44, 0, 2, 30, '订单评价获得', 1, '2016-11-04 14:17:10'),
(333, 44, 0, 2, 30, '订单评价获得', 1, '2016-11-04 14:17:10'),
(334, 44, 0, 2, 31, '订单评价获得', 1, '2016-11-04 14:17:10'),
(335, 44, 0, 2, 31, '订单评价获得', 1, '2016-11-04 14:17:10'),
(336, 41, 0, 2, 52, '订单评价获得', 1, '2016-11-04 14:17:10'),
(337, 41, 0, 2, 62, '订单评价获得', 1, '2016-11-04 14:17:10'),
(338, 44, 0, 2, 63, '订单评价获得', 1, '2016-11-04 14:17:10'),
(339, 44, 0, 2, 63, '订单评价获得', 1, '2016-11-04 14:17:10'),
(340, 44, 0, 2, 63, '订单评价获得', 1, '2016-11-04 14:17:10'),
(341, 44, 0, 2, 63, '订单评价获得', 1, '2016-11-04 14:17:10'),
(342, 44, 0, 2, 64, '订单评价获得', 1, '2016-11-04 14:17:10'),
(343, 44, 0, 2, 65, '订单评价获得', 1, '2016-11-04 14:17:10'),
(344, 44, 0, 2, 67, '订单评价获得', 1, '2016-11-04 14:17:10'),
(345, 44, 0, 2, 67, '订单评价获得', 1, '2016-11-04 14:17:10'),
(346, 44, 0, 2, 67, '订单评价获得', 1, '2016-11-04 14:17:10'),
(347, 44, 0, 2, 67, '订单评价获得', 1, '2016-11-04 14:17:10');

-- --------------------------------------------------------

--
-- Table structure for table `wst_vip_card`
--

CREATE TABLE `wst_vip_card` (
  `cardId` int(11) NOT NULL,
  `userId` int(11) DEFAULT NULL,
  `cardNumber` int(11) DEFAULT NULL,
  `cardPassword` varchar(50) DEFAULT NULL,
  `startTime` timestamp NOT NULL DEFAULT CURRENT_TIMESTAMP,
  `cardYeae` int(11) DEFAULT NULL,
  `endTime` datetime DEFAULT NULL,
  `isActivated` int(11) DEFAULT NULL,
  `vipId` int(11) NOT NULL
) ENGINE=InnoDB DEFAULT CHARSET=utf8 COMMENT='会员卡表';

--
-- Indexes for dumped tables
--

--
-- Indexes for table `wst_ads`
--
ALTER TABLE `wst_ads`
  ADD PRIMARY KEY (`adId`),
  ADD KEY `adPositionId` (`adPositionId`,`areaId1`,`areaId2`,`adStartDate`,`adEndDate`),
  ADD KEY `adPositionId_2` (`adPositionId`,`areaId1`,`areaId2`);

--
-- Indexes for table `wst_ad_positions`
--
ALTER TABLE `wst_ad_positions`
  ADD PRIMARY KEY (`positionId`);

--
-- Indexes for table `wst_areas`
--
ALTER TABLE `wst_areas`
  ADD PRIMARY KEY (`areaId`),
  ADD KEY `isShow` (`isShow`,`areaFlag`),
  ADD KEY `areaType` (`areaType`),
  ADD KEY `parentId` (`parentId`);

--
-- Indexes for table `wst_articles`
--
ALTER TABLE `wst_articles`
  ADD PRIMARY KEY (`articleId`),
  ADD KEY `catId` (`catId`,`isShow`);

--
-- Indexes for table `wst_article_cats`
--
ALTER TABLE `wst_article_cats`
  ADD PRIMARY KEY (`catId`),
  ADD KEY `isShow` (`catType`,`catFlag`,`isShow`) USING BTREE,
  ADD KEY `parentId` (`catFlag`,`parentId`) USING BTREE;

--
-- Indexes for table `wst_attributes`
--
ALTER TABLE `wst_attributes`
  ADD PRIMARY KEY (`attrId`),
  ADD KEY `shopId` (`shopId`,`catId`,`attrFlag`);

--
-- Indexes for table `wst_attribute_cats`
--
ALTER TABLE `wst_attribute_cats`
  ADD PRIMARY KEY (`catId`),
  ADD KEY `shopId` (`shopId`,`catFlag`);

--
-- Indexes for table `wst_banks`
--
ALTER TABLE `wst_banks`
  ADD PRIMARY KEY (`bankId`),
  ADD KEY `bankFlag` (`bankFlag`);

--
-- Indexes for table `wst_brands`
--
ALTER TABLE `wst_brands`
  ADD PRIMARY KEY (`brandId`),
  ADD KEY `brandFlag` (`brandFlag`);

--
-- Indexes for table `wst_cart`
--
ALTER TABLE `wst_cart`
  ADD PRIMARY KEY (`cartId`);

--
-- Indexes for table `wst_communitys`
--
ALTER TABLE `wst_communitys`
  ADD PRIMARY KEY (`communityId`),
  ADD KEY `isShow` (`isShow`,`communityFlag`),
  ADD KEY `areaId1` (`areaId1`) USING BTREE,
  ADD KEY `areaId2` (`areaId2`),
  ADD KEY `areaId3` (`areaId3`);

--
-- Indexes for table `wst_favorites`
--
ALTER TABLE `wst_favorites`
  ADD PRIMARY KEY (`favoriteId`),
  ADD UNIQUE KEY `favoriteId` (`userId`,`favoriteType`,`targetId`) USING BTREE,
  ADD KEY `userId` (`userId`,`favoriteType`);

--
-- Indexes for table `wst_feedbacks`
--
ALTER TABLE `wst_feedbacks`
  ADD PRIMARY KEY (`feedbackId`),
  ADD KEY `feedbackType` (`feedbackType`);

--
-- Indexes for table `wst_friendlinks`
--
ALTER TABLE `wst_friendlinks`
  ADD PRIMARY KEY (`friendlinkId`);

--
-- Indexes for table `wst_goods`
--
ALTER TABLE `wst_goods`
  ADD PRIMARY KEY (`goodsId`),
  ADD KEY `shopId` (`shopId`) USING BTREE,
  ADD KEY `goodsStatus` (`goodsStatus`,`goodsFlag`,`isSale`) USING BTREE;

--
-- Indexes for table `wst_goods_appraises`
--
ALTER TABLE `wst_goods_appraises`
  ADD PRIMARY KEY (`id`),
  ADD KEY `shopId` (`shopId`),
  ADD KEY `orderId` (`orderId`,`goodsId`,`goodsAttrId`) USING BTREE;

--
-- Indexes for table `wst_goods_attributes`
--
ALTER TABLE `wst_goods_attributes`
  ADD PRIMARY KEY (`id`),
  ADD KEY `shopId` (`shopId`),
  ADD KEY `goodsId` (`goodsId`) USING BTREE;

--
-- Indexes for table `wst_goods_cats`
--
ALTER TABLE `wst_goods_cats`
  ADD PRIMARY KEY (`catId`),
  ADD KEY `parentId` (`parentId`,`isShow`,`catFlag`) USING BTREE;

--
-- Indexes for table `wst_goods_cat_brands`
--
ALTER TABLE `wst_goods_cat_brands`
  ADD PRIMARY KEY (`id`),
  ADD KEY `catId` (`catId`);

--
-- Indexes for table `wst_goods_gallerys`
--
ALTER TABLE `wst_goods_gallerys`
  ADD PRIMARY KEY (`id`),
  ADD KEY `goodsId` (`goodsId`,`shopId`);

--
-- Indexes for table `wst_goods_relateds`
--
ALTER TABLE `wst_goods_relateds`
  ADD PRIMARY KEY (`id`);

--
-- Indexes for table `wst_goods_scores`
--
ALTER TABLE `wst_goods_scores`
  ADD PRIMARY KEY (`scoreId`),
  ADD KEY `goodsId` (`goodsId`,`shopId`);

--
-- Indexes for table `wst_log_operates`
--
ALTER TABLE `wst_log_operates`
  ADD PRIMARY KEY (`operateId`),
  ADD KEY `operateTime` (`operateTime`);

--
-- Indexes for table `wst_log_orders`
--
ALTER TABLE `wst_log_orders`
  ADD PRIMARY KEY (`logId`),
  ADD KEY `orderId` (`orderId`);

--
-- Indexes for table `wst_log_sms`
--
ALTER TABLE `wst_log_sms`
  ADD PRIMARY KEY (`smsId`),
  ADD KEY `smsPhoneNumber` (`smsPhoneNumber`),
  ADD KEY `smsIP` (`smsIP`);

--
-- Indexes for table `wst_log_staff_logins`
--
ALTER TABLE `wst_log_staff_logins`
  ADD PRIMARY KEY (`loginId`),
  ADD KEY `loginTime` (`loginTime`),
  ADD KEY `staffId` (`staffId`);

--
-- Indexes for table `wst_log_sys_moneys`
--
ALTER TABLE `wst_log_sys_moneys`
  ADD PRIMARY KEY (`moneyId`),
  ADD KEY `targetType` (`targetType`,`targetId`),
  ADD KEY `dataSrc` (`dataSrc`);

--
-- Indexes for table `wst_log_user_logins`
--
ALTER TABLE `wst_log_user_logins`
  ADD PRIMARY KEY (`loginId`),
  ADD KEY `loginTime` (`loginTime`),
  ADD KEY `userId` (`userId`);

--
-- Indexes for table `wst_messages`
--
ALTER TABLE `wst_messages`
  ADD PRIMARY KEY (`id`),
  ADD KEY `receiveUserId` (`receiveUserId`);

--
-- Indexes for table `wst_navs`
--
ALTER TABLE `wst_navs`
  ADD PRIMARY KEY (`id`);

--
-- Indexes for table `wst_orderids`
--
ALTER TABLE `wst_orderids`
  ADD PRIMARY KEY (`id`);

--
-- Indexes for table `wst_orders`
--
ALTER TABLE `wst_orders`
  ADD PRIMARY KEY (`orderId`),
  ADD KEY `shopId` (`shopId`,`orderFlag`),
  ADD KEY `userId` (`userId`,`orderFlag`),
  ADD KEY `isRefund` (`isRefund`);

--
-- Indexes for table `wst_order_complains`
--
ALTER TABLE `wst_order_complains`
  ADD PRIMARY KEY (`complainId`),
  ADD KEY `complainStatus` (`complainStatus`),
  ADD KEY `orderId_2` (`orderId`) USING BTREE;

--
-- Indexes for table `wst_order_goods`
--
ALTER TABLE `wst_order_goods`
  ADD PRIMARY KEY (`id`),
  ADD KEY `goodsId` (`goodsId`),
  ADD KEY `orderId` (`orderId`);

--
-- Indexes for table `wst_order_reminds`
--
ALTER TABLE `wst_order_reminds`
  ADD PRIMARY KEY (`remindId`),
  ADD KEY `shopId` (`shopId`,`remindType`);

--
-- Indexes for table `wst_order_settlements`
--
ALTER TABLE `wst_order_settlements`
  ADD PRIMARY KEY (`settlementId`),
  ADD KEY `shopId` (`shopId`),
  ADD KEY `isFinish` (`isFinish`),
  ADD KEY `settlementNo` (`settlementNo`);

--
-- Indexes for table `wst_payments`
--
ALTER TABLE `wst_payments`
  ADD PRIMARY KEY (`id`),
  ADD KEY `payCode` (`payCode`,`enabled`,`isOnline`);

--
-- Indexes for table `wst_roles`
--
ALTER TABLE `wst_roles`
  ADD PRIMARY KEY (`roleId`),
  ADD KEY `roleFlag` (`roleFlag`);

--
-- Indexes for table `wst_shops`
--
ALTER TABLE `wst_shops`
  ADD PRIMARY KEY (`shopId`),
  ADD KEY `areaId1` (`areaId2`) USING BTREE,
  ADD KEY `shopStatus` (`shopStatus`,`shopFlag`) USING BTREE;

--
-- Indexes for table `wst_shops_cats`
--
ALTER TABLE `wst_shops_cats`
  ADD PRIMARY KEY (`catId`),
  ADD KEY `parentId` (`isShow`,`catFlag`) USING BTREE,
  ADD KEY `shopId` (`shopId`,`catFlag`);

--
-- Indexes for table `wst_shops_communitys`
--
ALTER TABLE `wst_shops_communitys`
  ADD PRIMARY KEY (`id`),
  ADD KEY `shopId` (`shopId`),
  ADD KEY `communityId` (`communityId`);

--
-- Indexes for table `wst_shop_configs`
--
ALTER TABLE `wst_shop_configs`
  ADD PRIMARY KEY (`configId`),
  ADD KEY `shopId` (`shopId`);

--
-- Indexes for table `wst_shop_scores`
--
ALTER TABLE `wst_shop_scores`
  ADD PRIMARY KEY (`scoreId`),
  ADD UNIQUE KEY `shopId` (`shopId`) USING BTREE;

--
-- Indexes for table `wst_staffs`
--
ALTER TABLE `wst_staffs`
  ADD PRIMARY KEY (`staffId`),
  ADD KEY `loginName` (`loginName`),
  ADD KEY `staffStatus` (`staffStatus`,`staffFlag`);

--
-- Indexes for table `wst_sys_configs`
--
ALTER TABLE `wst_sys_configs`
  ADD PRIMARY KEY (`configId`),
  ADD KEY `parentId` (`parentId`);

--
-- Indexes for table `wst_users`
--
ALTER TABLE `wst_users`
  ADD PRIMARY KEY (`userId`),
  ADD KEY `userStatus` (`userStatus`,`userFlag`),
  ADD KEY `loginName` (`loginName`),
  ADD KEY `userPhone` (`userPhone`),
  ADD KEY `userEmail` (`userEmail`),
  ADD KEY `userType` (`userType`,`userFlag`);

--
-- Indexes for table `wst_user_address`
--
ALTER TABLE `wst_user_address`
  ADD PRIMARY KEY (`addressId`),
  ADD KEY `userId` (`userId`,`addressFlag`);

--
-- Indexes for table `wst_user_ranks`
--
ALTER TABLE `wst_user_ranks`
  ADD PRIMARY KEY (`rankId`),
  ADD KEY `startScore` (`startScore`,`endScore`);

--
-- Indexes for table `wst_user_score`
--
ALTER TABLE `wst_user_score`
  ADD PRIMARY KEY (`scoreId`),
  ADD KEY `userId` (`userId`),
  ADD KEY `userId_2` (`userId`,`dataSrc`);

--
-- Indexes for table `wst_vip_card`
--
ALTER TABLE `wst_vip_card`
  ADD PRIMARY KEY (`vipId`);

--
-- AUTO_INCREMENT for dumped tables
--

--
-- AUTO_INCREMENT for table `wst_ads`
--
ALTER TABLE `wst_ads`
  MODIFY `adId` int(11) NOT NULL AUTO_INCREMENT, AUTO_INCREMENT=28;
--
-- AUTO_INCREMENT for table `wst_ad_positions`
--
ALTER TABLE `wst_ad_positions`
  MODIFY `positionId` int(11) NOT NULL AUTO_INCREMENT, AUTO_INCREMENT=8;
--
-- AUTO_INCREMENT for table `wst_areas`
--
ALTER TABLE `wst_areas`
  MODIFY `areaId` int(11) NOT NULL AUTO_INCREMENT, AUTO_INCREMENT=820302;
--
-- AUTO_INCREMENT for table `wst_articles`
--
ALTER TABLE `wst_articles`
  MODIFY `articleId` int(11) NOT NULL AUTO_INCREMENT, AUTO_INCREMENT=17;
--
-- AUTO_INCREMENT for table `wst_article_cats`
--
ALTER TABLE `wst_article_cats`
  MODIFY `catId` int(11) NOT NULL AUTO_INCREMENT, AUTO_INCREMENT=11;
--
-- AUTO_INCREMENT for table `wst_attributes`
--
ALTER TABLE `wst_attributes`
  MODIFY `attrId` int(11) NOT NULL AUTO_INCREMENT, AUTO_INCREMENT=8;
--
-- AUTO_INCREMENT for table `wst_attribute_cats`
--
ALTER TABLE `wst_attribute_cats`
  MODIFY `catId` int(11) NOT NULL AUTO_INCREMENT, AUTO_INCREMENT=3;
--
-- AUTO_INCREMENT for table `wst_banks`
--
ALTER TABLE `wst_banks`
  MODIFY `bankId` int(11) NOT NULL AUTO_INCREMENT, AUTO_INCREMENT=25;
--
-- AUTO_INCREMENT for table `wst_brands`
--
ALTER TABLE `wst_brands`
  MODIFY `brandId` int(11) NOT NULL AUTO_INCREMENT, AUTO_INCREMENT=60;
--
-- AUTO_INCREMENT for table `wst_cart`
--
ALTER TABLE `wst_cart`
  MODIFY `cartId` int(11) NOT NULL AUTO_INCREMENT, AUTO_INCREMENT=722;
--
-- AUTO_INCREMENT for table `wst_communitys`
--
ALTER TABLE `wst_communitys`
  MODIFY `communityId` int(11) NOT NULL AUTO_INCREMENT, AUTO_INCREMENT=28;
--
-- AUTO_INCREMENT for table `wst_favorites`
--
ALTER TABLE `wst_favorites`
  MODIFY `favoriteId` int(11) NOT NULL AUTO_INCREMENT, AUTO_INCREMENT=30;
--
-- AUTO_INCREMENT for table `wst_feedbacks`
--
ALTER TABLE `wst_feedbacks`
  MODIFY `feedbackId` int(11) NOT NULL AUTO_INCREMENT;
--
-- AUTO_INCREMENT for table `wst_friendlinks`
--
ALTER TABLE `wst_friendlinks`
  MODIFY `friendlinkId` int(11) NOT NULL AUTO_INCREMENT, AUTO_INCREMENT=2;
--
-- AUTO_INCREMENT for table `wst_goods`
--
ALTER TABLE `wst_goods`
  MODIFY `goodsId` int(11) NOT NULL AUTO_INCREMENT, AUTO_INCREMENT=284;
--
-- AUTO_INCREMENT for table `wst_goods_appraises`
--
ALTER TABLE `wst_goods_appraises`
  MODIFY `id` int(11) NOT NULL AUTO_INCREMENT, AUTO_INCREMENT=371;
--
-- AUTO_INCREMENT for table `wst_goods_attributes`
--
ALTER TABLE `wst_goods_attributes`
  MODIFY `id` int(11) NOT NULL AUTO_INCREMENT, AUTO_INCREMENT=29;
--
-- AUTO_INCREMENT for table `wst_goods_cats`
--
ALTER TABLE `wst_goods_cats`
  MODIFY `catId` int(11) NOT NULL AUTO_INCREMENT, AUTO_INCREMENT=384;
--
-- AUTO_INCREMENT for table `wst_goods_cat_brands`
--
ALTER TABLE `wst_goods_cat_brands`
  MODIFY `id` int(11) NOT NULL AUTO_INCREMENT, AUTO_INCREMENT=43;
--
-- AUTO_INCREMENT for table `wst_goods_gallerys`
--
ALTER TABLE `wst_goods_gallerys`
  MODIFY `id` int(11) NOT NULL AUTO_INCREMENT, AUTO_INCREMENT=494;
--
-- AUTO_INCREMENT for table `wst_goods_relateds`
--
ALTER TABLE `wst_goods_relateds`
  MODIFY `id` int(11) NOT NULL AUTO_INCREMENT;
--
-- AUTO_INCREMENT for table `wst_goods_scores`
--
ALTER TABLE `wst_goods_scores`
  MODIFY `scoreId` int(11) NOT NULL AUTO_INCREMENT, AUTO_INCREMENT=42;
--
-- AUTO_INCREMENT for table `wst_log_operates`
--
ALTER TABLE `wst_log_operates`
  MODIFY `operateId` int(11) NOT NULL AUTO_INCREMENT;
--
-- AUTO_INCREMENT for table `wst_log_orders`
--
ALTER TABLE `wst_log_orders`
  MODIFY `logId` int(11) NOT NULL AUTO_INCREMENT, AUTO_INCREMENT=245;
--
-- AUTO_INCREMENT for table `wst_log_sms`
--
ALTER TABLE `wst_log_sms`
  MODIFY `smsId` int(11) NOT NULL AUTO_INCREMENT;
--
-- AUTO_INCREMENT for table `wst_log_staff_logins`
--
ALTER TABLE `wst_log_staff_logins`
  MODIFY `loginId` int(11) NOT NULL AUTO_INCREMENT, AUTO_INCREMENT=232;
--
-- AUTO_INCREMENT for table `wst_log_sys_moneys`
--
ALTER TABLE `wst_log_sys_moneys`
  MODIFY `moneyId` int(11) NOT NULL AUTO_INCREMENT, AUTO_INCREMENT=25;
--
-- AUTO_INCREMENT for table `wst_log_user_logins`
--
ALTER TABLE `wst_log_user_logins`
  MODIFY `loginId` int(11) NOT NULL AUTO_INCREMENT, AUTO_INCREMENT=279;
--
-- AUTO_INCREMENT for table `wst_messages`
--
ALTER TABLE `wst_messages`
  MODIFY `id` int(11) NOT NULL AUTO_INCREMENT;
--
-- AUTO_INCREMENT for table `wst_navs`
--
ALTER TABLE `wst_navs`
  MODIFY `id` int(11) NOT NULL AUTO_INCREMENT, AUTO_INCREMENT=14;
--
-- AUTO_INCREMENT for table `wst_orderids`
--
ALTER TABLE `wst_orderids`
  MODIFY `id` bigint(11) NOT NULL AUTO_INCREMENT, AUTO_INCREMENT=100000119;
--
-- AUTO_INCREMENT for table `wst_orders`
--
ALTER TABLE `wst_orders`
  MODIFY `orderId` int(11) NOT NULL AUTO_INCREMENT, AUTO_INCREMENT=106;
--
-- AUTO_INCREMENT for table `wst_order_complains`
--
ALTER TABLE `wst_order_complains`
  MODIFY `complainId` int(11) NOT NULL AUTO_INCREMENT;
--
-- AUTO_INCREMENT for table `wst_order_goods`
--
ALTER TABLE `wst_order_goods`
  MODIFY `id` int(11) NOT NULL AUTO_INCREMENT, AUTO_INCREMENT=138;
--
-- AUTO_INCREMENT for table `wst_order_reminds`
--
ALTER TABLE `wst_order_reminds`
  MODIFY `remindId` int(11) NOT NULL AUTO_INCREMENT, AUTO_INCREMENT=48;
--
-- AUTO_INCREMENT for table `wst_order_settlements`
--
ALTER TABLE `wst_order_settlements`
  MODIFY `settlementId` int(11) NOT NULL AUTO_INCREMENT;
--
-- AUTO_INCREMENT for table `wst_payments`
--
ALTER TABLE `wst_payments`
  MODIFY `id` int(11) NOT NULL AUTO_INCREMENT, AUTO_INCREMENT=4;
--
-- AUTO_INCREMENT for table `wst_roles`
--
ALTER TABLE `wst_roles`
  MODIFY `roleId` int(11) NOT NULL AUTO_INCREMENT, AUTO_INCREMENT=5;
--
-- AUTO_INCREMENT for table `wst_shops`
--
ALTER TABLE `wst_shops`
  MODIFY `shopId` int(11) NOT NULL AUTO_INCREMENT, AUTO_INCREMENT=37;
--
-- AUTO_INCREMENT for table `wst_shops_cats`
--
ALTER TABLE `wst_shops_cats`
  MODIFY `catId` int(11) NOT NULL AUTO_INCREMENT, AUTO_INCREMENT=202;
--
-- AUTO_INCREMENT for table `wst_shops_communitys`
--
ALTER TABLE `wst_shops_communitys`
  MODIFY `id` int(11) NOT NULL AUTO_INCREMENT, AUTO_INCREMENT=532;
--
-- AUTO_INCREMENT for table `wst_shop_configs`
--
ALTER TABLE `wst_shop_configs`
  MODIFY `configId` int(11) NOT NULL AUTO_INCREMENT;
--
-- AUTO_INCREMENT for table `wst_shop_scores`
--
ALTER TABLE `wst_shop_scores`
  MODIFY `scoreId` int(11) NOT NULL AUTO_INCREMENT, AUTO_INCREMENT=34;
--
-- AUTO_INCREMENT for table `wst_staffs`
--
ALTER TABLE `wst_staffs`
  MODIFY `staffId` int(11) NOT NULL AUTO_INCREMENT, AUTO_INCREMENT=16;
--
-- AUTO_INCREMENT for table `wst_sys_configs`
--
ALTER TABLE `wst_sys_configs`
  MODIFY `configId` int(11) NOT NULL AUTO_INCREMENT COMMENT '自增ID', AUTO_INCREMENT=57;
--
-- AUTO_INCREMENT for table `wst_users`
--
ALTER TABLE `wst_users`
  MODIFY `userId` int(11) NOT NULL AUTO_INCREMENT, AUTO_INCREMENT=59;
--
-- AUTO_INCREMENT for table `wst_user_address`
--
ALTER TABLE `wst_user_address`
  MODIFY `addressId` int(11) NOT NULL AUTO_INCREMENT, AUTO_INCREMENT=227;
--
-- AUTO_INCREMENT for table `wst_user_ranks`
--
ALTER TABLE `wst_user_ranks`
  MODIFY `rankId` int(11) NOT NULL AUTO_INCREMENT, AUTO_INCREMENT=9;
--
-- AUTO_INCREMENT for table `wst_user_score`
--
ALTER TABLE `wst_user_score`
  MODIFY `scoreId` int(11) NOT NULL AUTO_INCREMENT, AUTO_INCREMENT=348;
--
-- AUTO_INCREMENT for table `wst_vip_card`
--
ALTER TABLE `wst_vip_card`
  MODIFY `vipId` int(11) NOT NULL AUTO_INCREMENT;